-- MyDAC version: 7.1.6
-- MySQL server version: 5.6.40
-- MySQL client version: 7.0.0 Direct
-- Script date 16.02.2019 2:11:29
-- ---------------------------------------------------------------------- 
-- Server: mysql-56074.srv.hoster.ru
-- Database: srv56074_clientcard

/*!40014 SET @OLD_FOREIGN_KEY_CHECKS=@@FOREIGN_KEY_CHECKS, FOREIGN_KEY_CHECKS=0 */;
/*!40101 SET @OLD_SQL_MODE=@@SQL_MODE, SQL_MODE='NO_AUTO_VALUE_ON_ZERO' */;
-- 
-- Database srv56074_clientcard structure
-- 

USE mysql;
DROP DATABASE IF EXISTS srv56074_clientcard;
CREATE DATABASE srv56074_clientcard;
USE srv56074_clientcard;

-- 
-- Table structure for table  admlogin
-- 

DROP TABLE IF EXISTS admlogin;
CREATE TABLE `admlogin` (
  `login` varchar(45) NOT NULL,
  `password` varchar(45) NOT NULL,
  PRIMARY KEY (`login`),
  UNIQUE KEY `login_UNIQUE` (`login`)
) ENGINE=InnoDB DEFAULT CHARSET=utf8;

-- 
-- Dumping data for table admlogin
-- 

LOCK TABLES admlogin WRITE;
INSERT INTO admlogin VALUES
  ('erot999@gmail.com', 'Bd14071978');
UNLOCK TABLES;

-- 
-- Table structure for table  agent_pay
-- 

DROP TABLE IF EXISTS agent_pay;
CREATE TABLE `agent_pay` (
  `agent_id` varchar(45) NOT NULL,
  `pdate` date NOT NULL,
  `summ` int(11) NOT NULL
) ENGINE=InnoDB DEFAULT CHARSET=utf8;

-- 
-- Dumping data for table agent_pay
-- 

LOCK TABLES agent_pay WRITE;
INSERT INTO agent_pay VALUES
  ('17003', '2018-01-29', 1200),
  ('17012', '2018-01-29', 800),
  ('17021', '2018-01-29', 50),
  ('17003', '2018-03-26', 800),
  ('17003', '2018-03-27', 3000),
  ('17003', '2018-04-16', 1000),
  ('17002', '2018-04-17', 3000),
  ('17002', '2018-04-19', 3000),
  ('17003', '2018-06-06', 1500);
UNLOCK TABLES;

-- 
-- Table structure for table  agentlogin
-- 

DROP TABLE IF EXISTS agentlogin;
CREATE TABLE `agentlogin` (
  `login` varchar(45) NOT NULL,
  `password` varchar(45) NOT NULL
) ENGINE=InnoDB DEFAULT CHARSET=utf8;

-- 
-- Dumping data for table agentlogin
-- 

LOCK TABLES agentlogin WRITE;
INSERT INTO agentlogin VALUES
  ('17001', '14071978'),
  ('17007', '14031955'),
  ('17002', '25021973'),
  ('17003', '07051974'),
  ('17004', '02121988'),
  ('17005', '30041974'),
  ('17006', '16081992'),
  ('17008', '08091963'),
  ('17009', '20051967'),
  ('17010', '12345'),
  ('17011', '54321'),
  ('17012', '1967'),
  ('17015', '12061970'),
  ('17014', '19061957'),
  ('17015', '6789'),
  ('17018', '22071978'),
  ('17021', '26101981'),
  ('17023', '27012000'),
  ('17022', '30121999');
UNLOCK TABLES;

-- 
-- Table structure for table  Agents
-- 

DROP TABLE IF EXISTS Agents;
CREATE TABLE `Agents` (
  `idAgents` int(11) NOT NULL,
  `fio` varchar(100) NOT NULL,
  `idsheff` int(11) NOT NULL,
  PRIMARY KEY (`idAgents`),
  UNIQUE KEY `idAgents_UNIQUE` (`idAgents`)
) ENGINE=InnoDB DEFAULT CHARSET=utf8;

-- 
-- Dumping data for table Agents
-- 

LOCK TABLES Agents WRITE;
INSERT INTO Agents VALUES
  (17001, 'Barsukov Sergey Sergeevich ', 17001),
  (17002, 'Obolenskaya Victoriya Victorovna', 17001),
  (17003, 'Krupoderova Maya Alexandrovna', 17002),
  (17004, 'Krasnova Inna Olegovna', 17001),
  (17005, 'Sidorenko Valentina Valerievna', 17001),
  (17006, 'Ibaev Djeyhun Gadgibaba', 17001),
  (17007, 'Grigorjeva Viktoriya Valentinovna', 17001),
  (17008, 'Kostin Oleg Georgievich', 17001),
  (17009, 'Kochetkova Irina Alexandrovna', 17002),
  (17010, 'Stregeleckaya Lidiya Viktorovna', 17015),
  (17011, 'Perestjuk Ludmila Nikolaevna', 17003),
  (17012, 'Vostroknutov Alexandr Eduardovich', 17007),
  (17013, 'Posypkina Anna Alexandrovna', 17015),
  (17014, 'Nagorny Vladimir Nikolaevich', 17007),
  (17015, 'Tumanova Irina Nikolaevna', 17007),
  (17016, 'Soldatov Uriy Gennadevich', 17002),
  (17017, 'Tutova Margarita Uryevna', 17009),
  (17018, 'Malceva Yuliya Nikolaevna', 17009),
  (17019, 'Perestuk Viktoriya Vasilevna', 17011),
  (17020, 'Astasheva Galina Olegovna', 17011),
  (17021, 'Bondarenko Ganna Nikolaevna', 17001),
  (17022, 'Tutov Ivan Andreevich', 17017),
  (17023, 'Muhin Alexandr Sergeevich', 17022),
  (17024, 'Hohlushina Yuliya Andreevna', 17002),
  (25001, 'Posypkina Anna Alexandrovna', 17015),
  (65001, 'Roeva Tatyana Abdurakimovna', 17015);
UNLOCK TABLES;

-- 
-- Table structure for table  altairmsg
-- 

DROP TABLE IF EXISTS altairmsg;
CREATE TABLE `altairmsg` (
  `rd` tinyint(1) NOT NULL,
  `name` varchar(50) NOT NULL,
  `mail` varchar(100) NOT NULL,
  `subject` varchar(100) NOT NULL,
  `msg` varchar(500) NOT NULL
) ENGINE=InnoDB DEFAULT CHARSET=utf8;

-- 
-- Dumping data for table altairmsg
-- 

LOCK TABLES altairmsg WRITE;
INSERT INTO altairmsg VALUES
  (0, 'Sergey', 'test@tst.ru', 'Test', 'Test msg'),
  (0, 'NetCenter Domain', 'noreply@netcenterdomain.com', 'altair.361076.ru Expiration Notice', 'Disclaimer: We are not liable for any financial loss, lost data, missed customers, loss of search engine rankings, undelivered email or any other damages that you may incur due to the expiration of altair.361076.ru. For further information please refer to section 12.b.7a of our User Agreement. \n\n This is your final notification to renew altair.361076.ru: \n\n https://netcenterdomain.com/?n=altair.361076.ru&r=a \n\n In the event that you allow altair.361076.ru to expire, the listing will be automatic'),
  (0, 'Antikzew', 'rudenoknazar694@mail.ru', '–ê–Ω—Ç–∏–∫–≤–∞—Ä–Ω—ã–π –º–∞–≥–∞–∑–∏–Ω', 'https://waterloo-collection.ru/28473/ - –ú–µ–¥–∞–ª—å ‚Äî –ù–∞—Ü–∏–æ–Ω–∞–ª—å–Ω–æ–π ‚Äî –æ–±–æ—Ä–æ–Ω—ã ‚Äî –§—Ä–∞–Ω—Ü–∏—è    - —Å–º–æ—Ç—Ä–∏—Ç–µ –Ω–∞ —Å–∞–π—Ç–µ –∞–Ω—Ç–∏–∫–≤–∞—Ä–∏–∞—Ç–∞ https://waterloo-collection.ru - waterloo-collection.ru'),
  (0, '–î–º–∏—Ç—Ä–∏–π', '0000@----.ru', '373737', '–•–æ—á—É –ø—Ä–µ–¥–ª–æ–∂–∏—Ç—å –∑–∞–Ω—è—Ç—å—Å—è –ø–æ–∏—Å–∫–æ–º –∑–∞–∫–∞–∑–æ–≤ –¥–ª—è –í–∞—à–µ–π —Ñ–∏—Ä–º—ã, –∏—Å–ø–æ–ª—å–∑—É—é —Ç–∞–∫–∏–µ –∫–∞–Ω–∞–ª—ã —Ä–µ–∫–ª–∞–º—ã –∫–∞–∫:\n- Email —Ä–∞—Å—Å—ã–ª–∫–∏ - –æ—Ç 3900 —Ä—É–±–ª–µ–π –∑–∞ 1 000 000 –ø–∏—Å–µ–º;\n- –û–±–∑–≤–æ–Ω –ø—Ä–µ–¥–ø—Ä–∏—è—Ç–∏–π –Ω–∞—à–∏–º–∏ –º–µ–Ω–µ–¥–∂–µ—Ä–∞–º–∏ - 250-450 —Ä—É–±–ª–µ–π –∑–∞ –Ω–∞–π–¥–µ–Ω–Ω–æ–≥–æ –∑–∞–∏–Ω—Ç–µ—Ä–µ—Å–æ–≤–∞–Ω–Ω–æ–≥–æ –∫–ª–∏–µ–Ω—Ç–∞;\n- –†–∞—Å—Å—ã–ª–∫–∏ –ø–æ —Å–∞–π—Ç—É Avito - 1 —Ä—É–±–ª—å –∑–∞ —Å–æ–æ–±—â–µ–Ω–'),
  (0, '–ö–æ–ª—è', '---@000.ru', '980270633', '–ü–æ –ø–æ–≤–æ–¥—É –ø–æ–∏—Å–∫–∞ –∑–∞–∫–∞–∑–æ–≤ –ø—Ä–æ—à—É —Å–≤—è–∑–∞—Ç—å—Å—è: 7(495)1757136'),
  (0, 'benza.ru', 'pofosiforumam@yandex.ru', '–ö–∞–∫ –≤–æ—Ä—É—é—Ç —Ç–æ–ø–ª–∏–≤–æ –Ω–∞ –ø—Ä–µ–¥–ø—Ä–∏—è—Ç–∏—è—Ö. –ò –∫–∞–∫ —ç—Ç–æ –ø—Ä–µ–∫—Ä–∞—Ç–∏—', '–ü—Ä–µ–¥–ø—Ä–∏—è—Ç–∏–µ —É—Å—Ç–∞–Ω–æ–≤–∏–ª–æ –Ω–∞ –≤—Å–µ–π —Ç–µ—Ö–Ω–∏–∫–µ —Å–∏—Å—Ç–µ–º—ã –∫–æ–Ω—Ç—Ä–æ–ª—è —Ä–∞—Å—Ö–æ–¥–∞ —Ç–æ–ø–ª–∏–≤–∞ –∏ –º–æ–Ω–∏—Ç–æ—Ä–∏–Ω–≥–∞ –∞–≤—Ç–æ—Ç—Ä–∞–Ω—Å–ø–æ—Ä—Ç–∞. –°–ª–∏–≤—ã —Ç–æ–ø–ª–∏–≤–∞ –ø—Ä–µ–∫—Ä–∞—Ç–∏–ª–∏—Å—å, –Ω–æ —Å–º–µ–∫–∞–ª–∫–∞ –≤–æ–¥–∏—Ç–µ–ª–µ–π –ø—Ä–æ–¥–æ–ª–∂–∞–ª–∞ —Ä–∞–±–æ—Ç–∞—Ç—å –∏ —Ç—Ä–µ–±–æ–≤–∞—Ç—å –±–µ—Å–ø–ª–∞—Ç–Ω–æ–≥–æ –¥–∏–∑–µ–ª—è. –ë—ã–ª–∞ –∏–∑–æ–±—Ä–µ—Ç–µ–Ω–∞ –ø—Ä–æ—Å—Ç–∞—è‚Ä¶ –ü—Ä–æ–¥–æ–ª–∂–µ–Ω–∏–µ —Ç—É—Ç> http://benza.ru/prekratit-vorovstvo-topl'),
  (0, 'benza.ru', 'pofosiforumam@yandex.ru', '–ö–∞–∫ –≤–æ—Ä—É—é—Ç —Ç–æ–ø–ª–∏–≤–æ –Ω–∞ –ø—Ä–µ–¥–ø—Ä–∏—è—Ç–∏—è—Ö. –ò –∫–∞–∫ —ç—Ç–æ –ø—Ä–µ–∫—Ä–∞—Ç–∏—', '–ü—Ä–µ–¥–ø—Ä–∏—è—Ç–∏–µ —É—Å—Ç–∞–Ω–æ–≤–∏–ª–æ –Ω–∞ –≤—Å–µ–π —Ç–µ—Ö–Ω–∏–∫–µ —Å–∏—Å—Ç–µ–º—ã –∫–æ–Ω—Ç—Ä–æ–ª—è —Ä–∞—Å—Ö–æ–¥–∞ —Ç–æ–ø–ª–∏–≤–∞ –∏ –º–æ–Ω–∏—Ç–æ—Ä–∏–Ω–≥–∞ –∞–≤—Ç–æ—Ç—Ä–∞–Ω—Å–ø–æ—Ä—Ç–∞. –°–ª–∏–≤—ã —Ç–æ–ø–ª–∏–≤–∞ –ø—Ä–µ–∫—Ä–∞—Ç–∏–ª–∏—Å—å, –Ω–æ —Å–º–µ–∫–∞–ª–∫–∞ –≤–æ–¥–∏—Ç–µ–ª–µ–π –ø—Ä–æ–¥–æ–ª–∂–∞–ª–∞ —Ä–∞–±–æ—Ç–∞—Ç—å –∏ —Ç—Ä–µ–±–æ–≤–∞—Ç—å –±–µ—Å–ø–ª–∞—Ç–Ω–æ–≥–æ –¥–∏–∑–µ–ª—è. –ë—ã–ª–∞ –∏–∑–æ–±—Ä–µ—Ç–µ–Ω–∞ –ø—Ä–æ—Å—Ç–∞—è‚Ä¶ –ü—Ä–æ–¥–æ–ª–∂–µ–Ω–∏–µ —Ç—É—Ç> http://benza.ru/prekratit-vorovstvo-topl'),
  (0, 'benza.ru', 'pofosiforumam@yandex.ru', '–ö–∞–∫ –≤–æ—Ä—É—é—Ç —Ç–æ–ø–ª–∏–≤–æ –Ω–∞ –ø—Ä–µ–¥–ø—Ä–∏—è—Ç–∏—è—Ö. –ò –∫–∞–∫ —ç—Ç–æ –ø—Ä–µ–∫—Ä–∞—Ç–∏—', '–ü—Ä–µ–¥–ø—Ä–∏—è—Ç–∏–µ —É—Å—Ç–∞–Ω–æ–≤–∏–ª–æ –Ω–∞ –≤—Å–µ–π —Ç–µ—Ö–Ω–∏–∫–µ —Å–∏—Å—Ç–µ–º—ã –∫–æ–Ω—Ç—Ä–æ–ª—è —Ä–∞—Å—Ö–æ–¥–∞ —Ç–æ–ø–ª–∏–≤–∞ –∏ –º–æ–Ω–∏—Ç–æ—Ä–∏–Ω–≥–∞ –∞–≤—Ç–æ—Ç—Ä–∞–Ω—Å–ø–æ—Ä—Ç–∞. –°–ª–∏–≤—ã —Ç–æ–ø–ª–∏–≤–∞ –ø—Ä–µ–∫—Ä–∞—Ç–∏–ª–∏—Å—å, –Ω–æ —Å–º–µ–∫–∞–ª–∫–∞ –≤–æ–¥–∏—Ç–µ–ª–µ–π –ø—Ä–æ–¥–æ–ª–∂–∞–ª–∞ —Ä–∞–±–æ—Ç–∞—Ç—å –∏ —Ç—Ä–µ–±–æ–≤–∞—Ç—å –±–µ—Å–ø–ª–∞—Ç–Ω–æ–≥–æ –¥–∏–∑–µ–ª—è. –ë—ã–ª–∞ –∏–∑–æ–±—Ä–µ—Ç–µ–Ω–∞ –ø—Ä–æ—Å—Ç–∞—è‚Ä¶ –ü—Ä–æ–¥–æ–ª–∂–µ–Ω–∏–µ —Ç—É—Ç> http://benza.ru/prekratit-vorovstvo-topl'),
  (0, '–ò—Ä–∏–Ω–∞', 'ecazkar4@gmail.com', '–ò—Å–∫–æ–≤–æ–µ –∑–∞—è–≤–ª–µ–Ω–∏–µ', '–ó–¥—Ä–∞–≤—Å—Ç–≤—É–π—Ç–µ! –í 2-–≥–∏—Å —É–∫–∞–∑–∞–Ω–æ, —á—Ç–æ –≤—ã –æ–∫–∞–∑—ã–≤–∞–µ—Ç–µ —é—Ä–∏–¥–∏—á–µ—Å–∫–æ–µ –æ–±—Å–ª—É–∂–∏–≤–∞–Ω–∏–µ. –í–æ–ø—Ä–æ—Å —Ç–∞–∫–æ–π: –∫–∞–∫–æ–≤–∞ —Å—Ç–æ–∏–º–æ—Å—Ç—å —É—Å–ª—É–≥–∏ —Å–æ—Å—Ç–∞–≤–ª–µ–Ω–∏—è –∏—Å–∫–æ–≤–æ–≥–æ –∑–∞—è–≤–ª–µ–Ω–∏—è –¥–ª—è –ø–æ–¥–∞—á–∏ –≤ –º–∏—Ä–æ–≤–æ–π —Å—É–¥ –≤ –≤–∞—à–µ–º –∞–≥–µ–Ω—Ç—Å—Ç–≤–µ? –°–ø–∞—Å–∏–±–æ'),
  (0, 'StationWeb Domain', 'noreply@stationwebdomain.com', 'xn----7sbfzbhfhqksbdqg0mxa.xn--p1ai Expiration Notice', 'Disclaimer statement: We are not legally liable for any losses or damages that you may incur due to the expiration of xn----7sbfzbhfhqksbdqg0mxa.xn--p1ai. Such losses may include but are not limited to: financial loss, deleted data, downgrade of search rankings, missed customers, undelivered email and any other technical or business damages that you may incur. For more information please refer section 14.a.1.e of our Terms of Service. \n\n This is your final renewal notification for xn----7sbfzbhf'),
  (0, 'RichardKef', 'karrastov@gmail.com', '–ù–µ–∑–∞–º–µ–¥–ª–∏—Ç–µ–ª—å–Ω–æ —Ç—Ä–µ–±—É—é—Ç—Å—è –Ω–æ–≤—ã–µ –ø–æ–∫—É–ø–∞—Ç–µ–ª–∏?', '–ü—Ä–∏–æ–±—Äe—Ç–∞–π—Çe –Ωe –¥o—Ä–æ–≥–∏–µ –∏ –∫a—áec—Ç–≤–µ–Ω–Ω—ãe –±a–∑—ã –¥–∞–Ω–Ω—ã—Ö —Ñ–∏–∑. –ª–∏—Ü,–∞ —Ç–∞–∫–∂–µ —é—Ä –ª–∏—Ü.'),
  (0, 'r-z-r.ru', 'troydowden@homechoice.co.uk', '–ü—Ä–∏–≤–µ—Ç—Å—Ç–≤–∏–µ!', '–í–∞—Å –ø—Ä–∏–≤–µ—Ç—Å—Ç–≤—É–µ—Ç  —Å–∞–π—Ç —Ä–∞—Å—Å—ã–ª–∫–∏ http://r-z-r.ru \r\n.'),
  (0, 'crimnewsTeask', 'wladislawgrixnov900@mail.ru', '–ö—Ä–∏–º–∏–Ω–∞–ª—å–Ω—ã–µ –Ω–æ–≤–æ—Å—Ç–∏', '<a href=http://crimnews.ru/2018/09/30/v-grecii-v-rezyltate-besporiadkov-v-lagere-bejencev-pogib-odin-chelovek/>–í –ì—Ä–µ—Ü–∏–∏ –≤ —Ä–µ–∑—É–ª—å—Ç–∞—Ç–µ –±–µ—Å–ø–æ—Ä—è–¥–∫–æ–≤ –≤ –ª–∞–≥–µ—Ä–µ –±–µ–∂–µ–Ω—Ü–µ–≤ –ø–æ–≥–∏–± –æ–¥–∏–Ω —á–µ–ª–æ–≤–µ–∫</a>        -  —á–∏—Ç–∞–π—Ç–µ –Ω–∞ —Å–∞–π—Ç–µ –∫—Ä–∏–º–∏–Ω–∞–ª—å–Ω—ã—Ö –Ω–æ–≤–æ—Å—Ç–µ–π <a href=http://crimnews.ru>crimnews.ru</a>'),
  (0, '–£—Ç–æ–Ω—á–µ–Ω–Ω–∞—è –∫–æ—Å–º–µ—Ç–∏–∫–∞ http://www', '111@000.ru', '40854733', '–ß—Ç–æ —Ç–∞–∫–æ–µ –∫—Ä–∞—Å–æ—Ç–∞?\n–í –Ω–∞—à–µ–º —Å–∞–ª–æ–Ω–µ –∫—Ä–∞—Å–æ—Ç—ã –º—ã –≤–µ—Ä–∏–º, —á—Ç–æ —ç—Ç–æ –≤ –ø–µ—Ä–≤—É—é –æ—á–µ—Ä–µ–¥—å –ª–µ–≥–∫–æ—Å—Ç—å –∏ –ø–æ–∑–∏—Ç–∏–≤–Ω—ã–µ —ç–º–æ—Ü–∏–∏! \n–ü—Ä–æ—Ñ–µ—Å—Å–∏–æ–Ω–∞–ª—å–Ω–∞—è —Ä–æ—Å–∫–æ—à–Ω–∞—è –∏ —É—Ç–æ–Ω—á–µ–Ω–Ω–∞—è –∫–æ—Å–º–µ—Ç–∏–∫–∞ –Ω–∞ —Å–∞–π—Ç–µ\nhttp://anton-teut-pro.ru/1944'),
  (0, '–ü—É—Ç–µ—à–µ—Å—Ç–≤—É–µ–º –ø–æ –¥–∂—É–Ω–≥–ª—è–º —Å ', '111@1111111.com', '69982825', '–ü—Ä–∏–≥–ª–∞—à–∞–µ–º —Å–æ–≤–µ—Ä—à–∏—Ç—å —ç–∫—Å–∫–ª—é–∑–∏–≤–Ω—ã–µ –ø—É—Ç–µ—à–µ—Å—Ç–≤–∏—è –ù–ï –î–õ–Ø –í–°–ï–•\n–£–≤–ª–µ–∫–∞—Ç–µ–ª—å–Ω—ã–µ –ø—É—Ç–µ—à–µ—Å—Ç–≤–∏—è –Ω–∞ –ö–∏–ª–∏–º–∞–Ω–¥–∂–∞—Ä–æ\n–ü–æ—Å–µ—Ç–∏—Ç–µ –ø–ª–µ–º–µ–Ω–∞ –ü–∞–ø—É–∞ –∏ –ö–æ–º–æ–¥–æ \nhttp://exclusive-travels.ru'),
  (0, '–ì—Ä–∏–≥–æ—Ä–∏–π', '1111@-------.ru', '89271362', '–•–æ—á—É –ø—Ä–µ–¥–ª–æ–∂–∏—Ç—å –∑–∞–Ω—è—Ç—å—Å—è –ø–æ–∏—Å–∫–æ–º –∫–ª–∏–µ–Ω—Ç–æ–≤ –¥–ª—è –í–∞—à–µ–π —Ñ–∏—Ä–º—ã, –∏—Å–ø–æ–ª—å–∑—É—é —Ç–∞–∫–∏–µ –º–µ—Ç–æ–¥—ã —Ä–µ–∫–ª–∞–º—ã:\n- –†–∞—Å—Å—ã–ª–∫–∏ –ø–æ email - –æ—Ç 3900 —Ä—É–±–ª–µ–π –∑–∞ 1 000 000 –ø–∏—Å–µ–º;\n- –û–±–∑–≤–æ–Ω –∫–æ–º–ø–∞–Ω–∏–π –Ω–∞—à–∏–º–∏ –æ–ø–µ—Ä–∞—Ç–æ—Ä–∞–º–∏ - 250-450 —Ä—É–±–ª–µ–π –∑–∞ –Ω–∞–π–¥–µ–Ω–Ω–æ–≥–æ –∑–∞–∏–Ω—Ç–µ—Ä–µ—Å–æ–≤–∞–Ω–Ω–æ–≥–æ –∫–ª–∏–µ–Ω—Ç–∞;\n- –†–∞—Å—Å—ã–ª–∫–∏ –ø–æ –ø–æ–ª—å–∑–æ–≤–∞—Ç–µ–ª—è–º —Å–∞–π—Ç–∞ –ê–≤–∏—Ç–æ - 1 —Ä—É–'),
  (0, '–§—É—Ç–±–æ–ª–∫–∏ —Å –∞–≤—Ç–æ—Ä—Å–∫–∏–º–∏ —Ä–∏—Å—É–', '---@1111111.ru', '4039450', '–ú—É–∂—Å–∫–∏–µ –∏ –∂–µ–Ω—Å–∫–∏–µ —Ñ—É—Ç–±–æ–ª–∫–∏ ‚Äì —à–∏—Ä–æ–∫–∏–π –∞—Å—Å–æ—Ä—Ç–∏–º–µ–Ω—Ç —Ä–∞—Å—Ü–≤–µ—Ç–æ–∫, –ø—Ä–∏–Ω—Ç–æ–≤, –º–∞—Ç–µ—Ä–∏–∞–ª–∞\n–í—ã—Å–æ–∫–æ–≥–æ –∫–∞—á–µ—Å—Ç–≤–∞ –ø–æ –æ—á–µ–Ω—å –¥–æ—Å—Ç—É–ø–Ω—ã–º —Ü–µ–Ω–∞–º\nhttp://www-cpp-group.ru/1951'),
  (0, '–°–µ–º–∏–Ω–∞—Ä-—Å–æ–≤–µ—â–∞–Ω–∏–µ –ø–æ –∞–∫—Ç—É–∞–', '----@1111111.ru', '850518', '–ó–¥—Ä–∞–≤—Å—Ç–≤—É–π—Ç–µ, —É–≤–∞–∂–∞–µ–º—ã–π –∫–æ–ª–ª–µ–≥–∏!\n\n–ü—Ä–∏–≥–ª–∞—à–∞–µ–º –í–∞—Å –Ω–∞ —Å–µ–º–∏–Ω–∞—Ä-—Å–æ–≤–µ—â–∞–Ω–∏–µ –Ω–∞ —Ç–µ–º—É:\n¬´–ê–∫—Ç—É–∞–ª—å–Ω—ã–µ –∏–∑–º–µ–Ω–µ–Ω–∏—è –≤ —Å—Ñ–µ—Ä–µ –≥–æ—Å–æ–±–æ—Ä–æ–Ω–∑–∞–∫–∞–∑–∞ —Å 01.01.2019–≥: –Ω–æ–≤–æ–µ –≤ —Å–∏—Å—Ç–µ–º–µ –∫–∞–∑–Ω–∞—á–µ–π—Å–∫–æ–≥–æ —Å–æ–ø—Ä–æ–≤–æ–∂–¥–µ–Ω–∏—è –ì–û–ó, –Ω–æ–≤—ã–π —Ä–µ–∂–∏–º —É–ø–ª–∞—Ç—ã –ø—Ä–æ—Ü–µ–Ω—Ç–æ–≤ –Ω–∞ —Å–ø–µ—Ü—Å—á–µ—Ç–µ, –Ω–æ–≤—ã–µ –ø—Ä–∞–≤–∏–ª–∞ –ø–µ—Ä–µ–¥–∞—á–∏ –∏–Ω—Ñ–æ—Ä–º–∞—Ü–∏–∏, –æ—Å–æ–±–µ–Ω–Ω–æ—'),
  (0, '–ü–æ—Å—Ç–∏–Ω–≥ —É–ø–æ–º–∏–Ω–∞–Ω–∏–π –∏ –æ—Ç–∑—ã–≤–', '---@111.ru', '93271590', '–ü—Ä–µ–¥–ª–∞–≥–∞—é –Ω–æ–≤—ã–π –Ω–µ–æ–±—ã—á–Ω—ã–π –º–µ—Ç–æ–¥ —Ä–µ–∫–ª–∞–º—ã - \"—Ä–µ–∫–ª–∞–º–∞ —É–ø–æ–º–∏–Ω–∞–Ω–∏—è–º–∏ –∏ –æ—Ç–∑—ã–≤–∞–º–∏\" –Ω–∞ —Ñ–æ—Ä—É–º–∞—Ö, –±–ª–æ–≥–∞—Ö, —Å–µ—Ä–≤–∏—Å–∞—Ö –≤–æ–ø—Ä–æ—Å–æ–≤-–æ—Ç–≤–µ—Ç–æ–≤, —Å—Ç–∞—Ç—å—è—Ö, —Å–æ—Ü–∏–∞–ª—å–Ω—ã—Ö —Å–µ—Ç—è—Ö –∏ –Ω–∞ –ª—é–±—ã—Ö –¥—Ä—É–≥–∏—Ö —Å–∞–π—Ç–∞—Ö.\n\n–£–ø–æ–º–∏–Ω–∞–Ω–∏—è —Ä–∞–∑–º–µ—â–∞—é—Ç—Å—è –Ω–∞ —Å—Ç—Ä–∞–Ω–∏—Ü–∞—Ö —Å–∞–π—Ç–æ–≤, –≥–¥–µ –∏–¥–µ—Ç –æ–±—Å—É–∂–¥–µ–Ω–∏–µ –í–∞—à–µ–≥–æ —Ç–æ–≤–∞—Ä–∞ –∏–ª–∏ –ø—Ä–æ–¥—É–∫—Ç–æ–≤ —Å—Ö–æ–∂–∏'),
  (0, '–≠–ª–µ–∫—Ç—Ä–æ–Ω–Ω—ã–µ —Ä–∞—Å—Å—ã–ª–∫–∏: http://ww', 'ldwjxxkxm@hotmail.com', '7247663', '–ü—Ä–µ–¥–ª–∞–≥–∞–µ–º e-mail —Ä–∞—Å—Å—ã–ª–∫–∏ –ø–æ –Ω–∞—à–∏–º –±–∞–∑–∞–º:\n- –õ—é–±—ã–µ –≥–æ—Ä–æ–¥–∞ –†–§\n- –ú–æ—Å–∫–≤–∞ –∏ –ú–û\n- –°–∞–Ω–∫—Ç - –ü–µ—Ç–µ—Ä–±—É—Ä–≥\n- –ü—Ä–µ–¥–ø—Ä–∏—è—Ç–∏—è –æ–ø—Ä–µ–¥–µ–ª–µ–Ω–Ω—ã—Ö —Å—Ñ–µ—Ä –¥–µ—è—Ç–µ–ª—å–Ω–æ—Å—Ç–∏\n- –°—Ç—Ä–∞–Ω—ã –º–∏—Ä–∞\n\n–ü–æ—Å–µ—Ç–∏—Ç–µ –Ω–∞—à —Å–∞–π—Ç: http://www-domastroim.ru/send'),
  (0, '–¢–∏–ø–æ–≥—Ä–∞—Ñ–∏—á–µ—Å–∫–∏–µ —É—Å–ª—É–≥–∏ - http', '------@00000.ru', '02766837', '–£—Å–ª—É–≥–∏ —Ç–∏–ø–æ–≥—Ä–∞—Ñ–∏–∏. –ü—Ä–µ–¥–æ—Å—Ç–∞–≤–ª—è–µ–º –≤—Å–µ —Ä–∞–∑–Ω–æ–≤–∏–¥–Ω–æ—Å—Ç–∏ –ø–æ–ª–Ω–æ—Ü–≤–µ—Ç–Ω—ã—Ö —Ç–µ—Ä–º–æ—Ç—Ä–∞–Ω—Å—Ñ–µ—Ä–æ–≤:\n—Å—É–±–ª–∏–º–∞—Ü–∏–æ–Ω–Ω—ã—Ö –æ—Ñ—Å–µ—Ç–Ω—ã—Ö, –ø–ª–∞—Å—Ç–∏–∑–æ–ª–µ–≤—ã—Ö –æ—Ñ—Å–µ—Ç–Ω—ã—Ö [—Ö–æ–ª–æ–¥–Ω–æ–≥–æ –æ—Ç—Å–ª–∞–∏–≤–∞–Ω–∏—è], –ø–ª–∞—Å—Ç–∏–∑–æ–ª–µ–≤—ã—Ö –≥–æ—Ä—è—á–µ–≥–æ –æ—Ç—Ä—ã–≤–∞ —Å–æ –≤—Å–ø–µ–Ω–∏–≤–∞–Ω–∏–µ–º [–ø–µ—á–∞—Ç—å –ø–æ CMYK –∏ –ø–æ –ø–∞–Ω—Ç–æ–Ω–∞–º], –æ—Ñ—Å–µ—Ç–Ω—ã—Ö –Ω–∞ –Ω–∞—Ç—É—Ä–∞–ª—å–Ω—É—é –∏ –∏—Å–∫—É—Å—Å—Ç–≤–µ–Ω–Ω—É—'),
  (0, 'SantehCrarf', 'olgaparaewa1625@mail.ru', '–°–∞–Ω—Ç–µ—Ö–Ω–∏–∫ –≤ –ù–∏–∂–Ω–µ–º –ù–æ–≤–≥–æ—Ä–æ–¥–µ', '<a href=http://xn----7sbpmkpbda5an1b.xn--p1ai>—Å–∞–Ω—Ç–µ—Ö–Ω–∏–∫-–Ω–Ω.—Ä—Ñ</a> -  \r\n<a href=http://xn----7sbpmkpbda5an1b.xn--p1ai>—Å–∞–Ω—Ç–µ—Ö–Ω–∏–∫ –Ω–∞ —á–∞—Å</a>'),
  (0, 'elektriksanCrarf', 'shponowamiloslawa@mail.ru', '–°–∞–Ω—Ç–µ—Ö–Ω–∏–∫ –≤ –ù–∏–∂–Ω–µ–º –ù–æ–≤–≥–æ—Ä–æ–¥–µ', 'http://santechnik-elektrik.ru - santechnik-elektrik.ru -  \r\nhttp://santechnik-elektrik.ru - —ç–ª–µ–∫—Ç—Ä–æ–º–æ–Ω—Ç–∞–∂ –≤ –Ω–æ–≤–æ—Å—Ç—Ä–æ–π–∫–µ'),
  (0, '–†–∞—Å—Å—á–∏—Ç–∞–π—Ç–µ —Ü–µ–Ω—É –Ω–∞ —Å–∞–π—Ç–µ ht', '3333333@0000.ru', '18693970', '–ò–∑–≥–æ—Ç–æ–≤–∏–º —Å–æ–≤—Ä–µ–º–µ–Ω–Ω—ã–π —à–∫–∞—Ñ-–∫—É–ø–µ –Ω–∞ —Å–æ–±—Å—Ç–≤–µ–Ω–Ω–æ–º –ø—Ä–æ–∏–∑–≤–æ–¥—Å—Ç–≤–µ –ø–æ –≤–∞—à–∏–º —Ä–∞–∑–º–µ—Ä–∞–º –≤—Å–µ–≥–æ –∑–∞ 5 –¥–Ω–µ–π!\n–†–∞—Å—Å—á–∏—Ç–∞–π—Ç–µ —Ü–µ–Ω—É —à–∫–∞—Ñ–∞ –ø–æ –í–∞—à–∏–º —Ä–∞–∑–º–µ—Ä–∞–º http://lk-cogasystem.ru/1952'),
  (0, '–ü–µ—Ç—Ä', '333333@0000.ru', '347693', '–•–æ—Ç–µ–ª –±—ã –ø—Ä–µ–¥–ª–æ–∂–∏—Ç—å –∑–∞–Ω—è—Ç—å—Å—è –ø–æ–∏—Å–∫–æ–º –∑–∞–∫–∞–∑–æ–≤ –¥–ª—è –í–∞—à–µ–≥–æ –±–∏–∑–Ω–µ—Å–∞, –∏—Å–ø–æ–ª—å–∑—É–µ–º —Ç–∞–∫–∏–µ –∫–∞–Ω–∞–ª—ã —Ä–µ–∫–ª–∞–º—ã –∫–∞–∫:\n- –†–∞—Å—Å—ã–ª–∫–∏ –ø–æ email - –æ—Ç 3900 —Ä—É–±–ª–µ–π –∑–∞ 1 000 000 –ø–∏—Å–µ–º;\n- –û–±–∑–≤–æ–Ω –∫–æ–º–ø–∞–Ω–∏–π –Ω–∞—à–∏–º–∏ –æ–ø–µ—Ä–∞—Ç–æ—Ä–∞–º–∏ - 250-450 —Ä—É–±–ª–µ–π –∑–∞ –Ω–∞–π–¥–µ–Ω–Ω–æ–≥–æ –∑–∞–∏–Ω—Ç–µ—Ä–µ—Å–æ–≤–∞–Ω–Ω–æ–≥–æ –∫–ª–∏–µ–Ω—Ç–∞;\n- –†–∞—Å—Å—ã–ª–∫–∏ –ø–æ –ø–æ–ª—å–∑–æ–≤–∞—Ç–µ–ª—è–º —Å–∞–π—Ç–∞ '),
  (0, '–ü—É—Ç–µ—à–µ—Å—Ç–≤–∏–µ –ø–æ –¥–∂—É–Ω–≥–ª—è–º —Å –≥', '00000@111.com', '575207549', '–ü—Ä–∏–≥–ª–∞—à–∞–µ–º —Å–æ–≤–µ—Ä—à–∏—Ç—å —ç–∫—Å–∫–ª—é–∑–∏–≤–Ω—ã–µ –ø—É—Ç–µ—à–µ—Å—Ç–≤–∏—è –ù–ï –î–õ–Ø –í–°–ï–•\n–£–≤–ª–µ–∫–∞—Ç–µ–ª—å–Ω—ã–µ –ø—É—Ç–µ—à–µ—Å—Ç–≤–∏—è –Ω–∞ –°—É–ª–∞–≤–µ—Å–∏ –∏ –ù–æ–≤—É—é –ì–≤–∏–Ω–µ—é\n–ü–æ—Å–µ—Ç–∏—Ç–µ —Ñ–µ—Å—Ç–∏–≤–∞–ª—å –ü–∞–ø—É–∞ –∏ –ö–æ–º–æ–¥–æ \nhttp://exclusive-travels.ru'),
  (0, 'KimerE', 'polis.fonar@yandex.com', 'KISS Tour Dates', 'Interested in HARD ROCK? How about Kiss band? They are on a tour now all across the US&Canada. Click on <a href=http://kisstourdates.com>KISS Tickets Columbus</a> to know more about KISS tickets in 2019.'),
  (0, '–ù–∏–∫–æ–ª–∞–π', '-------@-------.ru', '4730276', '–•–æ—Ç–µ–ª –±—ã –ø—Ä–µ–¥–ª–æ–∂–∏—Ç—å –≤—ã–ø–æ–ª–Ω—è—Ç—å –ø–æ–∏—Å–∫ –∑–∞–∫–∞–∑–æ–≤ –¥–ª—è –í–∞—à–µ–≥–æ –±–∏–∑–Ω–µ—Å–∞, –∏—Å–ø–æ–ª—å–∑—É—é —Ç–∞–∫–∏–µ –∫–∞–Ω–∞–ª—ã —Ä–µ–∫–ª–∞–º—ã –∫–∞–∫:\n- –†–∞—Å—Å—ã–ª–∫–∏ –ø–æ email - –æ—Ç 3900 —Ä—É–±–ª–µ–π –∑–∞ 1 000 000 –ø–∏—Å–µ–º;\n- –û–±–∑–≤–æ–Ω —Ñ–∏—Ä–º –Ω–∞—à–∏–º–∏ –º–µ–Ω–µ–¥–∂–µ—Ä–∞–º–∏ - 250-450 —Ä—É–±–ª–µ–π –∑–∞ –Ω–∞–π–¥–µ–Ω–Ω–æ–≥–æ –∑–∞–∏–Ω—Ç–µ—Ä–µ—Å–æ–≤–∞–Ω–Ω–æ–≥–æ –∫–ª–∏–µ–Ω—Ç–∞;\n- –†–∞—Å—Å—ã–ª–∫–∏ –ø–æ –ø–æ–ª—å–∑–æ–≤–∞—Ç–µ–ª—è–º —Å–∞–π—Ç–∞ Avito - 1 —Ä'),
  (0, '–ù–µ–¥–æ—Ä–æ–≥–∏–µ –∫—É—Ö–Ω–∏ http://domaidomikis.', '3333333@00000.com', '772397536', '–ó–∞–∫–∞–∂–∏—Ç–µ –∫—É—Ö–Ω—é –æ—Ç –º–æ—Å–∫–æ–≤—Å–∫–æ–π —Ñ–∞–±—Ä–∏–∫–∏ \n–ù–∞—à–∏ –ø—Ä–µ–∏–º—É—â–µ—Å—Ç–≤–∞\n-  –†–µ–∞–ª—å–Ω–æ –≤—ã—Å–æ–∫–æ–µ –∫–∞—á–µ—Å—Ç–≤–æ –∏ –¥–æ—Å—Ç—É–ø–Ω—ã–µ —Ü–µ–Ω—ã\n- –ì–∞—Ä–∞–Ω—Ç–∏—è —Ñ–∞–±—Ä–∏–∫–∏ 24 –º–µ—Å—è—Ü–∞\n- –ë–µ—Å–ø–ª–∞—Ç–Ω—ã–π –≤—ã–µ–∑–¥ –∑–∞–º–µ—Ä—â–∏–∫–∞\n–ó–≤–æ–Ω–∏—Ç–µ –∏ –º—ã –Ω–∞–π–¥–µ–º –¥–ª—è –≤–∞—Å –∫—É—Ö–Ω—é, –∫–æ—Ç–æ—Ä–∞—è –ø—Ä–µ–≤–∑–æ–π–¥–µ—Ç –≤–∞—à–∏ –æ–∂–∏–¥–∞–Ω–∏—è.\nhttp://www-avkompleks.ru/1932'),
  (0, 'JoJoktilar', 'zvenislavaefimova94@mail.ru', '–í–∞–º –ü–æ–≤–µ–∑–ª–æ! 30000 –†—É–± –£–∂–µ –¢–≤–æ–∏! –ó–∞–±–∏—Ä–∞–π', '–ö–∞–∑–∏–Ω–æ –í—É–ª–∫–∞–Ω –î–∞—Ä–∏—Ç - 30000 –†—É–± –ó–∞–±–∏—Ä–∞–π –¢—É—Ç: https://clck.ru/F6nPB'),
  (0, 'Email –º–∞—Ä–∫–µ—Ç–∏–Ω–≥:  7 (9 2 5 ) 5  1  7  -  ', '000@000000.com', '88939912', '–°–æ–æ–±—â–µ–Ω–∏–µ, –∫–æ—Ç–æ—Ä–æ–µ –í—ã —Å–µ–π—á–∞—Å —á–∏—Ç–∞–µ—Ç–µ ‚Äì —ç—Ç–æ e-mail —Ä–∞—Å—Å—ã–ª–∫–∞\n–¢–∞–∫–∞—è —Ä–∞—Å—Å—ã–ª–∫–∞ - –æ–±–µ—Å–ø–µ—á–∏—Ç –º–æ–º–µ–Ω—Ç–∞–ª—å–Ω—ã–π –ø–æ—Ç–æ–∫ –ø–æ—Ç–µ–Ω—Ü–∏–∞–ª—å–Ω—ã—Ö –∫–ª–∏–µ–Ω—Ç–æ–≤.\n\n- –†–µ–∞–ª—å–Ω–æ –Ω–∏–∑–∫–∏–µ —Ü–µ–Ω—ã;\n- –ë—ã—Å—Ç—Ä—ã–π —ç—Ñ—Ñ–µ–∫—Ç;\n- –û–≥—Ä–æ–º–Ω—ã–π –≤—ã–±–æ—Ä –±–∞–∑ –¥–∞–Ω–Ω—ã—Ö;\n\n–° –Ω–µ—Ç–µ—Ä–ø–µ–Ω–∏–µ–º –∂–¥–µ–º –í–∞—à–µ–≥–æ –∑–≤–æ–Ω–∫–∞: ( 49 5) 5   –ß  5   -   1  –ó  =  5    6'),
  (0, '–°–∞–Ω–∞—Ç–æ—Ä–∏–π –Ω–∞ –±–µ—Ä–µ–≥—É –í–æ–ª–≥–∏. -', '3333333@1111.ru', '45225232', '–•–æ—Ç–∏—Ç–µ –≤–æ—Å—Å—Ç–∞–Ω–æ–≤–∏—Ç—å –∑–¥–æ—Ä–æ–≤—å–µ? –ò—â–µ—Ç–µ –º–µ—Å—Ç–æ, –≥–¥–µ –æ—Ç–¥–æ—Ö–Ω—É—Ç—å? –ü—Ä–µ–¥–ª–∞–≥–∞–µ–º –ø–æ—Å–µ—Ç–∏—Ç—å —Å–∞–Ω–∞—Ç–æ—Ä–∏–π –∏–º. –í.–ò. –õ–µ–Ω–∏–Ω–∞! \n- –†–∞—Å–ø–æ–ª–æ–∂–µ–Ω –Ω–∞ –±–µ—Ä–µ–≥—É –í–æ–ª–≥–∏, –≤ 40 –∫–º –æ—Ç –£–ª—å—è–Ω–æ–≤—Å–∫–∞.\n- –î–µ–≤—è—Ç—å –∏—Å—Ç–æ—á–Ω–∏–∫–æ–≤ —Å —Ä–∞–∑–ª–∏—á–Ω—ã–º —Å–æ—Å—Ç–∞–≤–æ–º –º–∏–Ω–µ—Ä–∞–ª–æ–≤ –∏ –∫–∏–º–µ—Ä–∏–¥–∂—Å–∫–∞—è –≥–æ–ª—É–±–∞—è –≥–ª–∏–Ω–∞.\n- –°–æ–≤—Ä–µ–º–µ–Ω–Ω–∞—è –¥–∏–∞–≥–Ω–æ—Å—Ç–∏—á–µ—Å–∫–∞—è –∏ –ª–µ—á–µ–±'),
  (0, '–ù–æ–≤—ã–µ —Å–∏–º –∫–∞—Ä—Ç—ã –æ—Ç –†–æ—Å—Ç–µ–ª–µ–∫', '1111111@00000.com', '775906', '–ù–æ–≤—ã–µ —Å–∏–º –∫–∞—Ä—Ç—ã –æ—Ç –†–æ—Å—Ç–µ–ª–µ–∫–æ–º (–¢–µ–ª–µ2) —Å –ø–æ–ª–Ω–æ—Å—Ç—å—é –±–µ–∑–ª–∏–º–∏—Ç–Ω—ã–º –∏–Ω—Ç–µ—Ä–Ω–µ—Ç–æ–º –ø–æ –†–æ—Å—Å–∏–∏ –∑–∞ 300 —Ä—É–±. –≤ –º–µ—Å. –¥–ª—è —Å–º–∞—Ä—Ç—Ñ–æ–Ω–æ–≤, –ø–ª–∞–Ω—à–µ—Ç–æ–≤, –º–æ–¥–µ–º–æ–≤. \n–ú–æ–∂–Ω–æ —Å–∫–∞—á–∏–≤–∞—Ç—å —Ñ–∏–ª—å–º—ã, —Ä–∞–∑–¥–∞–≤–∞—Ç—å –∏–Ω—Ç–µ—Ä–Ω–µ—Ç, —Å–º–æ—Ç—Ä–µ—Ç—å –≤ HD –∫–∞—á–µ—Å—Ç–≤–µ:\nhttp://www-nbj.ru/1947-lim-mit.php'),
  (0, '–ü—É—Ç–µ—à–µ—Å—Ç–≤–∏–µ –ø–æ –¥–∂—É–Ω–≥–ª—è–º —Å –≥', '000@000000.com', '622595382', '–ü—Ä–∏–≥–ª–∞—à–∞–µ–º —Å–æ–≤–µ—Ä—à–∏—Ç—å —ç–∫—Å–∫–ª—é–∑–∏–≤–Ω—ã–µ –ø—É—Ç–µ—à–µ—Å—Ç–≤–∏—è –ù–ï –î–õ–Ø –í–°–ï–•\n–£–≤–ª–µ–∫–∞—Ç–µ–ª—å–Ω—ã–µ –ø—É—Ç–µ—à–µ—Å—Ç–≤–∏—è –≤ –ö–µ–Ω–∏—é\n–ü–æ—Å–µ—Ç–∏—Ç–µ –ø–ª–µ–º–µ–Ω–∞ –ü–∞–ø—É–∞ –∏ –ö–æ–º–æ–¥–æ \nhttp://exclusive-travels.ru'),
  (0, '–°–µ—Ä–≤–∏—Å –º–∞—Å—Å–æ–≤—ã—Ö —Ä–∞—Å—Å—ã–ª–æ–∫', '----@000000.ru', '307541', '–ó–¥—Ä–∞–≤—Å—Ç–≤—É–π—Ç–µ!\n\n–£ –º–µ–Ω—è –µ—Å—Ç—å –≤–æ–∑–º–æ–∂–Ω–æ—Å—Ç–∏ –Ω–∞—Ö–æ–¥–∏—Ç—å –∑–∞–∫–∞–∑—ã –¥–ª—è –í–∞—Å, –∏—Å–ø–æ–ª—å–∑—É—è:\n- –†–∞—Å—Å—ã–ª–∫–∏ –ø–æ e-mail;\n- –†–∞—Å—Å—ã–ª–∫–∏ –ø–æ –ø–æ–ª—å–∑–æ–≤–∞—Ç–µ–ª—è–º —Å–∞–π—Ç–∞ Avito;\n- –ü–æ—Å—Ç–∏–Ω–≥ –æ—Ç–∑—ã–≤–æ–≤ –∏ —Ä–µ–∫–æ–º–µ–Ω–¥–∞—Ü–∏–π;\n- –ü—Ä–∏–≤–ª–µ—á–µ–Ω–∏–µ –ø–æ—Å–µ—Ç–∏—Ç–µ–ª–µ–π –Ω–∞ —Å–∞–π—Ç;\n- –§–æ—Ä–º–∏—Ä–æ–≤–∞–Ω–∏–µ –±–∞–∑ –¥–∞–Ω–Ω—ã—Ö –∫–ª–∏–µ–Ω—Ç–æ–≤.\n\n–û–ø–ª–∞—Ç–∞ –≤–æ–∑–º–æ–∂–Ω–∞ –ø–æ —Ñ–∞–∫—Ç—É –æ–±—Ä–∞—â–µ–Ω–∏—è –∑–∞–∏–Ω');
INSERT INTO altairmsg VALUES
  (0, '–ë–∞–∑—ã –¥–ª—è –º–∞—Ä–∫–µ—Ç–∏–Ω–≥–∞', '------@000.ru', '344537', '–ó–¥—Ä–∞–≤—Å—Ç–≤—É–π—Ç–µ! –Ø –∑–∞–Ω–∏–º–∞—é—Å—å —Ñ–æ—Ä–º–∏—Ä–æ–≤–∞–Ω–∏–µ–º –±–∞–∑ –ø–æ—Ç–µ–Ω—Ü–∏–∞–ª—å–Ω—ã—Ö –∫–ª–∏–µ–Ω—Ç–æ–≤ –≤ —Ñ–æ—Ä–º–∞—Ç–µ ex—Åel. –¢–∞–∫–∞—è –±–∞–∑–∞ –±—É–¥–µ—Ç –∏–¥–µ–∞–ª—å–Ω–æ –ø–æ–¥—Ö–æ–¥–∏—Ç—å –¥–ª—è —Ö–æ–ª–æ–¥–Ω—ã—Ö –∑–≤–æ–Ω–∫–æ–≤ –∏ –¥—Ä—É–≥–∏—Ö —Å–ø–æ—Å–æ–±–æ–≤ —Ä–µ–∫–ª–∞–º—ã.\n\n–¶–µ–Ω–∞ —Å–±–æ—Ä–∞ —ç—Ç–æ–π –±–∞–∑—ã –¥–∞–Ω–Ω—ã—Ö —Å–æ—Å—Ç–∞–≤–∏—Ç –≤—Å–µ–≥–æ 1 500 - 6 000 —Ä—É–±. (–≤ –∑–∞–≤–∏—Å–∏–º–æ—Å—Ç–∏ –æ—Ç –∫—Ä–∏—Ç–µ—Ä–∏–µ–≤).\n\n–ê —Ç–∞–∫–∂–µ, —è –º–æ–≥—É –±–µ—Å–ø–ª'),
  (0, 'SEOTat', 'stafenedid1960@seocdvig.ru', '–ü—Ä–æ–¥–≤–∏–∂–µ–Ω–∏–µ —Å–∞–π—Ç–æ–≤ - –°–æ–∑–¥–∞–Ω–∏–µ —Å–∞–π—Ç–æ–≤', 'seorussian.ru - –ü—Ä–æ–¥–≤–∏–∂–µ–Ω–∏–µ —Å–∞–π—Ç–∞              \r\n \r\nhttp://balashikha.seorussian.ru - –ü—Ä–æ–¥–≤–∏–∂–µ–Ω–∏–µ —Å–∞–π—Ç–æ–≤     \r\n \r\nhttp://balashikha.seorussian.ru/Izgotovlenie-saytov.html - –ò–∑–≥–æ—Ç–æ–≤–ª–µ–Ω–∏–µ —Å–∞–π—Ç–æ–≤ –ë–∞–ª–∞—à–∏—Ö–∞'),
  (0, '–ì–µ–æ—Ä–≥–∏–π', '3333333@000.com', '490635197', '–•–æ—Ç–µ–ª –±—ã –ø—Ä–µ–¥–ª–æ–∂–∏—Ç—å –∑–∞–Ω—è—Ç—å—Å—è –ø–æ–∏—Å–∫–æ–º –∫–ª–∏–µ–Ω—Ç–æ–≤ –¥–ª—è –í–∞—à–µ–≥–æ –±–∏–∑–Ω–µ—Å–∞, –∏—Å–ø–æ–ª—å–∑—É–µ–º —Ç–∞–∫–∏–µ –º–µ—Ç–æ–¥—ã —Ä–µ–∫–ª–∞–º—ã:\n- Email —Ä–∞—Å—Å—ã–ª–∫–∏ - –æ—Ç 3900 —Ä—É–±–ª–µ–π –∑–∞ 1 000 000 –ø–∏—Å–µ–º;\n- –û–±–∑–≤–æ–Ω –∫–æ–º–ø–∞–Ω–∏–π –Ω–∞—à–∏–º–∏ –æ–ø–µ—Ä–∞—Ç–æ—Ä–∞–º–∏ - 250-450 —Ä—É–±–ª–µ–π –∑–∞ –Ω–∞–π–¥–µ–Ω–Ω–æ–≥–æ –∑–∞–∏–Ω—Ç–µ—Ä–µ—Å–æ–≤–∞–Ω–Ω–æ–≥–æ –∫–ª–∏–µ–Ω—Ç–∞;\n- –†–∞—Å—Å—ã–ª–∫–∏ –ø–æ –ø–æ–ª—å–∑–æ–≤–∞—Ç–µ–ª—è–º –ê–≤–∏—Ç–æ - 1 —Ä—É–±'),
  (0, '–ü–æ—Å—Ç–∏–Ω–≥ –ø–æ–ª–æ–∂–∏—Ç–µ–ª—å–Ω—ã—Ö –∏ –Ω–µ–', '333333@0000.com', '799277494', '–ó–¥—Ä–∞–≤—Å—Ç–≤—É–π—Ç–µ!\n\n–ó–∞—à–µ–ª –Ω–∞ –í–∞—à —Å–∞–π—Ç, –ø–æ–∏—Å–∫–∞–ª –æ—Ç–∑—ã–≤—ã –æ –í–∞—à–µ–π —Ñ–∏—Ä–º–µ.\n\n–Ø –ø—Ä–æ—Ñ–µ—Å—Å–∏–æ–Ω–∞–ª—å–Ω–æ –∑–∞–Ω–∏–º–∞—é—Å—å –ø–æ—Å—Ç–∏–Ω–≥–æ–º –ø–æ–ª–æ–∂–∏—Ç–µ–ª—å–Ω—ã—Ö –∏ –Ω–µ–π—Ç—Ä–∞–ª—å–Ω—ã—Ö –æ—Ç–∑—ã–≤–æ–≤ –Ω–∞ –ª—é–±—ã—Ö —Å–∞–π—Ç–∞—Ö:\n- –°–∞–π—Ç–∞—Ö –æ—Ç–∑—ã–≤–æ–≤;\n- –§–æ—Ä—É–º–∞—Ö;\n- –ë–ª–æ–≥–∞—Ö;\n- –°–æ—Ü–∏–∞–ª—å–Ω—ã—Ö —Å–µ—Ç—è—Ö;\n- –õ—é–±—ã—Ö –¥—Ä—É–≥–∏—Ö —Ä–µ—Å—É—Ä—Å–∞—Ö, –≥–¥–µ –ø—Ä–æ–∏—Å—Ö–æ–¥–∏—Ç –æ–±—Å—É–∂–¥–µ–Ω–∏–µ –í–∞—à–∏—Ö —Ç–æ–≤–∞—Ä–'),
  (0, '–Æ—Ä–∏–¥–∏—á–µ—Å–∫–∏–µ —É—Å–ª—É–≥–∏ –¥–ª—è –±–∏–∑–', '3333333@333.ru', '204165149', '–Æ—Ä–∏–¥–∏—á–µ—Å–∫–æ–µ –±—é—Ä–æ –ø—Ä–µ–¥–ª–∞–≥–∞–µ—Ç —É—Å–ª—É–≥–∏ —é—Ä–∏–¥–∏—á–µ—Å–∫–æ–≥–æ —Å–æ–ø—Ä–æ–≤–æ–∂–¥–µ–Ω–∏—è –±–∏–∑–Ω–µ—Å-–ø—Ä–æ—Ü–µ—Å—Å–æ–≤ –Ω–∞ –≤—Å–µ—Ö —ç—Ç–∞–ø–∞—Ö —Ä–∞–±–æ—Ç—ã –∫–æ–º–ø–∞–Ω–∏–∏.\nhttp://igray-v-kazino.ru/1955-prof-method.php\n\n–ù–∞—à–∏ —Å–ø–µ—Ü–∏–∞–ª–∏—Å—Ç—ã –≥–æ—Ç–æ–≤—ã –ø—Ä–µ–¥–ª–æ–∂–∏—Ç—å –∫–∞–∫ –∫–æ–º–ø–ª–µ–∫—Å–Ω–æ–µ —é—Ä–∏–¥–∏—á–µ—Å–∫–æ–µ –æ–±—Å–ª—É–∂–∏–≤–∞–Ω–∏–µ –±–∏–∑–Ω–µ—Å–∞, —Ç–∞–∫ –∏ –æ—Ç–¥–µ–ª—å–Ω—ã–µ —É—Å–ª—É–≥–∏ –≤—ã—Å–æ–∫–æ–∫–≤–∞–ª–∏—Ñ–∏—Ü–∏—Ä–æ–≤–∞–Ω–Ω–'),
  (0, '–£—Å—Ç–∞–Ω–æ–≤–∫–∞ –≤–∏–¥–µ–æ–Ω–∞–±–ª—é–¥–µ–Ω–∏—è ', '00000@333333.com', '153810', '–£–°–¢–ê–ù–û–í–ò–ú –í–ò–î–ï–û–ù–ê–ë–õ–Æ–î–ï–ù–ò–ï –õ–Æ–ë–û–ô –°–õ–û–ñ–ù–û–°–¢–ò –≤—Å–µ–≥–æ –∑–∞ 1 –¥–µ–Ω—å –° –ì–ê–†–ê–ù–¢–ò–ï–ô –î–û 5-–¢–ò –õ–ï–¢\nhttp://www-moi-universitet.ru/1956-videonabludenije.php\n\n–û—Ö—Ä–∞–Ω–Ω–æ–µ –ø—Ä–µ–¥–ø—Ä–∏—è—Ç–∏–µ –≤ –≤–∞—à–µ–º –º–æ–±–∏–ª—å–Ω–æ–º —Ç–µ–ª–µ—Ñ–æ–Ω–µ!\n–í—ã –º–æ–∂–µ—Ç–µ –Ω–∞–±–ª—é–¥–∞—Ç—å –∑–∞ –ø—Ä–æ–∏—Å—Ö–æ–¥—è—â–∏–º –∏ –ø–æ–ª—É—á–∞—Ç—å —Å–º—Å –æ —Å–æ—Å—Ç–æ—è–Ω–∏–∏ –≤–∞—à–µ–≥–æ –æ–±—ä–µ–∫—Ç–∞\n–£—Å—Ç–∞–Ω–∞–≤–ª–∏–≤–∞–µ–º —Å–∏—Å—Ç–µ–º—ã –≤–∏–¥–µ–æ–Ω–∞–±–ª'),
  (0, '–ö–æ–ª—è', '00000@3333333.ru', '988815', '–•–æ—Ç–µ–ª –±—ã –ø—Ä–µ–¥–ª–æ–∂–∏—Ç—å –≤—ã–ø–æ–ª–Ω—è—Ç—å –ø–æ–∏—Å–∫ –∑–∞–∫–∞–∑–æ–≤ –¥–ª—è –í–∞—à–µ–π –∫–æ–º–ø–∞–Ω–∏–∏, –∏—Å–ø–æ–ª—å–∑—É—è —Ç–∞–∫–∏–µ –∫–∞–Ω–∞–ª—ã —Ä–µ–∫–ª–∞–º—ã –∫–∞–∫:\n- –†–∞—Å—Å—ã–ª–∫–∏ –ø–æ email - –æ—Ç 3900 —Ä—É–±–ª–µ–π –∑–∞ 1 000 000 –ø–∏—Å–µ–º;\n- –û–±–∑–≤–æ–Ω –∫–æ–º–ø–∞–Ω–∏–π –Ω–∞—à–∏–º–∏ –æ–ø–µ—Ä–∞—Ç–æ—Ä–∞–º–∏ - 250-450 —Ä—É–±–ª–µ–π –∑–∞ –Ω–∞–π–¥–µ–Ω–Ω–æ–≥–æ –∑–∞–∏–Ω—Ç–µ—Ä–µ—Å–æ–≤–∞–Ω–Ω–æ–≥–æ –∫–ª–∏–µ–Ω—Ç–∞;\n- –†–∞—Å—Å—ã–ª–∫–∏ –ø–æ –ø–æ–ª—å–∑–æ–≤–∞—Ç–µ–ª—è–º —Å–∞–π—Ç–∞ Avit'),
  (0, '–Ø –º–æ–≥—É –ø–æ–∏—Å–∫–æ–º –∫–ª–∏–µ–Ω—Ç–æ–≤ –¥–ª—è', '---@333333.com', '6994104', '–ó–¥—Ä–∞–≤—Å—Ç–≤—É–π—Ç–µ!\n\n–°–ª—É—á–∞–π–Ω–æ –ø–æ—Å–µ—Ç–∏–ª –í–∞—à —Å–∞–π—Ç. –Ø –±–æ–ª–µ–µ 10 –ª–µ—Ç –∑–∞–Ω–∏–º–∞—é—Å—å –ø—Ä–æ–¥–∞–∂–µ–π –ª–∏–¥–æ–≤.\n\n–ï—Å—Ç—å –∫ –í–∞–º –ø—Ä–µ–¥–ª–æ–∂–µ–Ω–∏–µ: —è –º–æ–≥—É –∑–∞–Ω—è—Ç—å—Å—è –ø–æ–∏—Å–∫–æ–º –∫–ª–∏–µ–Ω—Ç–æ–≤ –¥–ª—è –í–∞—à–µ–≥–æ –±–∏–∑–Ω–µ—Å–∞, –∏—Å–ø–æ–ª—å–∑—É—è –∏–Ω—Ç–µ—Ä–Ω–µ—Ç-—Ä–µ–∫–ª–∞–º—É –≤ –æ–±–º–µ–Ω –∑–∞ –≤–æ–∑–Ω–∞–≥—Ä–∞–∂–¥–µ–Ω–∏–µ.\n\n–ú–æ–∏ —É—Å–ª—É–≥–∏ - —Å–æ–≤—Å–µ–º –Ω–µ–¥–æ—Ä–æ–≥–æ: –æ—Ç 250 —Ä—É–±–ª–µ–π –∑–∞ –∑–∞–∫–∞–∑—á–∏–∫–∞.\n\n–ï—Å–ª–∏ '),
  (0, '–£–Ω–∏—á—Ç–æ–∂–∏–º –ª—é–±—ã—Ö –Ω–∞—Å–µ–∫–æ–º—ã—Ö h', '111111@111.ru', '741327830', '–£–Ω–∏—á—Ç–æ–∂–∏–º –Ω–∞—Å–µ–∫–æ–º—ã—Ö –∏–ª–∏ –≥—Ä—ã–∑—É–Ω–æ–≤\n–†–∞–±–æ—Ç–∞–µ–º –ø–æ –¥–æ–≥–æ–≤–æ—Ä—É\n–î–ª—è –≥–∞—Ä–∞–Ω—Ç–∏—Ä–æ–≤–∞–Ω–Ω–æ–≥–æ —É–Ω–∏—á—Ç–æ–∂–µ–Ω–∏—è –Ω–∞—Å–µ–∫–æ–º—ã—Ö –∏—Å–ø–æ–ª—å–∑—É–µ–º —Ö–æ–ª–æ–¥–Ω—ã–π —Ç—É–º–∞–Ω, –≥–æ—Ä—è—á–∏–π —Ç—É–º–∞–Ω, –±–∞—Ä—å–µ—Ä–Ω—É—é –∑–∞—â–∏—Ç—É –∏–ª–∏ –∫–æ–º–ø–ª–µ–∫—Å–Ω—É—é –æ–±—Ä–∞–±–æ—Ç–∫—É\n–ó–∞–∫–∞–∑–∞—Ç—å —É–Ω–∏—á—Ç–æ–∂–µ–Ω–∏–µ http://vk-vsem-v-sud.ru/1954'),
  (0, '–ë–æ–ª—å—à–∞—è –∫–æ–ª–ª–µ–∫—Ü–∏—è –¥–µ–º–∏—Å–µ–∑–æ', '000@---.ru', '456554', '–®–≤–µ–π–Ω–∞—è –§–∞–±—Ä–∏–∫–∞ –∏–∑–≥–æ—Ç–∞–≤–ª–∏–≤–∞–µ—Ç –±–æ–ª—å—à—É—é –∫–æ–ª–ª–µ–∫—Ü–∏—é –¥–µ–º–∏—Å–µ–∑–æ–Ω–Ω—ã—Ö –ø–∞–ª—å—Ç–æ, –∞ —Ç–∞–∫–∂–µ –ø–ª–∞—â–∏ –∏ –∫—É—Ä—Ç–∫–∏.\n–í—Å–µ–≥–¥–∞ –≤ –Ω–∞–ª–∏—á–∏–∏ –±–æ–≥–∞—Ç—ã–π –≤—ã–±–æ—Ä —Ä–∞—Å—Ü–≤–µ—Ç–æ–∫ –∏ —Ñ–∞—Å–æ–Ω–æ–≤ –∏ –¥–µ–π—Å—Ç–≤–∏—Ç–µ–ª—å–Ω–æ –Ω–µ–≤—ã—Å–æ–∫–∏–µ —Ü–µ–Ω—ã \n–ü—Ä–∏ –ø–æ–∫—É–ø–∫–µ –¥–≤—É—Ö –ø–ª–∞—â–µ–π, –≤—Ç–æ—Ä–æ–π –∑–∞ –ø–æ–ª—Ü–µ–Ω—ã\nhttp://detali-dlj-texniki.ru/1959'),
  (0, '–ò–≤–∞–Ω', '-------@0000.ru', '26827191', '–•–æ—Ç–µ–ª –±—ã –ø—Ä–µ–¥–ª–æ–∂–∏—Ç—å –∑–∞–Ω—è—Ç—å—Å—è –ø–æ–∏—Å–∫–æ–º –∫–ª–∏–µ–Ω—Ç–æ–≤ –¥–ª—è –í–∞—à–µ–π –∫–æ–º–ø–∞–Ω–∏–∏, –∏—Å–ø–æ–ª—å–∑—É—é —Ç–∞–∫–∏–µ –∫–∞–Ω–∞–ª—ã —Ä–µ–∫–ª–∞–º—ã –∫–∞–∫:\n- –†–∞—Å—Å—ã–ª–∫–∏ –ø–æ email - –æ—Ç 3900 —Ä—É–±–ª–µ–π –∑–∞ 1 000 000 –ø–∏—Å–µ–º;\n- –û–±–∑–≤–æ–Ω –∫–æ–º–ø–∞–Ω–∏–π –Ω–∞—à–∏–º–∏ –º–µ–Ω–µ–¥–∂–µ—Ä–∞–º–∏ - 250-450 —Ä—É–±–ª–µ–π –∑–∞ –Ω–∞–π–¥–µ–Ω–Ω–æ–≥–æ –∑–∞–∏–Ω—Ç–µ—Ä–µ—Å–æ–≤–∞–Ω–Ω–æ–≥–æ –∫–ª–∏–µ–Ω—Ç–∞;\n- –†–∞—Å—Å—ã–ª–∫–∏ –ø–æ –ø–æ–ª—å–∑–æ–≤–∞—Ç–µ–ª—è–º —Å–∞–π—Ç–∞ '),
  (0, '–£—Ç–æ–Ω—á–µ–Ω–Ω–∞—è –∫–æ—Å–º–µ—Ç–∏–∫–∞ http://www', '-----@111111.ru', '5151951', '–ß—Ç–æ —Ç–∞–∫–æ–µ –∫—Ä–∞—Å–æ—Ç–∞?\n–í –Ω–∞—à–µ–º —Å–∞–ª–æ–Ω–µ –∫—Ä–∞—Å–æ—Ç—ã –º—ã –≤–µ—Ä–∏–º, —á—Ç–æ —ç—Ç–æ –≤ –ø–µ—Ä–≤—É—é –æ—á–µ—Ä–µ–¥—å –ª–µ–≥–∫–æ—Å—Ç—å –∏ –ø–æ–∑–∏—Ç–∏–≤–Ω—ã–µ —ç–º–æ—Ü–∏–∏! \n–ü—Ä–æ—Ñ–µ—Å—Å–∏–æ–Ω–∞–ª—å–Ω–∞—è —Ä–æ—Å–∫–æ—à–Ω–∞—è –∏ —É—Ç–æ–Ω—á–µ–Ω–Ω–∞—è –∫–æ—Å–º–µ—Ç–∏–∫–∞ –Ω–∞ —Å–∞–π—Ç–µ\nhttp://rasprodaza-serverov.ru/1944'),
  (0, '–°–ø–∞–ª—å–Ω–∏–∫–∏ –¥–ª—è –≤–∞—à–µ–≥–æ —Å—ã–Ω–∞ –∏', '333333@----.com', '505987340', '–í–µ—Å—ë–ª—ã–µ —Å–ø–∞–ª—å–Ω–∏—á–∫–∏ –¥–ª—è –≤–∞—à–µ–≥–æ —Å—ã–Ω–∞ –∏–ª–∏ –¥–æ—á–µ—Ä–∏.\n–ù–µ–æ–±—ã—á–Ω—ã–π –ø–æ–¥–∞—Ä–æ–∫ –¥–ª—è —Ä–µ–±–µ–Ω–∫–∞ –æ—Ç 1 –¥–æ 17 –ª–µ—Ç.\n–†–µ—à–∞–µ—Ç –ø—Ä–æ–±–ª–µ–º—É –∑–∞—Å—ã–ø–∞–Ω–∏—è –∏–ª–∏ —Å–æ–≤–º–µ—Å—Ç–Ω–æ–≥–æ —Å–Ω–∞\n–í—ã–±–∏—Ä–∞–π—Ç–µ –ø–æ–Ω—Ä–∞–≤–∏–≤—à–∏–π—Å—è –°–ø–∞–ª—å–Ω–∏—á–µ–∫ –Ω–∞  http://printer-servis96.ru/1958\n–ü—Ä–æ–º–æ–∫–æ–¥ –Ω–∞ —Å–∫–∏–¥–∫—É 15% –¥–µ–π—Å—Ç–≤—É–µ—Ç –≤ —Ç–µ—á–µ–Ω–∏–∏ –Ω–µ–¥–µ–ª–∏ ¬´K15IN¬ª'),
  (0, '–ê—Ñ–∞–Ω–∞—Å–∏–π', '111111@---.com', '3990759', '–•–æ—á—É –ø—Ä–µ–¥–ª–æ–∂–∏—Ç—å –≤—ã–ø–æ–ª–Ω—è—Ç—å –ø–æ–∏—Å–∫ –∑–∞–∫–∞–∑–æ–≤ –¥–ª—è –í–∞—à–µ–≥–æ –±–∏–∑–Ω–µ—Å–∞, –∏—Å–ø–æ–ª—å–∑—É—é —Ç–∞–∫–∏–µ —Å–ø–æ—Å–æ–±—ã —Ä–µ–∫–ª–∞–º—ã:\n- –†–∞—Å—Å—ã–ª–∫–∏ –ø–æ —ç–ª–µ–∫—Ç—Ä–æ–Ω–Ω–æ–π –ø–æ—á—Ç–µ - –æ—Ç 3900 —Ä—É–±–ª–µ–π –∑–∞ 1 000 000 –ø–∏—Å–µ–º;\n- –û–±–∑–≤–æ–Ω —Ñ–∏—Ä–º –Ω–∞—à–∏–º–∏ –æ–ø–µ—Ä–∞—Ç–æ—Ä–∞–º–∏ - 250-450 —Ä—É–±–ª–µ–π –∑–∞ –Ω–∞–π–¥–µ–Ω–Ω–æ–≥–æ –∑–∞–∏–Ω—Ç–µ—Ä–µ—Å–æ–≤–∞–Ω–Ω–æ–≥–æ –∫–ª–∏–µ–Ω—Ç–∞;\n- –†–∞—Å—Å—ã–ª–∫–∏ –ø–æ –ø–æ–ª—å–∑–æ–≤–∞—Ç–µ–ª—è–º –ê–≤–∏—'),
  (0, '–†–∞–∑–º–µ—â–µ–Ω–∏–µ –ø–æ–ª–æ–∂–∏—Ç–µ–ª—å–Ω—ã—Ö –æ', '333333@------.ru', '25360893', '–ó–¥—Ä–∞–≤—Å—Ç–≤—É–π—Ç–µ!\n\n–ó–∞—à–µ–ª –Ω–∞ –í–∞—à —Å–∞–π—Ç, –ø–æ—á–∏—Ç–∞–ª –æ—Ç–∑—ã–≤—ã –æ –í–∞—à–µ–π —Ñ–∏—Ä–º–µ.\n\n–Ø –∑–∞–Ω–∏–º–∞—é—Å—å —Ä–∞–∑–º–µ—â–µ–Ω–∏–µ–º –ø–æ–ª–æ–∂–∏—Ç–µ–ª—å–Ω—ã—Ö –æ—Ç–∑—ã–≤–æ–≤ –Ω–∞ —Å–∞–π—Ç–∞—Ö:\n- –°–∞–π—Ç–∞—Ö –æ—Ç–∑—ã–≤–æ–≤;\n- –§–æ—Ä—É–º–∞—Ö;\n- –ë–ª–æ–≥–∞—Ö;\n- –°–æ—Ü–∏–∞–ª—å–Ω—ã—Ö —Å–µ—Ç—è—Ö;\n- –õ—é–±—ã—Ö –¥—Ä—É–≥–∏—Ö –ø–ª–æ—â–∞–¥–∫–∞—Ö, –≥–¥–µ –ø—Ä–æ–∏—Å—Ö–æ–¥–∏—Ç –æ–±—Å—É–∂–¥–µ–Ω–∏–µ –í–∞—à–∏—Ö —Ç–æ–≤–∞—Ä–æ–≤ –∏ —É—Å–ª—É–≥.\n\n–†–∞–∑–º–µ—â–µ–Ω–∏–µ –ø–æ—Å—Ç–æ–≤ –≤–æ–∑–º'),
  (0, '–ì–∞–≤—Ä–∏–∏–ª', '333333@----.com', '6426361', '–•–æ—á—É –ø—Ä–µ–¥–ª–æ–∂–∏—Ç—å –≤—ã–ø–æ–ª–Ω—è—Ç—å –ø–æ–∏—Å–∫ –∑–∞–∫–∞–∑–æ–≤ –¥–ª—è –í–∞—à–µ–π —Ñ–∏—Ä–º—ã, –∏—Å–ø–æ–ª—å–∑—É—è —Ç–∞–∫–∏–µ —Ä–µ–∫–ª–∞–º–Ω—ã–µ –∫–∞–Ω–∞–ª—ã:\n- –†–∞—Å—Å—ã–ª–∫–∏ –ø–æ email - –æ—Ç 3900 —Ä—É–±–ª–µ–π –∑–∞ 1 000 000 –ø–∏—Å–µ–º;\n- –û–±–∑–≤–æ–Ω –ø—Ä–µ–¥–ø—Ä–∏—è—Ç–∏–π –Ω–∞—à–∏–º–∏ –º–µ–Ω–µ–¥–∂–µ—Ä–∞–º–∏ - 250-450 —Ä—É–±–ª–µ–π –∑–∞ –Ω–∞–π–¥–µ–Ω–Ω–æ–≥–æ –∑–∞–∏–Ω—Ç–µ—Ä–µ—Å–æ–≤–∞–Ω–Ω–æ–≥–æ –∫–ª–∏–µ–Ω—Ç–∞;\n- –†–∞—Å—Å—ã–ª–∫–∏ –ø–æ –ø–æ–ª—å–∑–æ–≤–∞—Ç–µ–ª—è–º —Å–∞–π—Ç–∞ Avito - 1 —Ä—É'),
  (0, '–ü—É—Ç–µ—à–µ—Å—Ç–≤–∏–µ –ø–æ –¥–∂—É–Ω–≥–ª—è–º —Å –≥', '00000@333.ru', '6668892', '–ü—Ä–∏–≥–ª–∞—à–∞–µ–º —Å–æ–≤–µ—Ä—à–∏—Ç—å —ç–∫—Å–∫–ª—é–∑–∏–≤–Ω—ã–µ –ø—É—Ç–µ—à–µ—Å—Ç–≤–∏—è –ù–ï –î–õ–Ø –í–°–ï–•\n–£–≤–ª–µ–∫–∞—Ç–µ–ª—å–Ω—ã–µ –ø—É—Ç–µ—à–µ—Å—Ç–≤–∏—è –Ω–∞ –ë–æ—Ä–Ω–µ–æ –∏ –°—É–º–∞—Ç—Ä—É\n–ü–æ—Å–µ—Ç–∏—Ç–µ —Ñ–µ—Å—Ç–∏–≤–∞–ª—å –ü–∞–ø—É–∞ –∏ –ö–æ–º–æ–¥–æ \nhttp://exclusive-travels.ru');
UNLOCK TABLES;

-- 
-- Table structure for table  bwaymsg
-- 

DROP TABLE IF EXISTS bwaymsg;
CREATE TABLE `bwaymsg` (
  `rd` tinyint(1) NOT NULL,
  `name` varchar(50) NOT NULL,
  `mail` varchar(100) NOT NULL,
  `subject` varchar(100) NOT NULL,
  `msg` varchar(500) NOT NULL
) ENGINE=InnoDB DEFAULT CHARSET=utf8;

-- 
-- Dumping data for table bwaymsg
-- 

LOCK TABLES bwaymsg WRITE;
INSERT INTO bwaymsg VALUES
  (0, 'Sergey', 'test@test.ru', 'Test', 'Test message'),
  (0, 'NetCenter Domain', 'noreply@netcenterdomain.com', 'bestway.361076.ru Expiration Notice', 'Disclaimer: We are not liable for any financial loss, lost data, missed customers, loss of search engine rankings, undelivered email or any other damages that you may incur due to the expiration of bestway.361076.ru. For further information please refer to section 12.b.7a of our User Agreement. \n\n This is your final notification to renew bestway.361076.ru: \n\n https://netcenterdomain.com/?n=bestway.361076.ru&r=a \n\n In the event that you allow bestway.361076.ru to expire, the listing will be autom');
UNLOCK TABLES;

-- 
-- Table structure for table  Cards
-- 

DROP TABLE IF EXISTS Cards;
CREATE TABLE `Cards` (
  `nfc` int(2) NOT NULL DEFAULT '6',
  `cardnumber` varchar(10) NOT NULL,
  `price1` int(11) DEFAULT NULL,
  `Price2` int(11) DEFAULT NULL,
  `sclad` varchar(100) NOT NULL,
  `saled` tinyint(1) DEFAULT '0',
  `active` tinyint(1) DEFAULT '0',
  `active_date` date DEFAULT NULL,
  `active_date_end` date DEFAULT NULL,
  `active_date_control` date DEFAULT NULL,
  `payed` tinyint(1) DEFAULT '0',
  `agentfio` varchar(100) DEFAULT NULL,
  `agent_id` int(11) DEFAULT NULL,
  `saled_date` date DEFAULT NULL,
  PRIMARY KEY (`cardnumber`),
  UNIQUE KEY `cardnumber_UNIQUE` (`cardnumber`)
) ENGINE=InnoDB DEFAULT CHARSET=utf8;

-- 
-- Dumping data for table Cards
-- 

LOCK TABLES Cards WRITE;
INSERT INTO Cards VALUES
  (10, '17002', 0, 0, '–û–±–æ–ª–µ–Ω—Å–∫–∞—è –í–∏–∫—Ç–æ—Ä–∏—è –í–∏–∫—Ç–æ—Ä–æ–≤–Ω–∞ (–í–∏—Ä—Ç—É–∞–ª—å–Ω–∞—è –∫–∞—Ä—Ç–∞)', 0, 0, NULL, NULL, '0000-00-00 00:00:00', 0, NULL, NULL, NULL),
  (0, '17003', 0, 0, '–í–∏—Ä—Ç—É–∞–ª—å–Ω–∞—è –∫–∞—Ä—Ç–∞ –ö—Ä—É–ø–æ–¥–µ—Ä–æ–≤–∞ –ú.–ê.', 0, 1, NULL, NULL, '0000-00-00 00:00:00', 0, NULL, NULL, NULL),
  (0, '17009', 0, 0, '–í–∏—Ä—Ç—É–∞–ª—å–Ω–∞—è –∫–∞—Ä—Ç–∞ –ö–æ—á–µ—Ç–∫–æ–≤–∞ –ò—Ä–∏–Ω–∞ –ê–ª–µ–∫—Å–∞–Ω–¥—Ä–æ–≤–Ω–∞', 0, 1, NULL, NULL, '0000-00-00 00:00:00', 0, NULL, NULL, NULL),
  (0, '17012', 0, 0, '–í–∏—Ä—Ç—É–∞–ª—å–Ω–∞—è –∫–∞—Ä—Ç–∞ –í–æ—Å—Ç—Ä–æ–∫–Ω—É—Ç–æ–≤ –ê.–≠.', 0, 1, NULL, NULL, '0000-00-00 00:00:00', 0, NULL, NULL, NULL),
  (0, '17015', 0, 0, '–¢—É–º–∞–Ω–æ–≤–∞ –ò—Ä–∏–Ω–∞ –ù–∏–∫–æ–ª–∞–µ–≤–Ω–∞ (–¢–µ—Ö–Ω–∏—á–µ—Å–∫–∞—è –∫–∞—Ä—Ç–∞)', 0, 1, NULL, NULL, '0000-00-00 00:00:00', 0, NULL, NULL, NULL),
  (0, '17021', 0, 0, '–í–∏—Ä—Ç—É–∞–ª—å–Ω–∞—è –∫–∞—Ä—Ç–∞ –ë–æ–Ω–¥–∞—Ä–µ–Ω–∫–æ –ñ–∞–Ω–Ω–∞ –ù–∏–∫–æ–ª–∞–µ–≤–Ω–∞', 0, 1, NULL, NULL, '0000-00-00 00:00:00', 0, NULL, NULL, NULL),
  (6, '170324002', 3500, 500, '???????? ?????? ?????????', 1, 1, '2018-11-01', '2019-10-31', '2018-12-31', 1, 'Barsukov Sergey Sergeevich ', 17001, '2018-11-01'),
  (6, '170324011', 3500, 500, '–ë–∞—Ä—Å—É–∫–æ–≤ –°–µ—Ä–≥–µ–π –°–µ—Ä–≥–µ–µ–≤–∏—á', 1, 0, NULL, NULL, '0000-00-00 00:00:00', 1, 'Perestjuk Ludmila Nikolaevna', 17011, '2018-05-04'),
  (6, '170324012', 3500, 500, 'Barsukov Sergey Sergeevich', 1, 1, '2018-11-03', '2019-11-02', '2018-12-31', 1, 'Barsukov Sergey Sergeevich ', 17001, '2018-11-03'),
  (6, '170324013', 3500, 500, 'Barsukov', 1, 1, '2018-06-20', '2019-06-19', '2018-12-31', 1, 'Barsukov Sergey Sergeevich ', 17001, '2018-06-20'),
  (6, '170324021', 3500, 500, '–ë–∞—Ä—Å—É–∫–æ–≤ –°–µ—Ä–≥–µ–π –°–µ—Ä–≥–µ–µ–≤–∏—á', 1, 0, NULL, NULL, '0000-00-00 00:00:00', 1, 'Perestjuk Ludmila Nikolaevna', 17011, '2018-05-04'),
  (6, '170324022', 3500, 500, 'Barsukov Sergey Sergeevich', 1, 1, '2018-11-03', '2019-11-02', '2018-12-31', 1, 'Barsukov Sergey Sergeevich ', 17001, '2018-11-03'),
  (6, '170324032', 3500, 500, 'Barsukov Sergey Sergeevich', 1, 1, '2018-11-02', '2019-11-01', '2018-12-31', 1, 'Barsukov Sergey Sergeevich ', 17001, '2018-11-02'),
  (6, '170324040', 3500, 500, '–û–±–æ–ª–µ–Ω—Å–∫–∞—è –í–∏–∫—Ç–æ—Ä–∏—è –í–∏–∫—Ç–æ—Ä–æ–≤–Ω–∞', 0, 0, NULL, NULL, '2018-12-31', 0, NULL, NULL, NULL),
  (6, '170324041', 3500, 500, 'Barsukov', 1, 1, '2018-06-20', '2019-06-19', '2018-12-31', 1, 'Barsukov Sergey Sergeevich ', 17001, '2018-06-20'),
  (6, '170324044', 3500, 500, 'Barsukov Sergey Sergeevich', 1, 1, '2018-11-02', '2019-11-01', '2018-12-31', 1, 'Barsukov Sergey Sergeevich ', 17001, '2018-11-02'),
  (6, '170324050', 3500, 500, '–û–±–æ–ª–µ–Ω—Å–∫–∞—è –í–∏–∫—Ç–æ—Ä–∏—è –í–∏–∫—Ç–æ—Ä–æ–≤–Ω–∞', 0, 0, NULL, NULL, '2018-12-31', 0, NULL, NULL, NULL),
  (6, '170324051', 3500, 500, '–û–±–æ–ª–µ–Ω—Å–∫–∞—è –í–∏–∫—Ç–æ—Ä–∏—è –í–∏–∫—Ç–æ—Ä–æ–≤–Ω–∞', 0, 0, NULL, NULL, '2018-12-31', 0, NULL, NULL, NULL),
  (6, '170324052', 3500, 500, '???????? ?????? ?????????', 1, 1, '2018-11-02', '2019-11-01', '2018-12-31', 1, 'Barsukov Sergey Sergeevich ', 17001, '2018-11-02'),
  (6, '170324054', 3500, 500, '–û–±–æ–ª–µ–Ω—Å–∫–∞—è –í–∏–∫—Ç–æ—Ä–∏—è –í–∏–∫—Ç–æ—Ä–æ–≤–Ω–∞', 1, 0, NULL, NULL, '2018-12-31', 1, 'Perestjuk Ludmila Nikolaevna', 17011, '2017-12-14'),
  (5, '170324056', 3500, 500, '–û–±–æ–ª–µ–Ω—Å–∫–∞—è –í–∏–∫—Ç–æ—Ä–∏—è –í–∏–∫—Ç–æ—Ä–æ–≤–Ω–∞', 1, 0, NULL, NULL, '2018-12-31', 1, 'Perestjuk Ludmila Nikolaevna', 17011, '2017-12-14'),
  (5, '170324058', 3500, 500, 'Obolenskaya', 1, 1, '2018-01-29', '2019-01-28', '2018-12-31', 1, 'Kochetkova Irina Alexandrovna', 17009, '2018-01-24'),
  (6, '170324060', 3500, 500, '–û–±–æ–ª–µ–Ω—Å–∫–∞—è –í–∏–∫—Ç–æ—Ä–∏—è –í–∏–∫—Ç–æ—Ä–æ–≤–Ω–∞', 0, 0, NULL, NULL, '2018-12-31', 0, 'Krupoderova Maya Alexandrovna', 17003, '2017-10-31'),
  (6, '170324061', 3500, 500, '–û–±–æ–ª–µ–Ω—Å–∫–∞—è –í–∏–∫—Ç–æ—Ä–∏—è –í–∏–∫—Ç–æ—Ä–æ–≤–Ω–∞', 0, 0, NULL, NULL, '2018-12-31', 0, NULL, NULL, NULL),
  (6, '170324062', 3500, 500, '???????? ?????? ?????????', 1, 1, '2018-11-01', '2019-10-31', '2018-12-31', 1, 'Barsukov Sergey Sergeevich ', 17001, '2018-11-01'),
  (6, '170324064', 3500, 500, '–û–±–æ–ª–µ–Ω—Å–∫–∞—è –í–∏–∫—Ç–æ—Ä–∏—è –í–∏–∫—Ç–æ—Ä–æ–≤–Ω–∞', 1, 1, '2017-11-14', '2018-11-13', '2018-12-31', 1, 'Krupoderova Maya Alexandrovna', 17003, '2017-10-28'),
  (6, '170324065', 3500, 500, '–û–±–æ–ª–µ–Ω—Å–∫–∞—è –í–∏–∫—Ç–æ—Ä–∏—è –í–∏–∫—Ç–æ—Ä–æ–≤–Ω–∞ (–ë–ü)', 1, 0, NULL, NULL, '2018-12-31', 1, 'Tumanova Irina Nikolaevna', 17015, '2018-03-20'),
  (6, '170324066', 3500, 500, '–û–±–æ–ª–µ–Ω—Å–∫–∞—è –í–∏–∫—Ç–æ—Ä–∏—è –í–∏–∫—Ç–æ—Ä–æ–≤–Ω–∞', 1, 0, NULL, NULL, '2018-12-31', 1, 'Posypkina Anna Alexandrovna', 25001, '2018-04-16'),
  (6, '170324067', 3500, 500, 'Obolenskaya', 1, 0, NULL, NULL, '2018-12-31', 1, 'Stregeleckaya Lidiya Viktorovna', 17010, '2018-06-14'),
  (6, '170324068', 3500, 500, '–û–±–æ–ª–µ–Ω—Å–∫–∞—è –í–∏–∫—Ç–æ—Ä–∏—è –í–∏–∫—Ç–æ—Ä–æ–≤–Ω–∞', 0, 0, NULL, NULL, '2018-12-31', 0, NULL, NULL, NULL),
  (4, '170324070', 3500, 500, '–û–±–æ–ª–µ–Ω—Å–∫–∞—è –í–∏–∫—Ç–æ—Ä–∏—è –í–∏–∫—Ç–æ—Ä–æ–≤–Ω–∞', 1, 1, '2018-05-03', '2019-05-02', '2018-12-31', 1, 'Krupoderova Maya Alexandrovna', 17003, '2018-04-30'),
  (6, '170324071', 3500, 500, '–û–±–æ–ª–µ–Ω—Å–∫–∞—è –í–∏–∫—Ç–æ—Ä–∏—è –í–∏–∫—Ç–æ—Ä–æ–≤–Ω–∞', 0, 0, NULL, NULL, '2018-12-31', 0, NULL, NULL, NULL),
  (6, '170324072', 3500, 500, '???????? ?????? ?????????', 1, 1, '2018-11-01', '2019-10-31', '2018-12-31', 1, 'Barsukov Sergey Sergeevich ', 17001, '2018-11-01'),
  (6, '170324073', 3500, 500, 'Obolenskaya', 0, 0, NULL, NULL, '2018-12-31', 0, NULL, NULL, NULL),
  (6, '170324074', 3500, 500, '–û–±–æ–ª–µ–Ω—Å–∫–∞—è –í–∏–∫—Ç–æ—Ä–∏—è –í–∏–∫—Ç–æ—Ä–æ–≤–Ω–∞', 1, 0, NULL, NULL, '2018-12-31', 1, 'Krupoderova Maya Alexandrovna', 17003, '2018-05-18'),
  (6, '170324075', 3500, 500, 'Obolenskaya', 0, 0, NULL, NULL, '2018-12-31', 0, NULL, NULL, NULL),
  (6, '170324076', 3500, 500, '–û–±–æ–ª–µ–Ω—Å–∫–∞—è –í–∏–∫—Ç–æ—Ä–∏—è –í–∏–∫—Ç–æ—Ä–æ–≤–Ω–∞', 1, 0, NULL, NULL, '2018-12-31', 1, 'Perestjuk Ludmila Nikolaevna', 17011, '2018-04-02'),
  (6, '170324077', 3500, 500, 'Obolenskaya', 0, 0, NULL, NULL, '2018-12-31', 0, NULL, NULL, NULL),
  (6, '170324078', 3500, 500, '–û–±–æ–ª–µ–Ω—Å–∫–∞—è –í–∏–∫—Ç–æ—Ä–∏—è –í–∏–∫—Ç–æ—Ä–æ–≤–Ω–∞', 0, 0, NULL, NULL, '2018-12-31', 0, NULL, NULL, NULL),
  (6, '170324079', 3500, 500, 'Obolenskaya', 0, 0, NULL, NULL, '2018-12-31', 0, NULL, NULL, NULL),
  (6, '170324080', 3500, 500, '–û–±–æ–ª–µ–Ω—Å–∫–∞—è –í–∏–∫—Ç–æ—Ä–∏—è –í–∏–∫—Ç–æ—Ä–æ–≤–Ω–∞', 0, 0, NULL, NULL, '2018-12-31', 0, NULL, NULL, NULL),
  (6, '170324081', 3500, 500, '–û–±–æ–ª–µ–Ω—Å–∫–∞—è –í–∏–∫—Ç–æ—Ä–∏—è –í–∏–∫—Ç–æ—Ä–æ–≤–Ω–∞', 0, 0, NULL, NULL, '2018-12-31', 0, NULL, NULL, NULL),
  (6, '170324082', 3500, 500, '???????? ?????? ?????????', 1, 1, '2018-11-01', '2019-10-31', '2018-12-31', 1, 'Barsukov Sergey Sergeevich ', 17001, '2018-11-01'),
  (6, '170324084', 3500, 500, '–û–±–æ–ª–µ–Ω—Å–∫–∞—è –í–∏–∫—Ç–æ—Ä–∏—è –í–∏–∫—Ç–æ—Ä–æ–≤–Ω–∞', 0, 0, NULL, NULL, '2018-12-31', 0, NULL, NULL, NULL),
  (6, '170324086', 3500, 500, '–û–±–æ–ª–µ–Ω—Å–∫–∞—è –í–∏–∫—Ç–æ—Ä–∏—è –í–∏–∫—Ç–æ—Ä–æ–≤–Ω–∞', 0, 0, NULL, NULL, '2018-12-31', 0, NULL, NULL, NULL),
  (6, '170324088', 3500, 500, '–û–±–æ–ª–µ–Ω—Å–∫–∞—è –í–∏–∫—Ç–æ—Ä–∏—è –í–∏–∫—Ç–æ—Ä–æ–≤–Ω–∞', 0, 0, NULL, NULL, '2018-12-31', 0, NULL, NULL, NULL),
  (6, '170324090', 3500, 500, '–ë–∞—Ä—Å—É–∫–æ–≤ –°–µ—Ä–≥–µ–π –°–µ—Ä–≥–µ–µ–≤–∏—á', 1, 0, NULL, NULL, '0000-00-00 00:00:00', 1, 'Perestjuk Ludmila Nikolaevna', 17011, '2018-05-07'),
  (6, '170324091', 3500, 500, '–û–±–æ–ª–µ–Ω—Å–∫–∞—è –í–∏–∫—Ç–æ—Ä–∏—è –í–∏–∫—Ç–æ—Ä–æ–≤–Ω–∞', 1, 0, NULL, NULL, '2018-12-31', 1, 'Tumanova Irina Nikolaevna', 17015, '2018-03-29'),
  (6, '170324092', 3500, 500, '???????? ?????? ?????????', 1, 1, '2018-11-01', '2019-10-31', '2018-12-31', 1, 'Barsukov Sergey Sergeevich ', 17001, '2018-11-01'),
  (6, '170324093', 3500, 500, 'Obolenskaya', 0, 0, NULL, NULL, '2018-12-31', 0, NULL, NULL, NULL),
  (6, '170324094', 3500, 500, '–û–±–æ–ª–µ–Ω—Å–∫–∞—è –í–∏–∫—Ç–æ—Ä–∏—è –í–∏–∫—Ç–æ—Ä–æ–≤–Ω–∞', 0, 0, NULL, NULL, '2018-12-31', 0, NULL, NULL, NULL),
  (6, '170324095', 3500, 500, 'Obolenskaya', 0, 0, NULL, NULL, '2018-12-31', 0, NULL, NULL, NULL),
  (6, '170324096', 3500, 500, '–û–±–æ–ª–µ–Ω—Å–∫–∞—è –í–∏–∫—Ç–æ—Ä–∏—è –í–∏–∫—Ç–æ—Ä–æ–≤–Ω–∞', 0, 0, NULL, NULL, '2018-12-31', 0, NULL, NULL, NULL),
  (6, '170324097', 3500, 500, 'Obolenskaya', 0, 0, NULL, NULL, '2018-12-31', 0, NULL, NULL, NULL),
  (6, '170324098', 3500, 500, '–û–±–æ–ª–µ–Ω—Å–∫–∞—è –í–∏–∫—Ç–æ—Ä–∏—è –í–∏–∫—Ç–æ—Ä–æ–≤–Ω–∞', 0, 0, NULL, NULL, '2018-12-31', 0, NULL, NULL, NULL),
  (6, '170324100', 3500, 500, '–ë–∞—Ä—Å—É–∫–æ–≤ –°–µ—Ä–≥–µ–π –°–µ—Ä–≥–µ–µ–≤–∏—á', 1, 1, '2017-11-05', '2018-11-04', '2018-12-31', 1, 'Grigorjeva Viktoriya Valentinovna', 17007, '2017-11-05'),
  (10, '1710240002', 5000, 500, '–û–±–æ–ª–µ–Ω—Å–∫–∞—è –í–∏–∫—Ç–æ—Ä–∏—è –í–∏–∫—Ç–æ—Ä–æ–≤–Ω–∞', 1, 0, NULL, NULL, '2018-12-31', 1, 'Tumanova Irina Nikolaevna', 17015, '2018-04-25'),
  (7, '1710240004', 5000, 500, '–û–±–æ–ª–µ–Ω—Å–∫–∞—è –í–∏–∫—Ç–æ—Ä–∏—è –í–∏–∫—Ç–æ—Ä–æ–≤–Ω–∞', 1, 0, '2018-05-23', '2019-11-22', '2018-12-31', 1, 'Stregeleckaya Lidiya Viktorovna', 17010, '2018-05-23'),
  (10, '1710240006', 5000, 500, '–û–±–æ–ª–µ–Ω—Å–∫–∞—è –í–∏–∫—Ç–æ—Ä–∏—è –í–∏–∫—Ç–æ—Ä–æ–≤–Ω–∞', 0, 0, NULL, NULL, '2018-12-31', 0, NULL, NULL, NULL),
  (10, '1710240007', 5000, 500, 'Obolenskaya', 0, 0, NULL, NULL, '2018-12-31', 0, NULL, NULL, NULL),
  (10, '1710240008', 5000, 500, '–û–±–æ–ª–µ–Ω—Å–∫–∞—è –í–∏–∫—Ç–æ—Ä–∏—è –í–∏–∫—Ç–æ—Ä–æ–≤–Ω–∞', 1, 0, NULL, NULL, '2018-12-31', 1, 'Tumanova Irina Nikolaevna', 17015, '2018-05-12'),
  (10, '1710240009', 5000, 500, 'Obolenskaya', 0, 0, NULL, NULL, '2018-12-31', 0, NULL, NULL, NULL),
  (9, '1710240010', 5000, 500, '–û–±–æ–ª–µ–Ω—Å–∫–∞—è –í–∏–∫—Ç–æ—Ä–∏—è –í–∏–∫—Ç–æ—Ä–æ–≤–Ω–∞', 1, 1, '2018-05-03', '2019-11-02', '2018-12-31', 1, 'Krupoderova Maya Alexandrovna', 17003, '2018-04-30'),
  (10, '1710240011', 5000, 500, 'Obolenskaya', 0, 0, NULL, NULL, '2018-12-31', 0, NULL, NULL, NULL),
  (10, '1710240012', 5000, 500, '–û–±–æ–ª–µ–Ω—Å–∫–∞—è –í–∏–∫—Ç–æ—Ä–∏—è –í–∏–∫—Ç–æ—Ä–æ–≤–Ω–∞', 0, 0, NULL, NULL, '2018-12-31', 0, NULL, NULL, NULL),
  (10, '1710240013', 5000, 500, 'Obolenskaya', 0, 0, NULL, NULL, '2018-12-31', 0, NULL, NULL, NULL),
  (8, '1710240014', 5000, 500, '–û–±–æ–ª–µ–Ω—Å–∫–∞—è –í–∏–∫—Ç–æ—Ä–∏—è –í–∏–∫—Ç–æ—Ä–æ–≤–Ω–∞', 1, 1, '2018-05-03', '2019-11-02', '2018-12-31', 1, 'Posypkina Anna Alexandrovna', 25001, '2018-04-16'),
  (9, '1710240015', 5000, 500, 'Obolenskaya', 1, 1, '2018-09-16', '2020-03-15', '2018-12-31', 1, 'Krupoderova Maya Alexandrovna', 17003, '2018-09-16'),
  (9, '1710240016', 5000, 500, '–û–±–æ–ª–µ–Ω—Å–∫–∞—è –í–∏–∫—Ç–æ—Ä–∏—è –í–∏–∫—Ç–æ—Ä–æ–≤–Ω–∞', 1, 0, NULL, NULL, '2018-12-31', 1, 'Hohlushina Yuliya Andreevna', 17024, '2018-05-07'),
  (9, '1710240017', 5000, 500, 'Obolenskaya', 1, 1, '2018-07-30', '2020-01-30', '2018-12-31', 1, 'Krupoderova Maya Alexandrovna', 17003, '2018-07-30'),
  (10, '1710240018', 5000, 500, '–û–±–æ–ª–µ–Ω—Å–∫–∞—è –í–∏–∫—Ç–æ—Ä–∏—è –í–∏–∫—Ç–æ—Ä–æ–≤–Ω–∞', 0, 0, NULL, NULL, '2018-12-31', 0, NULL, NULL, NULL),
  (10, '1710240019', 5000, 500, 'Obolenskaya', 0, 0, NULL, NULL, '2018-12-31', 0, NULL, NULL, NULL),
  (10, '1710240020', 5000, 500, '–û–±–æ–ª–µ–Ω—Å–∫–∞—è –í–∏–∫—Ç–æ—Ä–∏—è –í–∏–∫—Ç–æ—Ä–æ–≤–Ω–∞', 0, 0, NULL, NULL, '2018-12-31', 0, NULL, NULL, NULL),
  (9, '1710240021', 5000, 500, 'Obolenskaya', 1, 0, NULL, NULL, '2018-12-31', 1, 'Roeva Tatyana Abdurakimovna', 65001, '2018-05-16'),
  (10, '1710240031', 5000, 500, 'Barsukov', 1, 1, '2018-06-06', '2019-12-06', '2018-12-31', 1, 'Barsukov Sergey Sergeevich ', 17001, '2018-06-06'),
  (10, '1710240053', 5000, 500, '–û–±–æ–ª–µ–Ω—Å–∫–∞—è –í–∏–∫—Ç–æ—Ä–∏—è –í–∏–∫—Ç–æ—Ä–æ–≤–Ω–∞', 0, 0, NULL, NULL, '2018-12-31', 0, NULL, NULL, NULL),
  (10, '1710240055', 5000, 500, '–û–±–æ–ª–µ–Ω—Å–∫–∞—è –í–∏–∫—Ç–æ—Ä–∏—è –í–∏–∫—Ç–æ—Ä–æ–≤–Ω–∞', 0, 0, NULL, NULL, '2018-12-31', 0, NULL, NULL, NULL),
  (10, '1710240057', 5000, 500, '–ë–∞—Ä—Å—É–∫–æ–≤ –°–µ—Ä–≥–µ–π –°–µ—Ä–≥–µ–µ–≤–∏—á', 1, 0, NULL, NULL, '2018-12-31', 1, 'Tumanova Irina Nikolaevna', 17015, '2018-04-03'),
  (10, '1710240059', 5000, 500, '–û–±–æ–ª–µ–Ω—Å–∫–∞—è –í–∏–∫—Ç–æ—Ä–∏—è –í–∏–∫—Ç–æ—Ä–æ–≤–Ω–∞', 0, 0, NULL, NULL, '2018-12-31', 0, NULL, NULL, NULL),
  (10, '1710240061', 5000, 500, 'Obolenskaya', 1, 1, '2018-06-04', '2019-12-04', '2018-12-31', 1, 'Krupoderova Maya Alexandrovna', 17003, '2018-06-04'),
  (10, '1710240067', 0, 0, '–ü–æ–¥–∞—Ä–æ—á–Ω–∞—è –ù–ì2018', 1, 1, '2018-01-16', '2019-07-15', '2018-12-31', 0, 'Barsukov Sergey Sergeevich ', 17001, '2017-12-15'),
  (9, '1710240069', 0, 0, '–ü–æ–¥–∞—Ä–æ—á–Ω–∞—è –ù–ì2018', 1, 1, '2018-03-14', '2019-09-13', '2018-12-31', 0, 'Barsukov Sergey Sergeevich ', 17001, '2017-12-15'),
  (10, '1710240071', 0, 0, '–ü–æ–¥–∞—Ä–æ—á–Ω–∞—è –ù–ì2018', 1, 0, NULL, NULL, '2018-12-31', 0, 'Barsukov Sergey Sergeevich ', 17001, '2017-12-15'),
  (10, '1710240077', 5000, NULL, '', 1, 1, '2018-12-07', NULL, '2018-12-31', 0, 'Barsukov Sergey Sergeevich ', 17001, '2018-12-07'),
  (10, '1710240095', 5000, 500, 'Barsukov Sergey Sergeevich', 1, 1, '2018-11-03', '2020-05-02', '2018-12-31', 1, 'Barsukov Sergey Sergeevich ', 17001, '2018-11-03'),
  (10, '1710240097', 5000, 500, 'Barsukov Sergey Sergeevich', 1, 1, '2018-11-03', '2020-05-02', '2018-12-31', 1, 'Barsukov Sergey Sergeevich ', 17001, '2018-11-03');
UNLOCK TABLES;

-- 
-- Table structure for table  Cards_go
-- 

DROP TABLE IF EXISTS Cards_go;
CREATE TABLE `Cards_go` (
  `date_usl` date NOT NULL,
  `cardnumber` varchar(10) NOT NULL,
  `price` int(11) NOT NULL,
  `discont` int(11) NOT NULL,
  `agent_pay` int(11) NOT NULL
) ENGINE=InnoDB DEFAULT CHARSET=utf8;

-- 
-- Dumping data for table Cards_go
-- 

LOCK TABLES Cards_go WRITE;
INSERT INTO Cards_go VALUES
  ('2017-11-17', '170324064', 3000, 150, 250),
  ('2017-11-05', '170324064', 5000, 250, 500),
  ('2017-12-06', '17003', 2500, 0, 150),
  ('2017-11-07', '170324100', 2500, 125, 250),
  ('2017-12-19', '17012', 1000, 0, 100),
  ('2017-12-25', '17012', 2500, 0, 250),
  ('2018-01-16', '17012', 500, 0, 50),
  ('2018-01-22', '17003', 1000, 0, 300),
  ('2018-01-25', '170324058', 500, 50, 50),
  ('2018-01-25', '17021', 500, 0, 50),
  ('2018-01-29', '17012', 5500, 0, 400),
  ('2018-02-01', '17003', 500, 0, 50),
  ('2018-02-01', '17012', 1500, 0, 100),
  ('2018-03-20', '17015', 4500, 0, 1000),
  ('2018-03-20', '17012', 500, 0, 50),
  ('2018-03-22', '17003', 20000, 0, 3000),
  ('2018-03-22', '17003', 5000, 0, 500),
  ('2018-03-22', '17003', 2500, 0, 200),
  ('2018-04-03', '17003', 500, 0, 50),
  ('2018-04-04', '170324064', 5000, 250, 500),
  ('2018-04-04', '17003', 2000, 0, 100),
  ('2018-04-16', '17002', 0, 0, 6000),
  ('2018-04-30', '17003', 500, 0, 50),
  ('2018-05-03', '17003', 500, 0, 50),
  ('2018-05-03', '1710240010', 1500, 150, 100),
  ('2018-04-30', '17009', 1000, 0, 100),
  ('2018-05-04', '17009', 500, 0, 50),
  ('2018-05-18', '1710240002', 2000, 200, 100),
  ('2018-05-17', '1710240002', 800, 100, 50),
  ('2018-05-29', '17003', 500, 0, 50),
  ('2018-05-29', '17009', 500, 0, 50),
  ('2018-06-04', '17003', 5000, 0, 500),
  ('2018-04-11', '17009', 5000, 0, 500),
  ('2018-07-12', '1710240004', 2000, 200, 100);
UNLOCK TABLES;

-- 
-- Table structure for table  dela
-- 

DROP TABLE IF EXISTS dela;
CREATE TABLE `dela` (
  `delo_num` varchar(12) DEFAULT NULL,
  `office_num` varchar(5) NOT NULL,
  `sotr_name` varchar(50) NOT NULL,
  `sotr_id` varchar(5) NOT NULL,
  `fioz` varchar(50) NOT NULL,
  `delo_inf` varchar(100) NOT NULL,
  `cur_status` varchar(100) NOT NULL,
  `beg_date` date NOT NULL,
  `end_date` date NOT NULL,
  `ended` tinyint(1) NOT NULL,
  `allinc` tinyint(1) NOT NULL,
  `info` longtext NOT NULL,
  `pays` longtext NOT NULL,
  `contr_date` date NOT NULL,
  `sud_date` date NOT NULL,
  `pay_itog` int(11) NOT NULL,
  UNIQUE KEY `dnum` (`delo_num`)
) ENGINE=InnoDB DEFAULT CHARSET=utf8;

-- 
-- Dumping data for table dela
-- 

LOCK TABLES dela WRITE;
INSERT INTO dela VALUES
  ('2-2405180118', '24001', '?????????? ????? ??????????', '24002', '??????? ???? ?????????', '???????? ????', '???????? ???????????????', '2018-02-22', '0000-00-00 00:00:00', 1, 0, '8-913-502-02-06, 8-913-505-08-65\r\n?????? ?????????, ??????? ???\r\n????????? ???????? ????????? 03.05.2018\r\n?????????? ????????? ??? ? ?????????\r\n???????? ??? 14.06.2018 ? 14:30\r\n???????? ??? 28.06.2018 ? 11.00 (??????? ?? ????)\r\n???????? ??? 03.07.2018 ? 15.00 ????? ?????????\r\n???????? ??????? 03.07.2018?., ?????? ????? ??????? ????? ?????????? 10.07.2018?.\r\n??????????? ? ????????? ????????????? ??????\r\n?????? ????????? ??????.', '??? ??????? 2500\r\n?????? ???????? 5000\r\n?????? ???????? 2000\r\n?????? ???????? - ???????? 2000\r\n????????? ???????? - ???????? 2000', '2018-09-17', '0000-00-00 00:00:00', 13500),
  ('2-2405180218', '24001', '?????????? ????? ??????????', '24002', '??????? ?????? ??????????', '?????? ??', '? ????????????', '2018-03-15', '0000-00-00 00:00:00', 1, 1, '?????? ????????? ??? ?????? ??.\r\n23.03.2018?. ?????? 2 ????????? ?? ?????? ?? ? ?/??111\r\n27.03.2018?. ???????? ??????????? ?? ?????? ??\r\n20.04.2018?. ?????? ????????? ?? ?????? ?? ? ?/??155\r\n23.04.2018?. ???????? ??????????? ?? ?????? ??.\r\n?????????? ????????? ??\r\n?? ??? ?? 111 ?? ????????? ?????????\r\n???? ?????????? ??? (???????? ?????)\r\n??? ?????? ??????????, ???? ????? ??????? ????,\r\n', '??????? 20 000 ???.', '0000-00-00 00:00:00', '0000-00-00 00:00:00', 20000),
  ('2-2405180318', '24001', '?????????? ????? ??????????', '24002', '???????? ??????? ?????????', '? ????????? ????????????? ??????, ???????????? ???', '???????? ??????? (??? ???????????? ????????)', '2018-04-16', '0000-00-00 00:00:00', 1, 0, '?? ?????????? ???? ???????? ??????????.\r\n27.04.2018 ???????? ?????? ???????? ???????????????.\r\n?????????? ???????? ??????????? ? ?????????? ??????????????? ????????.\r\n27.04.2017?. ???????????? ???? ???? ?????????????? ? ????? ? ??????????? ??????????, ???? ?????????? ?? 30.05.2018\r\n05.07.2018 ????????? ???????? ??????????????? ? 14.30 \r\n???????????? ??????????????, ????????? ????????? ?????????? ?? ??????? ?????.\r\n19.09.2018?. ? 11.00 ???. ???????? ?????????\r\n???????? ??????? (??? ???????????? ????????)\r\n???? ?????????????? ??????? ? ?????? ?????? ?? ??\r\n?? ?? ?????????', '?????????? ?????????? ? ??????????? - 3 000 ???.\r\n1 ???????? ????????? - 8 000 ???.\r\n2 ???????? ????????? - 3000 ???.\r\n3 ???????? ????????? - 3000 ???.', '2018-10-15', '0000-00-00 00:00:00', 17000),
  ('2-2405180418', '24001', '?????????? ????? ??????????', '24002', '?????? ??????? ??????????', '??????? ????? ????????? ??', '?????? ???????????? ??????', '2018-03-22', '0000-00-00 00:00:00', 1, 0, '22.03.2018 ????????? 1 ??????????? ?? ???? ?? ??? ????????? ??????? ?.?., ???????????? ???? ?? ?????????.\r\n02.04.2018 ????????? ????? ???????????? ?? ???? ?? ??? ????????? ??????? ?.?.\r\n02.04.2018 ???????? ????????????? ?? ???? ?? ??.\r\n05.04.2018 ?????? ????????????? ??????, ??????????? 19.04.2018.\r\n25.04.2018 ?????? ???????????? ??????.\r\n???????? - ??????? ????? ????? ????????? ??? ?????????.\r\n??????????? ????????? ?????? ? ?? ??\r\n\r\n\r\n ', '1 ???????? - 7 000 ???.\r\n????????????? ?????? - 2 000 ???.\r\n????????????????? ?? 2 ????????? - 2 000 ???.\r\n???????????? ?????? - 1 000 ???.', '2018-08-08', '0000-00-00 00:00:00', 12000),
  ('2-2405180518', '24001', '?????????? ????? ??????????', '24002', '?????????? ????????? ????????????', '????????? ????????? ???????????? ????? ?????? ???????? ? ????????? ???????? ???????', '?????? ????????????? ??????', '2018-02-28', '0000-00-00 00:00:00', 1, 0, '?????????? ?.?. ?? ???? ????????.\r\n28.02.2018? ????????? 1-? ???????? ??????????????? ?? ????\r\n27.03.2018 ????????? 2-? ???????? ??????????????? ?? ????.\r\n27.03.2018 ???????? ??????? ?? ?????????????? ??????? ?????????? ????????.\r\n11.05.2018 ?????? ????????????? ??????.', '1 ???????? - 5 000 ???.\r\n2 ???????? - 2 000 ???.\r\n????????????? ?????? - 1 500 ???.', '2018-08-03', '0000-00-00 00:00:00', 8500),
  ('2-2405180618', '24001', '?????????? ????? ??????????', '24002', '?????????? ????????? ????????????', '????????? ???????????????? ??????????', '? ????????????', '2018-05-14', '0000-00-00 00:00:00', 1, 0, '?????????? ?.?. - ????? 8-977-510-4377\r\n21.05.2018?. ????????? ??? ? ?????????? ????????? ???.\r\n?????????? ?????? ? ???????? ???? ? ???? ????????? ?????????\r\n8-913-500-74-66 ?????? ?? ????????? ?? ??? ???????????\r\n13.09.2018?. ? 10.00 ???. ????????? ???????? ?????????.\r\n19 ??????? 2018 ? 10.30 ?????? ???????? ?????????\r\n26 ??????? 2018 ? 11.30 ?????? ???????? ????????? (???????? ??????? ??????????)\r\n??????? ????????, ??? ???????????? ????????, ???? ?????????? ? ???????? ???? ? ?????????? ???????? ???????.', '??????? ????????? - 3 000 ???.\r\n1-?? ?? - 7000 ???.\r\n2-?? ?? - ????? ?????? 3000 ???. - ???????\r\n3-? ?? - ????? ?????? 3000 ?????? - ???????\r\n\r\n', '0000-00-00 00:00:00', '0000-00-00 00:00:00', 13000),
  ('2-2405200118', '24001', '?????????? ????? ??????????', '24002', '????????? ??? ?????????', '????????? ??????? ?????????', '?????? ????????????? ??????', '2018-01-10', '0000-00-00 00:00:00', 1, 0, '?????????? ???\r\n???? ???????????, ???????? ???????\r\n?????? ????????????? ??????\r\n????????? ???????? ????????? ?? 12.00 14.06.2018\r\n??????? ????????? ??? ?????????\r\n???????? ???????? ???????', '??? ??????\r\n???????? 5000 ?? ??????? ? ???? ??\r\n', '2018-09-24', '0000-00-00 00:00:00', 0),
  ('2-2405200218', '24001', '???????? ?????? ?????????', '24001', '????????? ??????? ???????????', '????? ? ???', '????????? ?????? ??????????', '2018-05-20', '0000-00-00 00:00:00', 1, 0, '?????????? ?????????? ??? ?????????? ????\r\n???? ?????????? ? ?????', '', '0000-00-00 00:00:00', '0000-00-00 00:00:00', 0),
  ('4-2405200318', '24001', '???????? ?????? ?????????', '24001', '??? \"?????? ????? ????????\"', '????????? ??', '?? ???????????? ? ??', '2018-01-22', '0000-00-00 00:00:00', 1, 0, '??????????? ? ????????? ??? ? ?? ????????? ???????\r\n???? ??70-6382\\2018\r\n???????? ????????? ?? 30 ??? 2018\r\n?????????? ????????? ??????????? ? ?????? ?????? ? ???????\r\n??????????????? ????????? ??????\r\n????????? ???????? ?????????\r\n?????????? ????????? ???????????\r\n??????? ??????? ? ???? ??????, ???? ?????????? ? ???????? ????.\r\n???? ??????? ??????.\r\n?????? ????????? ?? ???????? ???????\r\n???????? ???????? ????????????? ??????, ???? ?????????\r\n??????? ????????? ??? ?????????', '?????????? 30 000\r\n???? ?????? 10 000 ?? ????????\r\n?????? 10 000 ?????????\r\n??????? ?????? 10 000 ?? ????? ????????? ??????? ????\r\n?????? 10 000 ?????????\r\n', '2018-10-23', '2018-10-23', 50000),
  ('1-2405200418', '24001', '?????????? ????? ??????????', '24002', '??????? ?????? ????????', '??????? ????????? (?????)', '???????????????? ??????', '2018-05-20', '0000-00-00 00:00:00', 1, 0, '?????????? ?????? ? ??????????? ?? ?? ????????? ????????????\r\n???????? ???????? ? ??????????\r\n????? ??????, ???? ? ??????\r\n', '?????????? 1500', '0000-00-00 00:00:00', '0000-00-00 00:00:00', 1500),
  ('5-2405212118', '24002', '?????? ????? ???????', '24008', '?????? ?????????? ??????????', '???????????', '???????? ??????????', '2018-05-21', '0000-00-00 00:00:00', 0, 1, '8-903-928-42-44\r\n???????????? ?????????\r\n???? ?????????????? ?????????\r\n???????????? ????????: ???? ??????? ?? ????\r\n??? ?? ???? ??????? ?? ??????\r\n??????? ?? ??? (??????? ?? ?????)\r\n?????????? ????????? ??? ???????. ???????????.\r\n????????? ??????? ?? 20 ???????? 2018 ???? - ?? ??????? ?? ???????\r\n17 ??????? ???????? ????? ?????????? - ??????? ?????????\r\n??????? ??????? ?? ?????? 22 ??????? 2018\r\n????????? ?????????? ????????? ? ??????????? ?66331025003353   17.10.2018\r\n???????? ????? ?????????? ?? ???????? ? ??\r\n????????? ?????????? ? ??\r\n????????? ????????? ? ??? 19-?? ???????, ???? ???????????.\r\n????????? ??????? ? ????????????.\r\n????????? ????????? ?? 04.02.2019?.\r\n???? ?????? ? ??????? ??\r\n?? ??????? ????????, ????????? ???????? ??????? ?? 11.02.\r\n??????????? ? ???????? ?????????, ????? ???????????? ??????? 2????\r\n????????? ?????????? ?? 13.02. \r\n??????? ???????, ? ????????.???? ?????????? ? ?? 12.02.\r\n????????? ?????????? ?? 13.03.\r\n\r\n\r\n\r\n\r\n', '???????? 35000', '2019-01-25', '2019-02-04', 35000),
  ('5-2405212318', '24002', '??????? ????? ????????????', '24004', '???? ????? ?????????????', '???????????', '???????????? ?????????', '2018-05-21', '0000-00-00 00:00:00', 1, 0, '???????????? ?????????\r\n????? ?????????? ??????????? ??? ???????? ? ??????? ?? ???????? ??????.\r\n????????? ????? ?????????? 66331024006980\r\n????????? ?????????? ? ?? 25 ???? 2018 ???? - ????????? ????????\r\n????????? ??? ???????? ?? 03 ???????? 2018 ????\r\n????????? ??????????? ? ????????? ??????????? ??? kad.arbitr.ru ? ????????? ?????????\r\n???? ? ?33-20071/2018\r\n???????????????? ?? ??????? ?????? ?????????? 24.08.2018\r\n??????? ???? ?????????? ??? ????????, ????????? ??????????? ? ????????? ????????? (?????? ??? ? ????? ??????????)\r\n???????????????? ?????? ?????????? ? ??????????? ???? 66331025006927 06.11.2018\r\n????????? ??????? ? ????????????. ???????? ?? ???????.\r\n???????? ?? ??????????? ???? ???????? ?? 20000 ??? ???????????? ? ????????? ??????????? ? ???????? \r\n?? ??????? ????????? ?? ?? ??? ??? ????.\r\n?????????? ??????????. ???? ?????????.\r\n???????? ??????? ?? 17.12.2018 ???????? ?????????, ??????? ????????? ?????????? ????????? ?????? ?? 01.04.2018\r\n', '???????? 35000 ??????', '2018-12-19', '2019-04-01', 35000),
  ('2-2405212418', '24002', '??????? ????? ????????????', '24004', '????????? ????????? ?????????', '????? ?? ??????????', '??????????? ??? ? ???', '2018-05-21', '0000-00-00 00:00:00', 1, 0, '??????????? ??? ? ???\r\n????????? ????????? ? ?????', '???????? ? ????????? ??', '2018-07-20', '0000-00-00 00:00:00', 0),
  ('0-2405212618', '24002', '??????? ????? ????????????', '24004', '??????? ????? ??????????', '?????????? ??????', '', '2018-05-21', '0000-00-00 00:00:00', 1, 0, '????????? ????????? ? ?????', '???????? ? ????????? ??', '2018-07-11', '0000-00-00 00:00:00', 0),
  ('2-2405212718', '24002', '??????? ????? ????????????', '24004', '???????? ?????? ???????????', '? ????????? ???????? ???????', '???? ???????, ??????? ? ?????? ???????, ???????? ? ???????? ????', '2018-05-21', '0000-00-00 00:00:00', 1, 0, '??????????? ????????? ?? ???????? ???????\r\n???? ?? ?12\r\n???? ????? (??????????????? ?????????? 50 000)\r\n', '???????? 7 000', '2018-08-24', '0000-00-00 00:00:00', 7000),
  ('5-2405212518', '24002', '??????? ????? ????????????', '24004', '??? ???????? ??????????', '???????????', '?????????? ?? ???????????? ? ??', '2018-03-02', '0000-00-00 00:00:00', 1, 1, '?????????? ?? ???????????? ? ?? \r\n?????????? ?????????????? ????????? 13.06.2018\r\n????????? ??????????? 14.06.2018\r\n????????? ????????\r\n??????? ???? ??? ???????? - ????????? ???????????\r\n????????? ??????????? ?????? ?????????????? ?????????\r\n????????? ??????? ??, ????????? ???????? ????????? ?? 30 ??????? 2018\r\n?????????? ????? ??? ????????? ? ?????? 913-507-98-67 ?? ??????? ?????? 20000 ? ???????? ??????? ?? ? ??????? ???? 25000,\r\n???? ???, ?????? ? ????????? ????????? ? ???.\r\n8-913-497-76-46 ??? ???????? ??????????\r\n???????? 06.08.18 ??? ?????? ???????? ? ??.\r\n??????? ????????? ?.?. ???????, ??? ?? ??????? ?????? ???????. ? ????? ??? ????????? ??????.\r\n???????? ????? 17 ???????? 2018 ????\r\n???????? ? ????? ? ??????? ??, ???? ???????? ?? ????? ??????????? ??????? ?????????? ??. \r\n?????????? ???????????.\r\n????????? ??????????? ?? ????? ???, ????? ??????????, ????? ???????? ??????? ??????\r\n?????????? ??????????? ? ??????????? ??? 09.10.2018 ?66331027011127\r\n??????? ????????? ????????? ?? ?? 09.11.2018\r\n?????? ????? ?? ? ??? ?????? ?? ???????? ??????? ?? ?? ? ???? ?? ?????? ????? ????? ??? ? ???????.\r\n?????????? ?? ?????????? ??????\r\n', '???????? 35000\r\n', '0000-00-00 00:00:00', '2018-12-07', 35000),
  ('5-2405212718', '24002', '?????? ????? ??????????', '24003', '???????? ???? ?????????????', '???????????', '???????????? ????????? ? ?????.? ?????? ??????.????.????????', '2018-05-21', '0000-00-00 00:00:00', 1, 0, '???????????? ????????? ? ?????.? ?????? ??????.????.????????\r\n???? ? ?????? ?12\r\n?? ?????? ?? ?????????? ?? ????????? ? ?????? ??????????\r\n????????? ???????\r\n', '???????? ? ????????? ??', '0000-00-00 00:00:00', '0000-00-00 00:00:00', 0),
  ('5-2405212818', '24002', '?????? ????? ???????', '24008', '??????? ????? ?????????', '???????????', '????????? ????????? ? ??', '2018-04-12', '0000-00-00 00:00:00', 0, 1, '?????????? ????????? ? ??\r\n??????? ???? ?? ?????????? ????????? ?? 09.07.2018\r\n?????????? ??????? ? ????????? ????????? ???????????\r\n????????? ?????????? ???????? ?????????? ??????????? (????? ??????? ?????)\r\n????????? ???????? ?????????\r\n??? ???????\r\n?? 01 ??????? ????????? ????? ????????? ????????? ?? ??????????\r\n???????? ????????? ? ???. ???????????\r\n???????? ????????? ???????? ?? 10 ????????, ?????????? ????????? ??????????? ? ????????? ?? ? ????????? ?????????\r\n???? ??33-9881/2018\r\n--------------------------------------------------------------\r\n?????????? ?? 30.09.2018 ????? ?????? ???.?????.\r\n? ???????????? ???????? ? ??? ? ??\r\n???????????? ?? ???? ?????????? - ???????? ?????? ?? ????? ?????? ??\r\n??????????? ? ????????? ???? ??????? ????? ?????????? - ????? ????? ? ????????? ????????.\r\n\r\n', '??????? 35000', '2019-01-31', '0000-00-00 00:00:00', 0),
  ('2-2405212118', '24002', '???????? ?????? ?????????', '24001', '?????????? ?????? ??????????', '????? ? ???', '', '2018-05-21', '0000-00-00 00:00:00', 1, 0, '????????? ???????? ??? ? ??????? ??? ? ????????????? ?????????? ???? (?-? ??????) 2-155.2018\r\n', '???????? ? ????????? ??', '2018-09-22', '0000-00-00 00:00:00', 0),
  ('2-2405212318', '24001', '???????? ?????? ?????????', '24001', '??????? ????????? ??????????', '?????? ???????????? ????????? ?????? ?????????????', '? ??????', '2018-05-21', '0000-00-00 00:00:00', 1, 0, '?????????? ?????????? ?????????????? ????? ?? ??????? ????\r\n', '???????? ? ????????? ??', '2019-01-31', '0000-00-00 00:00:00', 0),
  ('2-2405212518', '24002', '??????? ????? ????????????', '24004', '????? ????????? ??????????', '???????? ?????', '????????? ??? ? ???', '2018-05-14', '0000-00-00 00:00:00', 1, 0, '????????? ??? ? ???\r\n????????? ?????? ?? 13.06.2017 ? 17.45 (????? ??????)\r\n????????? ???????? ????????? ?? 21.06.2018 ? 09.30\r\n???????? ??????? ? ??????????\r\n???????? ???????? ???????\r\n', '???????? ??? 2500\r\n???????? ??? 5000\r\n', '2018-09-22', '0000-00-00 00:00:00', 7500),
  ('2-2405212618', '24002', '??????? ????? ????????????', '24004', '??????? ??????? ??????????', '????? ?? ?????? ????????????', '???????? ??????? ?? 03.05.2018', '2018-05-03', '0000-00-00 00:00:00', 1, 0, '???????? ??????? ?? 03.05.2018\r\n?????????? ?? ????????? ???? ????????????\r\n????????? ???? ? ?????? ?12\r\n', '???????? ? ????????? ??', '2018-07-16', '0000-00-00 00:00:00', 0),
  ('5-2405212218', '24002', '?????? ????? ???????', '24008', '????? ??????? ?????????????', '???????????', '???????? ?????????. ????????? ??.', '2018-04-04', '0000-00-00 00:00:00', 1, 0, '?????????? ????????? ? ??\r\n????????? ????????? ?? 02.07.2018\r\n?????????? ?????????? - ?????????\r\n???????? ????????? ?? ???????? ???????? ?????????? ???????????\r\n????????? ?????????? 66331024007482 - ?????????? 25 ???? 2018\r\n????????? ??????? ? ????????????. ???????? ??? ?? 17.10.2018\r\n?????????? ???????? ?? ??????? (8-913-507-98-67) ????? ??? ????????? ? ???. ??????????? ? ?????? ??? 20000.\r\n??? ?? ????????? ??????????? ?? ????? ?? ? ???????? ? ?????????? ????????? ?? ?? ??? ??? ??? ????.\r\n???????? ?????????. ???????? ????????? ??.\r\n????????  ?????? ??????? ??????? ????????? 66331025006705 ? 02.11.2018\r\n???? ? ??????\r\n\r\n\r\n', '???????? ? ????????? ??\r\n???????? 19 000 ??????', '2019-04-04', '2019-04-04', 0);
INSERT INTO dela VALUES
  ('5-2405212418', '24002', '?????? ????? ??????????', '24003', '???????? ????? ??????????', '???????????', '?????????? ????????? ? ??', '0000-00-00 00:00:00', '0000-00-00 00:00:00', 1, 0, '?????????? ????????? ? ??\r\n????????? ????? ????????? ??????????\r\n???????? ?????????? ??????? ????\r\n????? ?????????? ??????? ??? ???????? ? ??\r\n????????? ????????? ? ?? 66331024005778\r\n????????? ????????? 17.07.2018 - ????????? ????????\r\n????????? ???????, ???????? ???.\r\n------------------------------------------------\r\n?????????? ?? 03.08.2018\r\n???????????? ?????? ??????? ? ?????? ?? ??????? ????????????? ?? ????????\r\n?????????? ????? ???????? ??????\r\n??????? 2???? ?? 2017 ???\r\n????????? ????? ????????? ? ?????????? ??????????? (8-913-507-98-67) ? ???????? ?????? ?????? 20000 \r\n??????????? ????????????\r\n???? ??? ?? ??????? ??????? 25000 ????? ???????? ? ??- ?????? ?? 15.08.2018\r\n??? ??? ??????? - ????? ???????? ? ?? ??????? ? ?????????\r\n?????????? ?? ??????????? ??????????? ??-?? ???????? (???????)', '???????? ? ????????? ??', '2018-10-03', '0000-00-00 00:00:00', 0),
  ('2-2405212918', '24002', '??????? ????? ????????????', '24004', '????????? ???? ??????????', '????? ? ???', '????????? ?????? ? ???', '2018-05-11', '0000-00-00 00:00:00', 1, 0, '????????? ?????? ? ???\r\n????????? ??????\r\n??????? ??? ? 20.07.2018\r\n????????? ??? ? ???????????? ??????\r\n??? ????????? ? ??? 07.08.2018\r\n????????? 66331024014480\r\n??? ?????? ? ????????????\r\n????????? ???? ????\r\n????????? ??????????????? ???????? ????????? ?? 16.00 18 ???????? 2018 ????\r\n?????????? ???????????? ?????????, ?????????????? ?????????? ? ??? ? ??? ? ????? ??? ??????????????? ??\r\n????????? ???????? ????????? ?? 10.15 10 ??????? 2018 ????\r\n??????? ?????????? ???\r\n???????? ??????? ???? 06.11.2018 - ???????? ? ????\r\n???????? ?????????????? ???????\r\n????????? ????????? ??\r\n???? ? ??????\r\n', '?? ??? ????? 2500\r\n??????? 7000 ?? ?????? ???????? ?????????\r\n???????? - 3000\r\n', '2018-11-26', '0000-00-00 00:00:00', 9500),
  ('5-2405212918', '24001', '???????? ?????? ?????????', '24001', '???????? ??????? ??????????', '???????????', '???????????? ?????????', '2018-05-10', '0000-00-00 00:00:00', 0, 0, '????????? ????????? ?????????? ????? 15 ???? 2018\r\n???????? ??? ?????????? ???????? ?? ????????.\r\n?????????\r\n66331024007598\r\n66331024007581\r\n66331024007529\r\n??????????? ????? ?????????? ? ????????? ? ??\r\n', '???????? 10000 ? 20000', '2019-02-09', '0000-00-00 00:00:00', 0),
  ('0-2405210118', '24002', '??????? ????? ????????????', '24004', '???????? ??????? ??????????', '??????', '??????????? ???', '0000-00-00 00:00:00', '0000-00-00 00:00:00', 1, 0, '??????????? ???\r\n???? ?????? ?? ??????????? ????\r\n??? ??????? ?? ???????? ??????\r\n????????? ??? 66331024005792\r\n', '???? ?????? ?? ??????????? ???? 3000 ???? ?? ??????? ??????????\r\n ? ????????????', '2018-10-03', '0000-00-00 00:00:00', 0),
  ('5-2405213018', '24002', '??????? ????? ????????????', '24004', '????????? ????? ????????', '???????????', '?  ??????', '2018-05-21', '0000-00-00 00:00:00', 1, 0, '??????? ?????????. ??????? ???? ?? ???????????.\r\n????????? ????????? ??????????\r\n????? ?????????? ??????? ?? ???????? ? ??\r\n????????? ????????? ? ?? 66331024005785\r\n????????? ???????? ???? - ????????? 16.07.2018\r\n????????? ????????? ???????? ??????????? ?? ????? ?? ? ????????? ??\r\n???? ??33-18998/2018\r\n8-913-501-23-35 \r\n???????????????? ? ?? ?????????? 14.09.2018\r\n????????\r\n????????? ??????? ? ????????????, ?????? ?????? ?????? ? ??\r\n? ?? ?????? ?????\r\n???????????????? ?????? 66331025000956 ?? 02.11.2018\r\n???????? ?????????, ??????? ????????? ??\r\n???? ? ??????\r\n\r\n\r\n', '20 000-?? ???????? ?????????', '2018-11-30', '0000-00-00 00:00:00', 0),
  ('4-2405220718', '24001', '???????? ?????? ?????????', '24001', '?????????? ???????? ????????????', '???????????', '???????????? ? ??', '2018-02-01', '0000-00-00 00:00:00', 0, 1, '????????? ??????????\r\n????????? ?????????? ?????????\r\n????????? ??????? ? ???????????? 22 ??? 2018 ????\r\n????????? ????????? ?? 10.07.2018\r\n?????????? ??????? ?????? ???????\r\n?????????????? ??????? ????????, ???? ??????????\r\n??????? ???????? ? ??\r\n???????? ????????? (??????????? ??????? ???????? ??????????? ? ??????? ?????) ??? ??????????? ? ??\r\n????????? ?????????? ? ?? 66331924007094\r\n?????????? ??????????\r\n??????????? ?.??????\r\n????????? ?????? ????????? ??????.\r\n???? ??????? ?????? ??????????.\r\n', '???????? 35000', '2019-01-23', '0000-00-00 00:00:00', 35000),
  ('2-2405220818', '24001', '?????????? ????? ??????????', '24002', '???????? ??? ????????????', '??????? ???', '??????? ??????????', '2018-02-01', '0000-00-00 00:00:00', 1, 0, '?????? ????????? ??\r\n??????? ????????? ??? ?????????\r\n???? ?? ? ?????????? ???????? ???????\r\n???? ? ???\r\n????????? ?? ??\r\n', '??????? ?????? ???', '2018-10-02', '0000-00-00 00:00:00', 0),
  ('2-2405220918', '24001', '???????? ?????? ?????????', '24001', '?????? ???? ????????????', '???????? ? ?????', '? ??????', '2018-02-01', '0000-00-00 00:00:00', 1, 1, '???????? ?????????????\r\n???????? ??? ?? ??????? ?????? ?????????????\r\n??? ??????? ???????? ?????. ????????? ????????.', '??????? ???', '2018-09-27', '0000-00-00 00:00:00', 0),
  ('4-2405221018', '24001', '???????? ?????? ?????????', '24001', '?????? ??????? ???????????', '???????????', '? ??????', '2018-05-21', '0000-00-00 00:00:00', 1, 0, '8-913-165-83-77\r\n?????? ???????????? ?? ????????? ? ??????????\r\n?????????? ????????? ????? ??????? ????\r\n??????? ??\r\n????????? ??????? ? ??????\r\n???? ? ??????. ????????? ??? ???????? ? ???? ? ????????? ????????. ??????? ? ?????????.', '?????????? 15000\r\n??????? 20000 (?? ??????? 10000 - ??????? ?????)\r\n', '2018-11-24', '0000-00-00 00:00:00', 15000),
  ('4-2405223218', '24002', '?????? ????? ???????', '24008', '???????? ?????? ???????????', '???????????', '? ??????', '2018-02-01', '0000-00-00 00:00:00', 1, 1, '????????? ? ??\r\n????????? ??????????\r\n??? ??????? ?? ?????\r\n??????? ???? ??? ?? 03.07.2018\r\n?????????? ????????? ???????????\r\n????????? ????????? 25000 ? ?? ???????? ???????????\r\n??????? ? ???????????? ?????????, ?????????? ?????????\r\n?????? ?? ???????\r\n????????? ??????????? ? ?????? ? ????????? ????????? ??\r\n????????? ??????????? ? ???????? ???????? ????\r\n????? ?????? ????\r\n???????? ?????????. ????????? ??.\r\n\r\n\r\n\r\n', '???????? 35000', '2019-04-02', '2019-04-02', 35000),
  ('2-2405230118', '24001', '?????????? ????? ??????????', '24002', '?????? ??????? ???????', '???????????????? ??????, ?????? ???? ? ????????????? ??', '? ????????????', '2018-02-19', '0000-00-00 00:00:00', 1, 0, '????????? ? ??????? 2018?. ??? ?????????? ???????? ????????? ?? ?????? ???? ? ????????????? ??????????? ?????? ?? ????????????.\r\n21.05.2018 ???? ????????? ?????????? ? ????????? ???????????????.\r\n09.06.2018?. ????????? ???????? ???????????????.\r\n\r\n???? ??????? ? ????? ? ??????? ??????? ?? ?????? 1-?? ???? (5000)\r\n?? 2-? ????????? ?? ?????\r\n', '??????? ????????? - 3 500 ???.', '0000-00-00 00:00:00', '0000-00-00 00:00:00', 3500),
  ('2-2405230218', '24001', '?????????? ????? ??????????', '24002', '??????? ???? ???????????', '? ??????? ???????? ????????????', '?????? ????????????? ??????', '2018-04-10', '0000-00-00 00:00:00', 1, 1, '??????? ?.?. ???????? ?????????? ?? ????.\r\n24.04.2018 ?????????? ???????????????.\r\n21.05.2018 ???????? ???????????????.\r\n???? ???????????, ???? ??????? ????.\r\n??????? ??\r\n22.06.2018?. ?????? ??', '', '2018-07-31', '0000-00-00 00:00:00', 20000),
  ('2-2405230318', '24001', '?????????? ????? ??????????', '24002', '??????? ?????? ???????????', '?????? ???? ???????????', '?????????????? ? ????? ? ??????????? ???????? ???????????-??????????? ??????????', '2018-03-04', '0000-00-00 00:00:00', 1, 0, '??? ???????????, ????????? ? ?????????? ?????????  ???.\r\n10.04.2018? ?????????? ??????????.\r\n10.04.2018 ??????????? ???? ????????? ??????????, ???? ??????????????.\r\n?? ????????? ???????? ???? ??? ??????????? ?????????-??????????? ?????????? ??????? ?? 13.08.2018?. \r\n???????????? ?? ???? ????????????\r\n???????? ??? ?? 16.10.2018 ? 11:00 (???????)\r\n??? ????????????, ???? ?????????? ? ???? ??????? ????.\r\n?????? ????????????? ??????, ???????????? ?? ????????? 20.02.2019?.\r\n??????? ?????.\r\n???? ? ??????', '??????? ????????? 3 500 ???\r\n1-? ???????? ????????? 5 000 ???.\r\n??????? ??????? 2-?? ?? - 3 000 ???.\r\n????? ?????? ?? 3-? ??\r\n\r\n?????????? ?? ?? - 4 000 ???', '2018-12-21', '0000-00-00 00:00:00', 15500),
  ('5-2405232118', '24002', '?????? ????? ???????', '24008', '??????? ????????? ????????????', '???????????', '????????? ?? ??????????? ??????', '2018-05-24', '0000-00-00 00:00:00', 0, 0, '8-913-531-00-40 (?????????? ?????????)\r\n????????? ?? ??????????? ??????. ???????? ?????????. ?? ???????  ????? ???.?. ? ??????.?-???\r\n????????? ????????? ? ???????????.\r\n?????????? ?????????? ?? ??????????.\r\n????????? ????????? ??????????\r\n????????? ?????????? ?????????? 03.08.2018\r\n? ??? ???????????? \r\n66331024003453\r\n66331024003460\r\n66331024003477\r\n66331024003484\r\n????????? ??????????? ????????? ? ????????? ????????? ? ??\r\n', '??????? 15000\r\n??????? 5000 ????? ????????? ? ??\r\n??????? 5000 ???????', '2019-01-24', '0000-00-00 00:00:00', 20000),
  ('2-2405102918', '24002', '??????? ????? ????????????', '24004', '????????? ??????? ?????????????', '????????? ?? ???????? ???????? ?????', '???????? ??????? 26.06.18', '2015-05-10', '2018-07-06', 1, 0, '???????? ?/? ?? 26.06.2018 ? 16 ????? ? ????? ? ???????? ?????????????? ??????????\r\n???????? ??????? 26.06.2018', '5000 ??????\r\n?.?. ??????????? ? ?????????? ?? ????????? ?????? ? 04.06', '0000-00-00 00:00:00', '0000-00-00 00:00:00', 0),
  ('2-2405312118', '24001', '???????? ?????? ?????????', '24001', '???????? ?????? ?????????', '??.?????-????', '??????????? ????????? ? ???????????  ? ???.?????.', '2018-05-31', '0000-00-00 00:00:00', 0, 1, '89029156252 ????? -??????????, ?????\r\n89080300397 ????\r\n??????????? ? ????.\r\n???????? ????????? ? ???\r\n\r\n??????? ????? - ??????? ?????, ?????????? ?????????? ??????? ?? ??????????.\r\n????? ????????????? ? ?????? ?????????.\r\n?????? ???????? ??? ? ????????? ? ???.', '??????? 20000', '2019-01-23', '0000-00-00 00:00:00', 20000),
  ('2-2406060118', '24001', '?????????? ????? ??????????', '24002', '??????? ???????? ??????????', '? ????????? ????????????? ?? ?????????? ???????? ? ?????????  ????????? ?? ?????????? ?????????', '? ????????????', '2018-06-06', '0000-00-00 00:00:00', 0, 1, '??????? ?.?. ?? ???? ???????\r\n26.06.2018?. ????????? ?????????? ???????????????\r\n26.06.2018?. ????? ????????? ??? ? ?????????? ??????????? ? ?????????? ??????????? ?????????? ????????? ???????\r\n02.08.2018?. ????????? ???????? ???????????????\r\n????????? ??????????, ???????????? ?? ???? ??????????????\r\n\r\n???? ????? ???????, ????? ?????? ????? ?????\r\n???????? ???????, ???????? ? ??????????.', '', '2019-01-31', '0000-00-00 00:00:00', 22500),
  ('2-2406060218', '24001', '?????????? ????? ??????????', '24002', '??????? ?????? ????????????', '???', '??????????????, ????????? ???????? ??????????', '2018-06-06', '0000-00-00 00:00:00', 1, 0, '??????? ?.?. ?? ???? ?????\r\n??????????? ???, ???? ? ?????????? ??????????? ?????????? ???? 07.06.2018?.\r\n??? ???? ? ???????????? ? ???: ?????????? ???????? ????????? ? ??? 1-?? ???\r\n?????? ??? ??????? ? ???????????? (????? ????????) ??? ???????? ?? 15:00 18 ???????? 2018 ????\r\n?????? ??? ???????? ?? ????? 01 ??????? 2018 ????\r\n???????????? ?? ???? ??????????????, ????????? ??????????\r\n????????? ??????? ?????????. ?????? ??????????.', '??????? ????????? - 3 500 ???.\r\n1 ???????? - 7 000 ???.', '2018-10-15', '0000-00-00 00:00:00', 10500),
  ('4-2406090118', '24001', '???????? ?????? ?????????', '24001', '????????? ??????? ???????????', '?????? ??', '?? ???????????? ? ??', '2018-03-02', '0000-00-00 00:00:00', 1, 1, '??? ?????? ? ????????????\r\n???????????? ?? 29.05.2018 ????????? ???????? ?? 15.08.2018\r\n?????????? ????????? ???????????\r\n???????? ??? ??? ???????? ?? ?????????? ?????\r\n? ???? ????????. ???? ?????????????? ???????.\r\n', '????????', '2018-10-02', '0000-00-00 00:00:00', 0),
  ('5-2406150118', '24002', '?????? ????? ???????', '24008', '????????? ??????? ??????????', '???????????', '? ??????', '2018-06-15', '0000-00-00 00:00:00', 1, 0, '????????? ????????? ? ??, ???? ?????????.\r\n?????????? ?? ??????????\r\n???????? ?????? ??? ???????? ??????????.\r\n8-913-531-53-28\r\n?????????\r\n66331024007468\r\n66331024007499\r\n???? ?????? ?? ?????? ???????, ?? ??????????? ?? ?? ??? ? ?? ??????. ?????????? ??????? ??????????? ??????\r\n? ???????? ????????? ??? ??? ? ?????????? ??????? ? ???? ??????????.\r\n--------------------------------------------------\r\n???? ??????? ? ????????? ? ????????? ?? ???.???.????.\r\n????????? ? ?? 16.08.2018\r\n?????????? ??????? ? ????????????. ?????? ?? ?? ?????????? ??????????.\r\n??????? ?????????, ??????? ????????? ??.\r\n???? ? ??????\r\n', '15 000 ???. \r\n??????? 20 000 ??? ??? ???????? ? ??\r\n20 000 ?????? ???????.- 10.08.2018', '2019-04-29', '2019-04-29', 35000),
  ('2-2406150318', '24002', '??????? ????? ????????????', '24004', '????????? ??????? ??????????', '????????', '????????? ???', '2018-06-15', '0000-00-00 00:00:00', 1, 0, '????????? ??? ? ???\r\n????????? ????????? ? ???.\r\n????????? ???????? ??? ???????? ? ??112\r\n?????????\r\n66331024007475\r\n???? ???????. ????????? ??? ??????? ??????????.\r\n', '???????? ? ??', '2018-09-24', '0000-00-00 00:00:00', 0),
  ('2-2406240118', '24001', '?????????? ????? ??????????', '24002', '?????? ????? ?????? ????', '??????????? ??????? ?? ?????????? ?? ????', '??????????? ???', '2018-06-19', '0000-00-00 00:00:00', 1, 0, '8-913-168-28-66\r\n??? ??????????? ? ??????? ??? ??????????? ? ???.\r\n????????? ??? 66331924006790\r\n????????? ???????? ????????? 31.07.2018 ? 14.30 ??????\r\n?????? ?? ? 14.30 21 ??????? 2018\r\n?????? ?? ? 16:30 27 ??????? 2018\r\n???????? ???????, ??????? ???????? ? ?????? ??????.\r\n', '??????? ??? 3000\r\n??????? ??? 7000\r\n??????? ??? 3000 (2-?? ??)\r\n????? ?????? ?? 3-? ?? - 3000\r\n\r\n', '2018-08-24', '2018-08-27', 13000),
  ('2-2406240218', '24001', '???????? ?????? ?????????', '24001', '?????? ??????? ???????????', '??????????? ???????????? 3 ????', '? ??????', '2018-05-01', '0000-00-00 00:00:00', 0, 0, '?? ???? ??? ?????? ????: ???? ??????? ? ????????\r\n?? ?????????? ?????? ?? (??????????????? ?????)\r\n???????? ??? ?? ?????? ?? ?? 03.07.2018\r\n???????? ??????? - ??? ??????? ? ??????.', '?? ??????? ??????\r\n??????? ? ???? ????????????? ?? ??? - 5000\r\n????????? ?? ?????? ?? - 2000\r\n??????? ? ???? ????????????? ?? ?????? ?? - 3000\r\n????? ?????? 10 000 - 5000 (???????) ? ?????? 5000.\r\n???????? ??? ??? ??????.\r\n\r\n', '2019-01-31', '0000-00-00 00:00:00', 10000),
  ('5-2406252118', '24002', '??????? ????? ????????????', '24004', '?????????? ????? ????????????', '???????????', '? ??????', '2018-06-26', '0000-00-00 00:00:00', 1, 1, '8-923-207-40-82\r\n? ??????\r\n??? ??????? ????????????? ? ??\r\n????????? ??? ????????? ?????????? ???????? ?? ????????\r\n?????????\r\n66331024007574\r\n66331024007550\r\n66331024007567\r\n66331024007536\r\n???? ?????????? ? ?? 03.08.2018\r\n? ??? ????????????\r\n66331024003507\r\n??????? 25000 ???????, ??????.?????? ? ????????? ?????????? 16.08.2018\r\n????? ?????? ?? \r\n????? ?? ??????, ???????? ????????.\r\n????????? ??????????? ? ?? ? ??? 09.10.2018 ?66331027011134, ? 66331027011141 ??\r\n????????? ??????? ?? ??????????????\r\n???????? ??????? ?? 19.12.2018. ???????? ?????????, ??????? ????????? ?????????? ?????????, ?????? ?? 19.06.2018\r\n????????? ?/? ?? 19.12.2018\r\n', '??????? 30000\r\n??????? 10000 ??? ???????? ? ?? ???????\r\n??? ????????\r\n', '2018-12-20', '2019-06-19', 30000);
INSERT INTO dela VALUES
  ('5-2406262218', '24002', '?????? ????? ???????', '24008', '?????? ????????? ??????????', '???????????', '?????????? ???? ? ??', '2018-06-26', '0000-00-00 00:00:00', 0, 0, '8-908-034-91-80\r\n8-913-490-78-06 (???????)\r\n???? ?????????\r\n????????? ?????????\r\n???????? ?????? ??? ??????????? ??????????\r\n?????????\r\n66331024007505\r\n66331024007512\r\n66331024007611\r\n66331024007543\r\n????????? ????? ?????????? ? ??\r\n300 ?????????? ????????\r\n???? ?????????? ? ?? 01.08.2018\r\n? ???????????? 66331024003316\r\n????????? ??? ???????? ???? ??33-21505/2018\r\n????????? ??????????? ? ????????? ?????????\r\n???????????????? ? ??????? ? ?? ?????????? 14.09.2018\r\n???????????????? ?????? ?????????? ? 66331025003469 ?? 16.10.2018\r\n????????? ???????, ?????? ?????? ?????? ? ??\r\n?????? ??????? ????????? ???????????? ?????????????? ?????????', '10 000 ?????? (??????? ??????????????)\r\n??????? ?????? 10 000 ????? ????????? ? ??\r\n10 000 ??????? ???????\r\n', '2019-01-31', '2019-03-26', 20000),
  ('2-2406260118', '24001', '???????? ?????? ?????????', '24001', '????????? ????????? ??????????', '?????????? (??????? ??? ? ???)', '????????? ??? 28.06.18', '2018-06-26', '0000-00-00 00:00:00', 0, 0, '??????????? ??? 28.06.18\r\n8-913-501-36-37 \r\n??? ????????? ? ??? 13.07.2018\r\n????????? ????????\r\n???????? ??? ?? 07 ??????? 2018 ? 17.30 (???? ? ???????????? ?? ?????? 12)\r\n???????? ???????? ????????? (???? ?????) ??????, ?? ????? ???.\r\n??????????????? ???????? ????????? ????????? 01.10.2018 ? 16:00\r\n????????? ????????? ??? ????????.\r\n???????????.', '7 500 ??????\r\n2500 ??? ? 5000 ??????? ? ????', '2019-01-31', '0000-00-00 00:00:00', 7500),
  ('2-2406260218', '24001', '???????? ?????? ?????????', '24001', '????????? ???? ??????????', '?????????????? ????? ???? ??? (1\\7)', '? ??????', '2018-06-26', '0000-00-00 00:00:00', 0, 0, '????????? ?? ?12\r\n?????????? ??? ?? ?47?\r\n????????? ???\r\n??? ??????? ?? ????????\r\n?????????\r\n66331024007628\r\n????????? ?????????? ? ??? 31 ???? 2018 ????\r\n????????? ???????? ???? ???? ? ?-4367/2018 (????????????????? ???????? ??? ?????? ?????-??????????)\r\n???????? ????????????, ?????????? ????????.\r\n???? ???? ?? ????????, ??????.\r\n??????????????? ?? 21 ?????? 2018 ????\r\n???????? - ??????\r\n????????? ???????????\r\n\r\n\r\n\r\n\r\n\r\n', '???????? ??? 3500\r\n???????? ??????? ? ???? 7000', '2019-01-09', '2019-01-16', 10500),
  ('5-2406270118', '24001', '???????? ?????? ?????????', '24001', '????????? ??????? ????????', '???????????', '?????? ? ???????? ??????', '2018-03-19', '0000-00-00 00:00:00', 0, 0, '?????? ? ??????? ??????', '???????? ? ????????? ??', '2019-01-25', '0000-00-00 00:00:00', 0),
  ('2-2406270118', '24002', '??????? ????? ????????????', '24004', '??????? ???? ??????????', '??????????? ??', '? ??????', '2018-06-06', '0000-00-00 00:00:00', 1, 1, '????????? ?????????? ? ??\r\n???????????? ?????????????? ???????? ?? 06.09.2018\r\n?????????? ??????? ??????????? ? ???????? ??????\r\n????????? ?????????? ?.? ???????\r\n????????? ??????????\r\n???????? ????????? - ????????? ????', '???????? ????????? 35000 ??????', '2019-02-12', '0000-00-00 00:00:00', 35000),
  ('5-2406270218', '24002', '?????? ????? ??????????', '24003', '????????? ????? ?????????????', '???????????', '28.06.18 ????????? ??????', '0000-00-00 00:00:00', '0000-00-00 00:00:00', 1, 0, '28.06.2018 ????????? ??????\r\n????? ???????????\r\n??????? ??? ???????? ??? ???????? (???????)\r\n?????????\r\n66331024007604\r\n', '??????? ?????? ???', '2018-09-21', '0000-00-00 00:00:00', 0),
  ('2-2406270218', '24002', '?????? ????? ???????', '24008', '?????? ??????? ?????????', '????????? ???.????????', '????????? ???!!!', '2018-06-26', '0000-00-00 00:00:00', 0, 0, '', '2 500 ??????', '2019-01-31', '0000-00-00 00:00:00', 0),
  ('2-2406270318', '24002', '??????? ????? ????????????', '24004', '????????? ????? ????????????', '????????? ????', '? ??????', '2018-06-26', '0000-00-00 00:00:00', 1, 0, '', '???????? ? ??', '2018-07-31', '0000-00-00 00:00:00', 0),
  ('2-2406270418', '24002', '??????? ????? ????????????', '24004', '?????? ??????? ???????', '??? ????', '???????? ???????', '2018-05-25', '0000-00-00 00:00:00', 1, 0, '????????? ??? \r\n????????? ?/? ?? 30.05.2018 ? 15:00\r\n????????? ?/? ?? 21.06.2018 ? 16:30\r\n???????? ??????? 21.06.2018', '', '0000-00-00 00:00:00', '0000-00-00 00:00:00', 0),
  ('2-2406270518', '24002', '?????? ????? ???????', '24008', '????? ???? ???????', '????????? ????', '? ??????', '2018-06-26', '0000-00-00 00:00:00', 0, 0, '?????????? ???????? ???\r\n????????? ??????', '??????? 7000 ??????? ????????????? ? ????', '2019-01-31', '0000-00-00 00:00:00', 0),
  ('2-2406270618', '24002', '?????? ????? ???????', '24008', '?????????? ????? ??????????', '?????? ????-?? ????????', '? ??????', '2018-05-30', '0000-00-00 00:00:00', 0, 0, '', '???????? ? ??', '2019-01-31', '0000-00-00 00:00:00', 0),
  ('2-2406270718', '24002', '??????? ????? ????????????', '24004', '???? ???????? ????????????', '???? ???.??????', '??????????? ???', '2018-05-24', '0000-00-00 00:00:00', 1, 0, '??????????? ???\r\n??? ????? ????\r\n????????? ???? ????\r\n???????? ??? ?? 13 ??????? 2018 ? 11.30\r\n???????? ??? ?? 03 ??????? 2018 ? 10:00\r\n', '???????? ? ??', '2018-10-02', '2018-10-03', 0),
  ('2-2406270818', '24002', '??????? ????? ????????????', '24004', '??????????? ??????? ??????????', '? ????????? ????? ???-??? ?? ?????', '? ??????', '2018-06-22', '0000-00-00 00:00:00', 1, 0, '???? ? ??? ?? ?????. ?????? ??????.\r\n?? ????? ?????? ??????? ????????? ???????.', '???? ?? ???????. ?????? 20000.', '2018-11-23', '0000-00-00 00:00:00', 0),
  ('2-2406270918', '24002', '??????? ????? ????????????', '24004', '?????? ???????? ????????', '?????????????? ?????? ?? ??????????', '????????? ? ??? ?????????', '2018-04-25', '0000-00-00 00:00:00', 1, 0, '?????????? ? ??? ????????? 25.04.2018\r\n????? ????????? ???\r\n???? ?????????\r\n', '???????? ? ??', '2018-08-15', '0000-00-00 00:00:00', 0),
  ('0-2406270118', '24002', '??????? ????? ????????????', '24004', '????????? ????????? ??????????', '?????. ?? ?????? ????????? ???????', '?????????? ????????? ? ???', '2018-04-25', '0000-00-00 00:00:00', 1, 0, '?????????? ????????? ? ??? 25.04.18', '???????? ? ??', '2018-07-19', '0000-00-00 00:00:00', 0),
  ('5-2406270318', '24002', '?????? ????? ??????????', '24003', '????????? ??????? ?????????????', '???????????', '??????????? ????????? ? ??', '2018-06-22', '0000-00-00 00:00:00', 1, 0, '??????????? ????????? ? ??\r\n8-913-499-71-57\r\n8-923-201-57-64\r\n?????????? ?? ?????????? ?????????\r\n????????? ?????????? ?????????? 27.07.2018\r\n???? ?????????? ? ?? 03.08.2018\r\n? ????????? 66331024003491\r\n????????? ????????? ?? ?????? ????????? ???????\r\n????????? ?? ?????? ??????? ?????? 17.08.2018\r\n????????? ?? ?? ?????????? (?????? ???????)\r\n??? ????? ??? ??????????? ???????????.\r\n', '15 000 ??????\r\n??????? 20000 ??? ???????? ? ??\r\n5 000 ????????\r\n??????? 15 000 ??????? 21.08.18 + 1000 ?? ????????? ?? ?????? ???.???????\r\n1 000 ???????? (????????? ?? ?????? ???.???????)\r\n3 000 ????????\r\n???????? 12 000\r\n\r\n', '2018-10-26', '0000-00-00 00:00:00', 0),
  ('2-2407040118', '24001', '?????????? ????? ??????????', '24002', '????? ?????? ????????', '?????? ???????? ??????? ? ???????? ????? ?? ???', '??????? ??????? ????????, ????????? ????? ??????????? ?? ????????', '2018-05-20', '0000-00-00 00:00:00', 1, 0, '????? ?.?. ???????? ?? ???? ??????????\r\n28.05.2018?. ????? ????????? ?? ?????? ???????? ???????.\r\n27.06.2018?. ??????? ??????? ????????.\r\n24.07.2018?. ????????? ???????? ??????????????? ?? ?????????? ????.', '????????? ?? ?????? ???????? ??????? - 2 000 ???.\r\n1-? - ????????????????? 7 000 ??????.\r\n2--? - ????????????????? 3 000 ??????\r\n3-? - ?????????????????,,,,,,,,', '2018-07-19', '2018-07-24', 12000),
  ('2-5240752118', '24002', '?????? ????? ???????', '24008', '??????? ???????? ???????', '???????????', '? ??????', '2018-07-05', '0000-00-00 00:00:00', 1, 0, '? ??????+ ?????? ?????????????? ?????????\r\n8-902-919-25-71\r\n?????????? ?? ?????????? ?????????\r\n????????? ?????????? ?????????? 03.08.2018\r\n?????????? ? ?? 66331926005821\r\n????????? ??????????, ???????? ???????\r\n???????????????? ?????? ? ?? 66331025006712 ?? 02.11.2018\r\n????????????? ?????? ?????????? ? ?? ? 66331025007375 ?? 09.11.2018\r\n???????????????? ?????? ??????????  ?????????? ? ?? ? 66331025003483 ?? 16.10.2018\r\n????????? ????????? ?? ??? ??? ?? ???????? ? ?????????????????.\r\n???????? ??????????? ??? ????????? - ???? ????????????????\r\n\r\n', '15 000 ??????- ?? ??????? ??????????????\r\n??????? 20000 ??? ???????? ? ??\r\n???????? 12000 - ??????? 8000\r\n8000 ????????- 10.08.2018', '2019-01-09', '0000-00-00 00:00:00', 0),
  ('2-2407060118', '24002', '??????? ????? ????????????', '24004', '???????? ?????? ??????????', '?? ???????????? ??????????', '? ??????', '2018-07-06', '0000-00-00 00:00:00', 1, 0, '????????? ???????? ????????? ?? ??????? ?? 16.08.2018 ? 10.00 ??????? 3 ??? ????????\r\n111 ?? 07 ??????? 11.00 ??????????????? ?????????? ?????? ????????? 03 ???????? 11.00 (?????? ??????? ????????)\r\n??? ?? ??????? ?????????????.\r\n\r\n', '??????? ??? 2 ??. 5000\r\n??????? ? ???? 5000\r\n', '2018-08-31', '2018-09-03', 0),
  ('2-2407110118', '24001', '???????? ?????? ?????????', '24001', '???????? ????????? ????????? ', '???????? ???? ?? ????????????? ?? ?????? ', '???????????? ??????? ?????????', '0208-07-11', '0000-00-00 00:00:00', 0, 1, '???????? ?.?. - ?????\r\n11.07.2018?. ??????????? ????? ?????????? ??? ?????????? ?/?????????.\r\n19.07.2018?. ??????? ????????? ??????????.\r\n??? ??????? ?? ????????\r\n?????????\r\n66331024008021\r\n??? ??????? - 08 ??????? 2018 ? 17.30 ????????????? ???????? - ?????????\r\n20.08.2018?. ? 14.00 ???. ????????? ??????? ????????? ????????\r\n04.09.2018 ??? 2-?? ????????? ???????????? ?????????\r\n05.09.2018 ??? 3-?? ???????? ?????????\r\n??????? ???????? ? ?????? ????????? ?.?.\r\n???????? ????? ??\r\n???? ??????? ??????? ? ????\r\n\r\n\r\n\r\n', '', '2019-01-25', '0000-00-00 00:00:00', 25000),
  ('2-2407190118', '24001', '?????????? ????? ??????????', '24002', '?????????? ????? ?????????????', '????????????? ?? ???', '???????? ???????', '0000-00-00 00:00:00', '0000-00-00 00:00:00', 1, 0, '????????? ?? ???????? ??????? ?? ??????? ????\r\n????????? ???????? ????????? ?? ??????? ???? ?? 10.00 23 ??????? 2018 ????', '???????? ?? ??????? ???? 7000 ?? ?????? ??\r\n', '2018-11-26', '0000-00-00 00:00:00', 7000),
  ('2-2404010118', '24001', '?????????? ????? ??????????', '24002', '?????????? ?????? ???????????', '???????? ? ????? ?? ??', '??????????', '2018-04-26', '0000-00-00 00:00:00', 0, 1, '???????????? ?? ???? ????????????\r\n???????? ??? ?? 14.30 15 ??????? 2018\r\n????????? ????????? 03 ???????? 2018\r\n\r\n8-902-490-0066 ????\r\n\r\n08.10.2018?. ? 11:00 ????????? ??\r\n????????? ????????? ??????????\r\n', '20000', '2019-01-25', '0000-00-00 00:00:00', 20000),
  ('5-2407240118', '24002', '?????? ????? ???????', '24008', '????????? ??????? ???????????', '???????????', '? ??????', '2018-07-23', '0000-00-00 00:00:00', 0, 0, '????????? ??? ????? ????????? ?????????. ???? ??????????.\r\n???????? ???????? ????? ??????????. ???? ???????? ?? ?12.\r\n????????? ?????????? ?????????? 31.08.2018\r\n???? ?????????? ? ?? 07.09.2018\r\n????????? ???????????????? ?????? ? ?? ?? 13.12.2018\r\n????????? ??????????: ?????? ? ????????? ? ????????? ????????.', '?? ???????? ?????? 35000 (15000+20000)\r\n?????????? ???? 15.08.2018\r\n?????????? 15000 ????\r\n??????? 20 000 24.12.18\r\n??????? 16000 - 27 ??????? 2018\r\n??????? 4000\r\n??????? 16.01.19', '2019-01-25', '0000-00-00 00:00:00', 0),
  ('2-2408030218', '24001', '?????????? ????? ??????????', '24002', '?????? ??????? ?????????? ', '??????????? ??????? ??????????? ????? ??????????, ???????? ? ????????????? ?????????, ??????????? ? ', '? ????????????', '2018-06-20', '0000-00-00 00:00:00', 1, 0, '?????? ??????? ?????????? - ?????  8-913-037-7656\r\n??????????? ???, ????????? ? ???.\r\n03.08.2018?. ????????? ???????? ?????????, ???????????? ???? ?????????? ? ????? ? ???????????? ??????? ???.\r\n04.09.2018?. ? 10.30?. ????????? ?????? ???????? ?????????.\r\n???????????? ?????????????? - ????????? ??????????', '??????? ????????? - 3000 ???.\r\n1-?? ???????? - 7 000 ???.\r\n2-?? ???????? - ????', '2018-09-21', '0000-00-00 00:00:00', 10000),
  ('5-2408030118', '24002', '??????? ????? ????????????', '24004', '??????????? ?????? ?????????', '???????????', '? ??????', '2018-08-03', '0000-00-00 00:00:00', 1, 0, '??????????? ?????????.\r\n?????????? ????????? ?????????? 16.08.2018\r\n8-923-207-40-82\r\n????????? ??? ???????? ?? 11.10.2018 (????????? ?????????)\r\n\r\n?????????? ???????????????? ?????? ? ?? ? 66331025003476 ?? 16.10.2018\r\n????????? ???????? ? ????????????\r\n??????? ? ????????????, ?????? ?????????????? ?????? ??????? ???.\r\n???????? ?????????\r\n', '?????????? 15 000 ????????\r\n??????? 20 000\r\n???????? 15 000\r\n??????? 5 000\r\n???????? 5000', '2018-12-27', '2018-12-20', 35000),
  ('5-2408030218', '24002', '??????? ????? ????????????', '24004', '???????? ????? ??????????', '???????????', '? ??????', '2018-08-03', '0000-00-00 00:00:00', 1, 0, '???? ??????????.\r\n? ?????? ????, ?? ????? ????????.', '', '2018-11-22', '0000-00-00 00:00:00', 0),
  ('2-2408060118', '24001', '?????????? ????? ??????????', '24002', '?????????? ???? ???????? ', '? ????????? ????????? ? ?????????????? ?????', '? ???????????', '2018-07-19', '0000-00-00 00:00:00', 1, 0, '?????????? ?.?. - ????? 8-908-034-1948\r\n???????? ??????????????? ????????? ?? 27.08.2018?. ? 16.00 ???. (????? ???????)\r\n???????? ??????? ?? ?????????????? ?????????? ?????.', '??????? ????????? - 3000 ???.\r\n1-?? ???????? - 7 000 ???.', '2018-10-31', '0000-00-00 00:00:00', 10000),
  ('2-2408130118', '24001', '?????????? ????? ??????????', '24002', '??? ?????????', '? ????????? ????????????? ??????', '? ????????????', '2018-08-13', '0000-00-00 00:00:00', 1, 0, '??? \"?????????\" - ????????\r\n16.08.2018?. ? 10:00 ???. ????????? 1-?? ???????? ?????????, ????? ???????\r\n???.:8-902-944-0590, 8-902-552-0514\r\n\r\n23.08.2018?. ? 16:30 ???.  - 2-?? ???????? ?????????\r\n? ?????????????? ??????? ?????????? ????? ???????? ? ?????? ??????, ??????? ? ?????? ?????? ????? \r\n??????????? 30.08.2018?.\r\n\r\n?????? ?????? ????????????? ??????, ?? 17.09.2018 ????????? ????????????? ????? ??? ?????????????? ??????????.', '1-? ???????? - 7 000 ???.\r\n2-? ???????? - 7 000 ???.', '2018-09-24', '0000-00-00 00:00:00', 14000),
  ('2-2408170118', '24001', '?????????? ????? ??????????', '24002', '??????? ??????? ??????????', '? ????????? ????? ?? ????????? ?????????? ??????? ??? ???????????? ?????? ?????????', '? ????????????', '2018-07-18', '0000-00-00 00:00:00', 1, 0, '??????? ?.?. - ?????  8-913-167-4758\r\n28.08.2018?. ? 10:30 ???. ????????? 1-?? ???????? ????????? \r\n26.09.2018?. ? 11:30 ???. ????????? 2-?? ???????? ?????????\r\n17.10.2018?. ? 11:00 ???. ????????? 3-? ???????? ?????????\r\n\r\n?????? ????????????? ?????? 23.11.2018?.', '??????? ????????? - 3 500 ???.\r\n1-?? ???????? ????????? - 7 000 ???.\r\n2-?? ???????? ????????? - 3 000 ???.\r\n3-? ???????? ????????? - 3 000 ???.\r\n???????? ?? - 3500 ???.', '2018-11-22', '0000-00-00 00:00:00', 16500);
INSERT INTO dela VALUES
  ('2-2408170218', '24002', '??????? ????? ????????????', '24004', '?????????? ??????? ?????????????', '??? ???????-???????', '??? ???????????', '2018-08-17', '0000-00-00 00:00:00', 1, 0, '??????????? ??? ??? ??????? ?? ????????\r\n??? ??????????? 21.08.2018\r\n????????? ???????? ???? ? ?????????? ????????????????? ? ????', '2500 ????????', '2018-09-24', '0000-00-00 00:00:00', 0),
  ('2-2408170318', '24002', '??????? ????? ????????????', '24004', '????? ??????? ??????????', '???????????? ??.????? (????????????? ??????????? ??)', '? ??????', '2018-08-17', '0000-00-00 00:00:00', 1, 0, '??????????? ??? ? ???????????? ????? ?????????? ? ????????? ?????????? ??\r\n???????????? ?????? ?????????? ? ?????? ???????? ?? ????????, ????????? ?? ??.13 ?.1 ????? ? ???????????.\r\n? ??????? ??????? ?????? ? ?????? 1991 ?? 05.03.1992 ??? ???????? ? ??? ?????????? ?? ?????????? ??, ??????.?????? ?????? ? ???????? ??????? ?????????? ???? ?????? ?????????? ? ??.\r\n\r\n\r\n???. 89232070547\r\n??? ??  27???????? ? 14.30\r\n???????? ??????? ?? 27.09.2018', '3000 ???????\r\n7000  ?? ????????????????? ? ???? ???????', '2018-09-30', '0000-00-00 00:00:00', 0),
  ('2-2409070118', '24001', '?????????? ????? ??????????', '24002', '??????? ??????? ?????????', '? ????????? ???????? ?????????????? ????????????????', '? ????????????', '2018-08-07', '0000-00-00 00:00:00', 1, 0, '??????? ?.?. - ?????  8-913-531-057\r\n12.09.2018?. ? 14:30 ???. ????????? 1-?? ??\r\n01.10.2018 ? 16.30 2-?? ??\r\n???????? ??????? - ? ???? ????????', '??????? ????????? - 4 000 ???.\r\n1-?? ?? - 7 000 ???.\r\n2-?? ?? - 3000 ??? ???????? (?? ?????) ???????\r\n', '2018-09-30', '2018-10-01', 11000),
  ('2-2409180118', '24002', '??????? ????? ????????????', '24004', '?????? ?????? ??????????', '???????????? ????????? ?? ??????????? ????????', '?????????? ????', '2018-09-18', '0000-00-00 00:00:00', 1, 0, '?????????? ?? ?????????? ?????? ??????????? ???????? ?? ?????????? ????\r\n?????????? ??????????? ??? ?? ???????????? ????????? ?? ??????????? ???????? ? ????????? ? ???\r\n?? ?????? ?????? ???? ??????? ??????????? ?? ??????\r\n8-906-901-54-53\r\n????????? ???\r\n??? ???????????? 30 ??????? 2018 ????\r\n\r\n', '???????? ??????????? ???? 3000\r\n???????? 300 ??? ?????? ??????????', '2018-11-22', '0000-00-00 00:00:00', 3000),
  ('2-2409190118', '24001', '???????? ?????? ?????????', '24001', '??????? ????? ??????????', '?????? ???? ????????????', '? ???????????? ? ????', '2018-09-19', '0000-00-00 00:00:00', 1, 0, '?? ???? ????????? ??????????.\r\n8-913-166-88-60\r\n19.09.2018 ??????????????? ???????? ????????? (????????)\r\n11.10.2018 ?????? ?? ? 10.15\r\n?????? ?????? ? ???????????\r\n????????? ??????, ?? ?????????? ?????? ?????????\r\n', '???????? ?????? ???????? 7000 (??????????? 5000)\r\n????? ?????? ?? ?????? ?? 5000', '2018-09-21', '2018-10-11', 7000),
  ('2-2409270118', '24001', '???????? ?????? ?????????', '24001', '?????????? ??????? ????????????', '??? (?????????????)', '???????????????? ??????', '2018-09-27', '0000-00-00 00:00:00', 0, 1, '??????? ??????? 8-913-492-95-71\r\n???????? ? ??? ?? 05 ???????? 2018\r\n???? ???????? 04 ???????? 1992?. (????????, ????????)\r\n??????, ????? ??????? - ???? 2018 ? ??? ?????????.\r\n?????? ??? ???????????? ????????\r\n???????????? ?????? (????????, ??????????, ???????)\r\n05 ??????? 2018 (????????????? ?? ??? - ??????? ?????)\r\n?????? ??????????? ?? ???????????? ?? ??????????? ??????. ??????????? ?? ???????.\r\n????????? ???? ? ??? 19.10.2018?.\r\n????? ??? ?? ??????????? ????????? ??????? - ????????? ???? ????\r\n?????? ????????????? ? ???.\r\n????????????? ?????? ? ????? 26 ??????? 2018 ????\r\n????????? ???? ????\r\n? ???? ????????. ???????? ?????????? ? ????????? ???????.\r\n\r\n\r\n\r\n', '?????????? 25000\r\n??????? ?????? 25000 ?? 25 ??????? 2018 - ???????', '0000-00-00 00:00:00', '2019-03-01', 50000),
  ('2-2409270218', '24001', '???????? ?????? ?????????', '24001', '???????? ??????? ????????????', '??? (?????????????)', '???????????????? ??????', '2018-09-27', '0000-00-00 00:00:00', 0, 1, '??????? ??????? 8-906-903-14-49\r\n???????? ? ??? ?? 12 ??????? 2018\r\n???? ???????? 29 ??????? 1995?. (???????? ??? ??? ?? ????? IT ???????? ?? ??????? ?????????????)\r\n????????? ???? ? ????????? (??????: ????????, ??????????????, ????????????, ??????????, ???????? ????)\r\n????????? ?????????? ?? ??????????? ???????.\r\n?????? ??? ???????????? ????????.\r\n???? ?????????? ????????????\r\n????????? ???????? ?? 14 ?????? 2019 ???? - ?? ??????? ?????? ???????????????\r\n', '?????????? 25000\r\n??????? ?????? 25000 ?? 25 ??????? 2018 - ??????? 09 ?????? 2019\r\n??????? ?? ???????? ???????.', '2019-01-31', '0000-00-00 00:00:00', 50000),
  ('2-2410030118', '24001', '?????????? ????? ??????????', '24002', '?????? ????????? ??????????', '????????? ???????? ???????', '? ????????????', '2018-08-22', '0000-00-00 00:00:00', 0, 1, '?????? ?.?. - ?????\r\n22.08.2018?. ?????????? ?????????? ?????????\r\n12.09.2018?. ???? ??? ? ?????????? ????????? ???\r\n20.09.2018?. ? 12:00 ???. 1-?? ??\r\n04.10.2018?. ? 16:30 ???. 2-?? ??\r\n23.10.2018?. ? 16:30 ???. 3-? ??\r\n????????? ??????????\r\n', '???????? 25000', '2019-01-25', '0000-00-00 00:00:00', 25000),
  ('2-2410050118', '24001', '?????????? ????? ??????????', '24002', '??? \"???????????????\"', '? ????????? ?????????? ?????', '? ????????????', '2018-10-01', '0000-00-00 00:00:00', 1, 0, '??? \"??????????????\" - ????????   ?? ???? ?????????? ?.?.\r\n02.10.2018?. ? 10:00 ???. 1-?? ??\r\n30.10.2018?. ? 10:30 ???. 2-?? ??', '1-?? ?? - 7 000 ???.\r\n2-?? ?? - ????', '2018-10-29', '2018-10-30', 7000),
  ('2-2410050218', '24001', '?????????? ????? ??????????', '24002', '??? \"??????????????\"', '? ????????? ?????????? ?????', '? ????????????', '2018-10-01', '0000-00-00 00:00:00', 1, 0, '??? \"???????????????\" - ????????  ?? ???? ??????? ?.?.\r\n02.10.2018?. ? 14:00 ???. 1-?? ??\r\n06.11.2018?. ? 10:30 ???. 2-?? ??', '1-?? ?? - 7 000 ???.\r\n2-?? ?? - ?????', '2018-11-05', '2018-11-06', 7000),
  ('2-2410050318', '24001', '?????????? ????? ??????????', '24002', '??? \"???????????????\"', '? ????????? ?????????? ?????, ??????????? ?? ???????????????? ??????, ??????????? ?????????? ????? ', '? ????????????', '2018-10-01', '0000-00-00 00:00:00', 1, 0, '??? \"???????????????\" - ????????   ?? ???? ???????? ?.?.   (????????)\r\n09.10.2018?. ? 17:00 ???. 1-?? ??\r\n16.10.2018?. ? 10:00 ???. 2-?? ??\r\n17.10.2018?. ? 14:00 ???. 3-? ??', '1-?? ?? - 7 000 ???.\r\n2-?? ?? - 7 000 ???.    ', '2018-10-08', '2018-10-09', 12000),
  ('5-2410112118', '24002', '?????? ????? ???????', '24008', '??????? ???????? ??????????', '???????????', '??????? ?????????', '2018-10-11', '0000-00-00 00:00:00', 0, 0, '???.89080307972\r\n?????????? ????????? ? ??????????? ?????????? (?????????) 66331025006699 ?? 02.11.2018\r\n::66331025000949 ?? 02.11.2018\r\n???????????? ????????? ? ??.\r\n????????? ?????????? ? ?? - ?????????\r\n????????? ??? ???????? - ?????? ???????.\r\n????????? ??????? ? ????????????.\r\n????????? ????????? ?? 06.02.2019.\r\n?????? 16.01. ???????? 25000 ?? ??????? ??, ???? ?????????.\r\n??????? 25000 15.01.19, ????????? ? ?? ????????? 16.01.19.\r\n? ????? ? ???????.????????????.????????.????????. ????????? ???????? ?? 11.03.\r\n', '15 ??????? ???????? ??????\r\n15 000 ??????????\r\n??????? 20 000 ??????? ? 2 ????? ? ?????? ? ???????\r\n6 000 ??????? 29.11.2018\r\n??????? 14 000 ? ???????\r\n??????? 14 000 17.12.2018', '2019-01-31', '2019-02-06', 0),
  ('2-2410010118', '24001', '?????????? ????? ??????????', '24002', '??? \"?????????\"', '? ????????? ?/????? ? ??????????? ?????????? ?????', '? ????????????', '2018-10-01', '0000-00-00 00:00:00', 1, 0, '??? \"?????????\" - ???????? ?? ???? ??????? ?.?.\r\n25.10.2018?. ? 15:00 1-?? ??', '1-?? ?? - ????? ??????', '2018-10-24', '2018-10-25', 0),
  ('2-2410090118', '24001', '?????????? ????? ??????????', '24002', '??? \"???????????????\"', '? ????????? ?/????? ? ??????????? ?????????? ?????', '? ????????????', '2018-10-09', '0000-00-00 00:00:00', 1, 0, '??? \"???????????????\" - ???????? ?? ???? ??????? ?.?.\r\n25.10.2018?. ? 14:15 ???. 1-?? ??', '1-?? ?? - ?????? ?????', '2018-10-24', '2018-10-25', 0),
  ('2-2411070118', '24001', '???????? ?????? ?????????', '24001', '????????? ??????? ?????????????', '????? ????????????? ?? ?????-????', '???????????????? ??????', '2018-11-02', '0000-00-00 00:00:00', 0, 0, '???? ? ??? ? ???????.\r\n??????????? ??????? ?????????? ? ???????.\r\n???? ?????????? ?? ??????????.\r\n', '?????????? 25000 ???????????\r\n??????? ?????? 25000 ?? 27 ??????? 2018 ???? - ???????\r\n', '2019-01-25', '0000-00-00 00:00:00', 0),
  ('5-2411082218', '24002', '?????? ????? ???????', '24008', '????????? ????? ????????????', '???????????', '?????????? ?????????', '2018-11-08', '0000-00-00 00:00:00', 0, 0, '8-913-525-18-81\r\n??????????? ?????????\r\n????????? ??????????\r\n?????????? ?????????? 24.01.19.\r\n????????? ?????????? ? ?? 05.02.19.\r\n???????? ???????? ????? 14.02.\r\n', '25000 ??????- ???? ??????????\r\n??????? 10 000 - ??????? (??? ? ????????????)\r\n?????? 300 ?????? ?? ??????????', '2019-01-24', '0000-00-00 00:00:00', 0),
  ('4-2411080118', '24001', '???????? ?????? ?????????', '24001', '?? ?????????? ???????? ????????????', '???????? ????????? ?????', '? ??????', '2018-11-08', '0000-00-00 00:00:00', 0, 0, '??????????? ??????????? ? ??\r\n????????? ??????????? ??????\r\n', '?????????? 10 000\r\n??????? 10 000 ?? 31 ??????? 2018 ???? - ???????\r\n', '2019-01-25', '0000-00-00 00:00:00', 0),
  ('5-2411140118', '24002', '?????? ????? ???????', '24008', '???????? ?????? ??????????', '???????????', '? ??????', '2018-11-14', '0000-00-00 00:00:00', 0, 0, '8-913-164-80-49 ????????? ????? ???????????? (????)\r\n8-913-504-77-28\r\n??????????? ????????? \r\n????????? ??????????\r\n', '7 000 ??????????\r\n??????? 28 000\r\n13 000  ??????? 25.12.2018', '2019-01-24', '0000-00-00 00:00:00', 0),
  ('2-2411150118', '24002', '?????? ????? ???????', '24008', '??????? ????? ??????????', '? ??????????? ???????? ??????', '? ??????', '2018-11-15', '0000-00-00 00:00:00', 0, 0, '??? ????????? ? ???, ????????? ?? ?????????\r\n??? ?????? ? ????????????.\r\n????????? ????????, ? ????? ? ??????? ?????, ????????? 31.01.19\r\n????????? ??? ????????????.', '???????? ? ??', '2019-02-22', '2018-01-31', 0),
  ('5-2411020218', '24002', '?????? ????? ???????', '24008', '???????? ??????? ?????????', '???????????', '? ??????', '2018-11-02', '0000-00-00 00:00:00', 0, 0, '8-902-915-46-97 ???\r\n8-905-090-65-74 ???\r\n??????????? ?????????\r\n????????? ??????????\r\n????? ?????????? ????????? ? ?? 25 ???????, ????????? ????????.\r\n????????? ??? ???????? 25.01, ????????? ??????.?????????, ????????? ?????????? ?? 14.02.\r\n', '20 000 ???????\r\n??????? 15 000 ???????', '2019-01-25', '0000-00-00 00:00:00', 0),
  ('0-2411120118', '24001', '?????????? ????? ??????????', '24002', '????????? ??????? ?????????', '???????????????? ???', '? ????????????', '2018-10-15', '0000-00-00 00:00:00', 0, 1, '???????????????? ????? - ????????? ?.?. ???. 8-913-504-5964\r\n??????? ????????? ?????????? ? ??? - ? ???? ???\r\n??? ?????? ? ???????????? 31 ?????? 2019 ????\r\n????????? ???? ????\r\n', '', '2019-02-15', '0000-00-00 00:00:00', 30000),
  ('0-2411120218', '24001', '?????????? ????? ??????????', '24002', '??????? ????? ????? ????', '?????? ??', '? ????????????', '2018-11-19', '0000-00-00 00:00:00', 0, 1, '?????????? ??????? ? ?????????? ????????? ??? ? ?/?? 116 ?? ???????????? ?? (???? ?????????)', '??????? ?? 30000\r\n???????? 15000+15000', '2019-01-24', '0000-00-00 00:00:00', 30000),
  ('2-2411220118', '24002', '?????? ????? ???????', '24008', '???????? ??????? ???????', '???????? ????, ?????. ?/?????????? ??????? ? ?????', '? ??????', '2018-11-22', '0000-00-00 00:00:00', 1, 0, '8-913-498-47-09  ??????? ?????? \r\n??????????? ??? ? 28.11.2018\r\n??? ?????!', '3 500 ???????? ?? ???', '2019-01-09', '0000-00-00 00:00:00', 0),
  ('2-2411260118', '24001', '???????? ?????? ?????????', '24001', '?????????? ???????? ?????????', '????????? ????? ????????????? ?? ?????', '???????????????? ??????', '2018-11-26', '0000-00-00 00:00:00', 0, 1, '???????? ???????, ??????? ?????????.\r\n???? ??????????\r\n?????? ??????? ? ????????\r\n??? ????,??????? ???\r\n', '???????? 30000 ?? ???????? ? 6436 ?? ??????????.', '2019-01-23', '0000-00-00 00:00:00', 36436),
  ('2-2411270118', '24001', '???????? ?????? ?????????', '24001', '??????? ????? ????????????', '?????????? ??????', '???????????????? ??????', '2018-11-26', '0000-00-00 00:00:00', 0, 0, '???????? ??????? ?? ???? ? ?????? ???????? ???\r\n??? ????? ? ?????????. ?????? ????????.\r\n????????? ???? ????.\r\n???????? ????????? ????????? 15 ?????? 2019, ???????? ??????? ???????.\r\n?????????? ??????? ?????????????? ???????.', '??????? 10500 ?? ????? (???????? ?????????)', '2019-01-24', '0000-00-00 00:00:00', 0),
  ('2-2411270218', '24002', '??????? ????? ????????????', '24004', '??????? ?????? ????????????', '???????????????? ???', '???????? ????????????????', '2018-11-27', '0000-00-00 00:00:00', 1, 0, '???????? ????????? 30 ?????? 2018 ???? ? 11.30\r\n??????? ???????? ????????? ?? 10 ??????? 2018 ???? ? 15:30\r\n???????? ??????? ?? 10.12.2018 ???????? ? ???.???????????', '??????? ??? 3000\r\n??????? ??? ?????? ????????? 7000\r\n?????? ????????? 3000 ??? ???????? ??', '2018-12-10', '2018-11-30', 0),
  ('2-2411270318', '24001', '???????? ?????? ?????????', '24001', '????????? ????? ????????', '????? ????????????? ?? ?????', '? ??????', '2018-11-27', '0000-00-00 00:00:00', 0, 0, '8-913-160-15-83 ????? ?????????\r\n8-913-502-95-49 ?????????\r\n??????????? ??? ? ???.\r\n????????? ???????? ?????? ??? ?????? (?????????)\r\n???? ??????.\r\n', '?????????? ?? ???????? ????????? 15 000\r\n????? 5 000\r\n??????? ?????? 15000 ?? 31 ?????? 2019 ???? - ????????', '2019-01-23', '0000-00-00 00:00:00', 30000),
  ('2-2411270418', '24002', '?????? ????? ???????', '24008', '?????????? ??????? ??????????', '????? ? ???', '? ??????', '2018-11-27', '0000-00-00 00:00:00', 1, 0, '8-905-979-10-06\r\n??????????? ?????? ? ???', '1000 ????????????', '2019-01-09', '0000-00-00 00:00:00', 0),
  ('2-2411290118', '24001', '???????? ?????? ?????????', '24001', '??????? ??????? ???????????', '????? ????????????? ?? ?????', '???????????????? ??????', '2018-10-19', '0000-00-00 00:00:00', 0, 0, '??? ??????????? ????? ??????????? ??? ?? ?????? ??? ???????????? ???????? 28 ?????? 2018 ????\r\n???? ??????????? ????????', '????? ?? ???????? 100 000 ??????\r\n??????????? ?????????? 40 000 ??? ??????????\r\n?????? 20 000 - ???????? 30 ?????? 2018\r\n?????? 20 000 ?? 31 ?????? - ????????', '2019-01-23', '0000-00-00 00:00:00', 40000),
  ('2-2410300118', '24001', '?????????? ????? ??????????', '24002', '????????? ?????? ?????????????', '????? (????????? ?????????? ??????)', '? ????????????', '2018-10-30', '0000-00-00 00:00:00', 0, 1, '???? ????? ?????????? ? ??????????, ????????, ?????????-??????? ????, ??? ???? ? ????????? ????????\r\n???????????????? (??????????) ??? ???????????? ??????? ? ????????? ?????????? ?????? (??????)\r\n???? ?????', '', '2019-01-25', '0000-00-00 00:00:00', 30000),
  ('2-2407120118', '24003', '??????? ????? ????????????', '24004', '???????? ????? ???????? ? ??????? ?.?.', '?????????????? ????? ???? ?????????', '?????????? ? ??? ', '2018-11-14', '0000-00-00 00:00:00', 0, 0, '04.12.2018 ?????????? ?/? ???????? ? ???????, ?????? ??????? ?? ?????????????? ?????? ??? ????????? ??????????\r\n05.12.2018 ????????? ? ????????? ?????? ???????? ??????? ???? ?? 2017 ?. ? ???????????? ????????? ??? \r\n28.01.2019 ?????????? ??????? ????????? ? ?????? ??????? ?????????? ? ???????????? ????????? ???, ??? ??????????? ???????????? ?? ????????.\r\n', '15.000 ?????? ', '2019-01-23', '0000-00-00 00:00:00', 15000);
INSERT INTO dela VALUES
  ('2-2407120002', '24003', '??????? ????? ????????????', '24004', '???????? ????? ???????? ? ??????', '? ???????? ?????? ?????-??????? ????????????????, ??????  ?????????????? ????? ? ??????', '? ??????', '2018-11-14', '0000-00-00 00:00:00', 0, 0, '06.12.2018 ?????? ??????? ?? ?????? ??? ????????? ?? ???????? ????\r\n05.12.2018 ????????? ??????? ?????????\r\n07.12.2018 ????????? ? ????????? ?????? ? \"??????????? ???.????????\" ?.??????-????? ?????????????\r\n12.12.2018 ???????? ?????? ?? ?????? ????? ?????? ? \"???????????? ??????????????? ????????\" \r\n13.12.2018 ?????? ??????? ?? ?????? ? ??? ??????????? ??????? ?? ?????? ????? ?????? ? \"???????????? ??????????????? ????????\" \r\n14.12.2018 ????????? ?????? ????????? ?.????? ??????????? ???. ? ?????? ?????? ????????????? ? ????? ?????????? ', '15000 ', '2019-01-24', '0000-00-00 00:00:00', 15000),
  ('2-2407122218', '24003', '??????? ????? ????????????', '24004', '????? ???? ??????? ? ???????? ?.?., ?? ??? ??', '?? ????????????? ?????????, ?????????? ?????? ?? ??????? ?????????', '?????????? ? ???????? ??? ?.???????? ??? ???????????? ?? ???????? ', '2018-12-11', '0000-00-00 00:00:00', 0, 0, '11.12.2018 ?????? ????? ?????????? ?? ??????? ??? ??????????? ????\r\n14.12.2018 ?????????? ??????? ?????????\r\n14.12.2018 ?????? ??????? ??? ?????????????? ????????????? ????????????? ?? ????\r\n19.12.2018 ?????????? ??????? ?????????, ??????????? ?????? ????? ????????????? ?? ????\r\n20.12.2018 ??? ? ???????????? ??????????? ??????? ?????? ??? ??????????? ? ?????????? ???????? ??? ???????? ??????? ??? ??????????? ???????????? ?? ????????', '5000', '2019-01-25', '0000-00-00 00:00:00', 5000),
  ('2-2412120118', '24002', '?????? ????? ???????', '24008', '????? ??????? ????????????', '???????????? ?? ?????? ?????????', '? ????????????', '2018-12-12', '0000-00-00 00:00:00', 1, 0, '????? ?.?.- ?????  8-905-999-0611\r\n?????????? ???????? ?????????\r\n????????? ??????, ??????.', '??????? ????????? - 4 000 ???.', '2019-01-25', '0000-00-00 00:00:00', 4000),
  ('2-2412170118', '24001', '???????? ?????? ?????????', '24001', '?????? ?????? 16', '??????', '????????? ??????????', '2017-10-01', '0000-00-00 00:00:00', 0, 0, '', '', '2019-01-25', '0000-00-00 00:00:00', 0),
  ('2-2412170218', '24001', '???????? ?????? ?????????', '24001', '???????? ??????? ????????????', '?????????????? ??????', '', '0000-00-00 00:00:00', '0000-00-00 00:00:00', 0, 0, '', '', '2019-01-09', '0000-00-00 00:00:00', 0),
  ('2-2412170318', '24001', '???????? ?????? ?????????', '24001', '???????????? ??????? ??????????', '', '', '0000-00-00 00:00:00', '0000-00-00 00:00:00', 0, 0, '', '', '2019-01-09', '0000-00-00 00:00:00', 0),
  ('2-2412189', '24003', '??????? ????? ????????????', '24004', '???????? ?????? ?????????? ? ????????? ?.?.', '? ????????? ???????????????? ??????????, ?????????? ??-?? ?????????? ???????????? ???????? ??????? ?', '? ??????', '2018-12-17', '0000-00-00 00:00:00', 0, 0, '19.12.2018 ?????????? ??????? ?????????, ????? ?????? ?? ?????? ??? ????????? ??????? ??????????, ?????????????? ?????????????? ???????????? ?? ????\r\n01.02.2019 ???????? ??????? ?? ????. ????????????? ???!', '10 000 ??????', '0000-00-00 00:00:00', '0000-00-00 00:00:00', 10000),
  ('2-2412190118', '24001', '???????? ?????? ?????????', '24001', '??????? ???????? ???????', '????? ? ?? ???????? ??????????', '? ??????', '0000-00-00 00:00:00', '0000-00-00 00:00:00', 0, 0, '', '????? ?? ???????? 50000\r\n???????? 30000\r\n??????? 20000 ??????? 21.12.2018 - ???????\r\n', '2019-01-09', '0000-00-00 00:00:00', 0),
  ('2-2412190218', '24001', '???????? ?????? ?????????', '24001', '???????? ?????? ????????', '???????????????? ??????', '', '0000-00-00 00:00:00', '0000-00-00 00:00:00', 0, 1, '', '', '2019-01-04', '0000-00-00 00:00:00', 0),
  ('2-2412190318', '24001', '???????? ?????? ?????????', '24001', '?????? ??????? ??????', '???????? ?? ???????? ? ?????????', '???????????????? ??????', '2018-12-19', '0000-00-00 00:00:00', 0, 0, '???? ???????????? ? ?????', '???????? ?????????? 5000\r\n??????? ?????? 5000\r\n', '2019-01-09', '0000-00-00 00:00:00', 0),
  ('2-2412190418', '24001', '???????? ?????? ?????????', '24001', '?????? ?????? ??????????', '????????? ????? ?? ???????', '?????????? ????', '0000-00-00 00:00:00', '0000-00-00 00:00:00', 0, 0, '??????????? ???', '????? ???????? 15000\r\n???????? 1500\r\n??????? ?????? 13500\r\n', '2019-01-09', '0000-00-00 00:00:00', 0),
  ('2-2410010119', '24002', '?????? ????? ???????', '24008', '????????? ??????? ????????????', '???????????', '', '2018-12-27', '0000-00-00 00:00:00', 0, 0, '????????? ?????? ? ??, ???? ?????? 07.02.\r\n?????? ?????????? ?????????? 13.02.', '???????? 10000,  25.12.2018\r\n??????? 25000, ??????????? ???? 9-10 ?????? 2019\r\n???????? 15000, ??????? 5000, ??????????? ???? 15.02', '0000-00-00 00:00:00', '0000-00-00 00:00:00', 0),
  ('160120191504', '24001', '???????? ?????? ?????????', '24001', '??????? ????? ??????????', '???????????', '', '2019-01-16', '0000-00-00 00:00:00', 0, 0, '', '15000 ???????? 16.01.19\r\n??????? 20000 ?? 20.02.19 - ???????? 22 ?????? 2018', '0000-00-00 00:00:00', '0000-00-00 00:00:00', 35000),
  ('210120191113', '24001', '???????? ?????? ?????????', '24001', '???????? ????? ????????????', '??????? ? ??', '', '2019-01-21', '0000-00-00 00:00:00', 0, 0, '', '???????? 7000 ??????', '0000-00-00 00:00:00', '0000-00-00 00:00:00', 0),
  ('2-2412190', '24003', '??????? ????? ????????????', '24004', '???????? ?????? ?????????? ? ????????? ?.?.', '????????? ????? ???????????????? ??????????', '? ????', '2018-12-22', '0000-00-00 00:00:00', 0, 0, '23.12.2019 ?????????? ?/?, ?????? ????? ?????????? ??? ??????? ???? ? ???\r\n28.12.2019 ??????????? ???? ??????? ? ???????????? ???? ?????? ????????????\r\n22.01.2019 ???????????? ???? ?? ????????, ????????? ???????? ? ???? ? ??????? ?????????\r\n01.02.2019 ???????????? ???? ?? ????????  ', '8000', '0000-00-00 00:00:00', '2019-01-22', 8000),
  ('2-242101192', '24003', '??????? ????? ????????????', '24004', '??? ??????-????? ? ???????? ', '', '', '2019-01-14', '0000-00-00 00:00:00', 0, 0, '', '', '0000-00-00 00:00:00', '0000-00-00 00:00:00', 0),
  ('220120193171', '24001', '???????? ?????? ?????????', '24001', '??????? ??????? ???????? ????', '????????? ????? ?? ???????? (????????)', '? ????????????', '2019-01-21', '0000-00-00 00:00:00', 0, 0, '?????????? ????????? ??? ?? ??????????\r\n???? ?????? 21.01.2019', '??????? 1-?? ?? 7000 ??????\r\n', '0000-00-00 00:00:00', '2019-01-28', 0),
  ('220120193233', '24001', '???????? ?????? ?????????', '24001', '?????? ??????? ??????????????', '???????? (????????)', '?????? ??', '0000-00-00 00:00:00', '0000-00-00 00:00:00', 0, 0, '?? ????????', '??????? 7000 ??????', '0000-00-00 00:00:00', '2019-02-04', 0),
  ('250120191301', '24001', '?????? ????? ???????', '24008', '??????? ?????? ???????? ????', '???????????', '?????????? ?????????', '2019-01-24', '0000-00-00 00:00:00', 0, 0, '???? ??????????? ?????????, ?????????? ?????????.\r\n????????? ??????.\r\n????????? ? ?? ??????, ?? ??????? ??????? ? ????????????? ?? ????????? ?????.\r\n??????? ?????, ?????? ?????????? ?????????? 13.02.', '15000 ???????, ??????? 20000 ??????? 20.02.19.', '0000-00-00 00:00:00', '0000-00-00 00:00:00', 0),
  ('300120199565', '24001', '???????? ?????? ?????????', '24001', '??? ?????', '???????? ??????????? ??????? ???', '?????????? ????', '2019-01-29', '0000-00-00 00:00:00', 0, 0, '', '??????? ??? ?? 5000', '2019-02-01', '0000-00-00 00:00:00', 5000),
  ('300120191055', '24001', '???????? ?????? ?????????', '24001', '???????? ?????? ????????????', '????????? ?????', '? ????????????', '2018-12-01', '0000-00-00 00:00:00', 0, 0, '???? ?????????, ???? ?????????? ?? ??????????? ?????????\r\n??????????? ????????? ???\r\n', '??? 3500 (????? ????? 500)\r\n??????? ? ???? 7000', '2019-02-28', '0000-00-00 00:00:00', 10500),
  ('300120191126', '24001', '???????? ?????? ?????????', '24001', '??????? ?????? ?????????? (?\\? ??????????)', '??????? ?????? ?????', '? ????????????', '2019-01-30', '0000-00-00 00:00:00', 0, 0, '????????? ???????? ????', '7000 ??????', '2019-02-08', '0000-00-00 00:00:00', 0),
  ('300120191204', '24001', '???????? ?????? ?????????', '24001', '?????????? ???????? ?????????', '????? ????????????? ?? ????? 5 ?? 150 (????????)', '???? ??????????', '2019-01-30', '0000-00-00 00:00:00', 0, 0, '', '?????? 30000 ?? 31 ?????? 2019', '2019-01-31', '0000-00-00 00:00:00', 0),
  ('020220191355', '24001', '???????? ?????? ?????????', '24001', '????? ??????? ????????????', '???????????? ?? ?????? ?????????', '? ????????????', '2019-01-25', '0000-00-00 00:00:00', 0, 0, '????????????? ?? ?????? ???????? ?????????.', '??????? ?????? ??? 5000\r\n?????? ???? 2 - 1000 (????)', '2019-02-12', '2019-02-13', 0),
  ('070220191028', '24001', '???????? ?????? ?????????', '24001', '???????? ??????? ??????????', '????????? ??????? ???', '????????? ???????? ?????????', '2019-01-31', '0000-00-00 00:00:00', 0, 0, '???????? ??? ?? 25 ??????? 2019 ????', '', '2019-02-20', '2019-02-25', 0),
  ('070220191033', '24001', '???????? ?????? ?????????', '24001', '????????? ????? ?????????????', '???????????', '???????????????? ??????', '2019-02-07', '0000-00-00 00:00:00', 0, 0, '?????? ???????? ?????????\r\n', '??????? ?????????? 15000\r\n????????? ?????? 15000 - ?? 05 ????? 2019\r\n??????? 20000 - ????? ????????? ? ??', '2019-02-14', '0000-00-00 00:00:00', 15000),
  ('120220191154', '24001', '???????? ?????? ?????????', '24001', '??? ??????? ?????????', '???', '???????????? ? ????', '2019-02-01', '0000-00-00 00:00:00', 0, 0, '??? 20 ??????? 2019 ????', '', '2019-02-18', '2019-02-20', 0);
UNLOCK TABLES;

-- 
-- Table structure for table  offadmlogin
-- 

DROP TABLE IF EXISTS offadmlogin;
CREATE TABLE `offadmlogin` (
  `login` varchar(20) NOT NULL,
  `password` varchar(20) NOT NULL,
  `officeid` varchar(5) NOT NULL
) ENGINE=InnoDB DEFAULT CHARSET=utf8;

-- 
-- Dumping data for table offadmlogin
-- 

LOCK TABLES offadmlogin WRITE;
INSERT INTO offadmlogin VALUES
  ('Admin1105', '11051975', '78001'),
  ('Admin1407', '14071978', '24001'),
  ('Admin2502', '25021973', '24002'),
  ('Admin2610', '26102610', '24003');
UNLOCK TABLES;

-- 
-- Table structure for table  offices
-- 

DROP TABLE IF EXISTS offices;
CREATE TABLE `offices` (
  `office_num` varchar(5) DEFAULT NULL,
  `office_name` varchar(100) DEFAULT NULL,
  `city` varchar(50) DEFAULT NULL,
  UNIQUE KEY `officenumindex` (`office_num`)
) ENGINE=InnoDB DEFAULT CHARSET=utf8;

-- 
-- Dumping data for table offices
-- 

LOCK TABLES offices WRITE;
INSERT INTO offices VALUES
  ('24001', '??????????? ???? ?.???????? (????????? ???????? 47?-61)', '????????'),
  ('24002', '?????????????? ???? ?1 ?.???????? (????????? ???????? 12-102)', '????????'),
  ('78001', '???????????? ????????????? ?1 ? ?.?????-?????????', '?????-?????????'),
  ('24003', '?????????????? ???? ?3 ?.???????? (?????????? 20)', '????????');
UNLOCK TABLES;

-- 
-- Table structure for table  onceclient
-- 

DROP TABLE IF EXISTS onceclient;
CREATE TABLE `onceclient` (
  `odata` date DEFAULT NULL,
  `sort_id` varchar(5) DEFAULT NULL,
  `client` varchar(50) DEFAULT NULL,
  `usluga` varchar(100) DEFAULT NULL,
  `phone` varchar(15) NOT NULL,
  `office_num` varchar(5) DEFAULT NULL,
  `price` varchar(6) DEFAULT NULL,
  `payd` varchar(6) NOT NULL,
  `cdate` date DEFAULT NULL,
  `ended` tinyint(1) NOT NULL,
  `info` text NOT NULL
) ENGINE=InnoDB DEFAULT CHARSET=utf8;

-- 
-- Dumping data for table onceclient
-- 

LOCK TABLES onceclient WRITE;
INSERT INTO onceclient VALUES
  ('2018-08-01', '24001', '???????', '???????????? ?????????? ?????? ', '8-905-090-37-91', '24001', '2000', '2000', '2018-08-03', 1, '????? ???? ?? ??????? (????). ?????? ??????? ?????-1 ?? ?????? (??????????). ???????????? ?????????? ?? ?????? ????????? ?? ????????? ??????. ?????????? ??????????? ?????? ??? ?????? ? ????? ????????? ?????. ?????????? ??????????????? ????.'),
  ('2018-09-11', '24004', '?????????? ??????? ????????', '??? ???????', '8-913-530-30-65', '24002', '2000', '2000', '2018-09-18', 1, '??? ? ????????? ?????????? ????? ??????????? ????? ??????????'),
  ('2018-09-18', '24001', '????? ????? ????????', '?????? ?? (3??), ??????? ??? (1??)', '8-913-167-73-74', '24001', '4500', '4500', '2018-09-19', 1, '????? ?????? ???????? ???????? ??????? ??????? ??? ? ????? ??????? 1500\r\n?????????????? 26-27 ???????? 2018\r\n????????? ?? ?????? ?????? 19 ???????? 2018 ????, ???? ??????????? ?? ??????.'),
  ('2018-09-19', '24002', '???????? ?????? ????????????', '????????? ??????', '8-913-503-27-06', '24001', '3000', '3000', '2018-10-08', 1, '?????? ? ??????????????? ??????. ????? ??????? ?? ????? ????.\r\n???????? ? 12.00\r\n??? ?? ?????, ????????? ??????'),
  ('2018-08-30', '24004', '?????????? ??????? ?????????????', '??????? ???????', '8-913-492-13-09', '24002', '2500', '2500', '2018-09-04', 1, ''),
  ('2018-09-07', NULL, '??????????? ??????? ????????', NULL, '', NULL, NULL, '', NULL, 1, ''),
  ('2018-11-12', '24004', '?????? ????? ???????', '??? ? ?????????????? ????? ?? ?????????? ', '8-913-495-15-64', '24002', '3000', '3000', '2018-11-16', 1, '??? ? ?????????????? ???????????? ????? ?? ??????????'),
  ('2018-11-12', '24004', '?????? ???????? ???????', '??? ? ?????????????? ????? ?? ??????????', '8-913-495-16-64', '24002', '3000', '3000', '2018-11-16', 1, '?????????? ???? ? ?????????????? ???????????? ????? ?? ??????????\r\n??? ???????????'),
  ('2018-11-20', '24007', '?????? ?.?.', '????????? ??????? ????, ??????????? ??????? ?????????? ??????? ????', '', '24003', '1000', '1000', '2018-11-20', 1, ''),
  ('2018-11-21', '24008', '???????? ????? ????? ????', '????????? ? ????????? ???????? ?? ?????????? ?? ?????????? ??????', '89135263439', '24002', '2000', '2000', '2018-11-23', 1, '????????? ? ??????? ?????????? ?????????? ? ????????? ????????.'),
  ('2018-11-21', '24008', '????? ???????? ????????', '????????? ? ????????? ?????????? ????????? ???????', '89069013653', '24002', '3000', '3000', '2018-11-23', 1, '????????? ?????????, ????? ?????? ?????? ??? ???????????? ? ???????.'),
  ('2018-11-29', '24008', '??????????? ??????? ??????????', '????????? ? ???????????', '89135000919', '24002', '2000', '2000', '2018-11-30', 1, ''),
  ('2018-11-29', '24008', '??????????? ??????? ??????????', '????????? ? ???????????', '89135000919', '24002', '2000', '2000', '2018-11-30', 1, ''),
  ('2018-12-03', '24004', '??????? ?????? ?????????????', '???????????? ?? ?? ??', '8-913-492-07-00', '24002', '1000', '1000', '2018-12-03', 1, ''),
  ('2018-12-04', '24007', '?????? ?.?.', '??????????? ???????????? ????????? ?????????? ????? ??????????? ?/?', '89135001188', '24003', '1000', '1000', '2018-12-04', 1, ''),
  ('2018-12-07', '24007', '???????? ???????? ??????????', '??????????? ???????? ?????????', '', '24003', '3500', '3500', '2018-12-11', 1, ''),
  ('2018-12-12', '24004', '?????????? ?????? ?????????????', '??? ??????? ? ????. ?? ???????? ???.?????', '8-923-202-63-39', '24002', '3000', '3000', '2018-12-19', 1, '??? ????? ??? ?????? ? ???'),
  ('2019-01-11', '24007', '?????????? ?.?.', '??????????? ???????????? ', '', '24003', '500', '500', '2019-01-19', 1, ''),
  ('2019-01-12', '24007', '?????????? ?,?. ', '??????????? ???????????? ', '', '24003', '500', '500', '2019-01-12', 1, ''),
  ('2019-01-12', '24007', '???????? ?.?.????', '??????????? ???????????? ??????????? ??????? ?????????? ??????? ???? ', '', '24003', '500 ', '500', '2019-01-12', 1, ''),
  ('2019-01-14', '24007', '????????? ?.?.', '??????????? ???????????? ', '', '24003', '500 ', '500 ', '2019-01-14', 1, ''),
  ('2019-01-15', '24007', '????????? ?.?.', '??????????? ???????????? ', '', '24003', '500', '500', '2019-01-15', 1, ''),
  ('2019-01-16', '24007', '????????? ?.?.', '??????????? ????????? ?? ?????? ???????? ??????? ???? ', '38-29-58', '24003', '3000', '3000', '2019-01-17', 1, ''),
  ('2019-01-16', '24007', '??????? ?.?.', '??????????? ???????????? ', '', '24003', '500', '500 ', '2019-01-16', 1, ''),
  ('2019-01-16', '24001', '????????? ?.?.', '?????????? ????????? ??????????', '', '24001', '1000', '1000', '2019-01-17', 1, ''),
  ('2019-01-17', '24007', '?????????? ?.?.', '??????????? ????????????', '', '24003', '500', '500', '2019-01-17', 1, ''),
  ('2019-01-17', '24007', '???????? ?.?.', '???????? ?????????? ?? ??????? ??? ?????????? ???????? ?????-???????', '', '24003', '1000', '1000', '2019-01-17', 1, ''),
  ('2019-01-18', '24007', '???????? ?????? ??????????', '????????????? ????????? ? ????(???????? ???????? ????)', '', '24003', '5000', '5000', '2019-01-18', 1, ''),
  ('2019-01-21', '24007', '???????? ?.?.', '??????????? ???????????? ?? ???????? ????? ?????????? ??????', '', '24003', '500', '500', '2019-01-21', 1, ''),
  ('2019-01-21', '24007', '????????? ?.?.', '??????????? ???????????? ?? ??????? ???????????? ???????????? ?? ???????', '', '24003', '500', '500', '2019-01-21', 1, ''),
  ('2019-01-14', '24007', '??? \"??????-?????\" ? ???????? ?.?.', '??????????? ?/? ? ??????????? ???', '', '24003', '3000', '3000', '2019-01-21', 1, '???????? ????????????? ? ???? ???????? ?????? ?????? ?? ???? ?? ??????? 2019 ?.');
UNLOCK TABLES;

-- 
-- Table structure for table  rlink
-- 

DROP TABLE IF EXISTS rlink;
CREATE TABLE `rlink` (
  `name` varchar(250) NOT NULL,
  `link` text NOT NULL
) ENGINE=InnoDB DEFAULT CHARSET=utf8;

-- 
-- Dumping data for table rlink
-- 

LOCK TABLES rlink WRITE;
INSERT INTO rlink VALUES
  ('????? ????????? ? ???????? ?????????????????. ????????? ?????? ?????????????. ?????????? ????????? ???.', 'https://norilsk--krk.sudrf.ru/modules.php?name=sud_delo&srv_num=1&name_op=doc&number=60954094&delo_id=1540005&new=0&text_number=1'),
  ('????? ? ?????????? ??????. ?????????? ??????. ?????????? ???????? ???.', 'https://norilsk--krk.sudrf.ru/modules.php?name=sud_delo&srv_num=1&name_op=doc&number=60954524&delo_id=1540005&new=0&text_number=1'),
  ('??????????? ??. ????????? ?.?. ?? ????????????? ????', 'http://kad.arbitr.ru/Card/024a4b88-835c-409d-bb7d-3b6147f7d12d');
UNLOCK TABLES;

-- 
-- Table structure for table  sotrlogin
-- 

DROP TABLE IF EXISTS sotrlogin;
CREATE TABLE `sotrlogin` (
  `login` varchar(45) NOT NULL,
  `password` varchar(45) NOT NULL
) ENGINE=InnoDB DEFAULT CHARSET=utf8;

-- 
-- Dumping data for table sotrlogin
-- 

LOCK TABLES sotrlogin WRITE;
INSERT INTO sotrlogin VALUES
  ('24001', '14073004'),
  ('24002', '26101981'),
  ('24003', '1407197830041974'),
  ('24004', '29011987'),
  ('24005', '25021973'),
  ('78001', '11051975'),
  ('24006', '02061993'),
  ('24007', '2610'),
  ('24008', '12031982'),
  ('24009', '09041986');
UNLOCK TABLES;

-- 
-- Table structure for table  sotrudnik
-- 

DROP TABLE IF EXISTS sotrudnik;
CREATE TABLE `sotrudnik` (
  `sotr_name` varchar(50) DEFAULT NULL,
  `sotr_id` varchar(5) DEFAULT NULL,
  `office_num` varchar(5) DEFAULT NULL,
  `active` tinyint(1) NOT NULL,
  UNIQUE KEY `sotridindex` (`sotr_id`)
) ENGINE=InnoDB DEFAULT CHARSET=utf8;

-- 
-- Dumping data for table sotrudnik
-- 

LOCK TABLES sotrudnik WRITE;
INSERT INTO sotrudnik VALUES
  ('???????? ?????? ?????????', '24001', '24001', 1),
  ('?????????? ????? ??????????', '24002', '24001', 1),
  ('?????? ????? ??????????', '24003', '24002', 0),
  ('??????? ????? ????????????', '24004', '24003', 1),
  ('?????????? ???????? ??????????', '24005', '24002', 0),
  ('??????? ??????? ???????????', '78001', '78001', 0),
  ('????????? ??????? ?????????', '24006', '24001', 1),
  ('???????? ???? ????????????', '24007', '24003', 1),
  ('?????? ????? ???????', '24008', '24002', 1),
  ('?????????? ????? ???????', '24009', '24001', 1);
UNLOCK TABLES;

-- 
-- Table structure for table  statusmsg
-- 

DROP TABLE IF EXISTS statusmsg;
CREATE TABLE `statusmsg` (
  `rd` tinyint(1) NOT NULL,
  `name` varchar(50) NOT NULL,
  `mail` varchar(100) NOT NULL,
  `subject` varchar(100) NOT NULL,
  `msg` varchar(500) NOT NULL
) ENGINE=InnoDB DEFAULT CHARSET=utf8;

-- 
-- Dumping data for table statusmsg
-- 

LOCK TABLES statusmsg WRITE;
INSERT INTO statusmsg VALUES
  (0, 'Sergey', 'ask@361076.ru', 'Test message', 'It is just test message. Call me 36-10-76.'),
  (0, 'Test', 'test@test.ru', 'Test', 'Test msg'),
  (0, 'tania', 'tania.wang@skyland.top', '–æ —Å—Ç—Ä—É–¥–Ω–∏—á–µ—Å—Ç–≤–µ', '–£–≤–∞–∂–∞–µ–º—ã–µ –≥–æ—Å–ø–æ–¥–∞,–¥–æ–±—Ä—ã–π –¥–µ–Ω—å!\r\n     —è —Ä–∞–±–æ—Ç–Ω–∏–∫ –®–∞–Ω—Ö–∞–π—Å–∫–æ–π –∏–Ω—Ñ–æ—Ä–º–∞—Ü–∏–æ–Ω–Ω–æ-–∫–æ–Ω—Å—É–ª—å—Ç–∞—Ç–∏–≤–Ω–æ–π –∫–æ–º–ø–∞–Ω–∏–∏ \"–î–æ–Ω—Å–µ\". –ü–µ—Ä–µ–¥–∞–π—Ç–µ, –ø–æ–∂–∞–ª—É–π—Å—Ç–∞, –º–æ–∏ –Ω–∞–∏–ª—É—á—à–∏–µ –ø–æ–∂–µ–ª–∞–Ω–∏—è –í–∞—à–µ–º—É –≥–µ–Ω–µ—Ä–∞–ª—å–Ω–æ–º—É –¥–∏—Ä–µ–∫—Ç–æ—Ä—É! –ú—ã —Ç–æ–∂–µ –∑–∞–Ω–∏–º–∞—Ç—å—Å—è —Ç–∞–∫–∏–º–∏ —É—Å–ª—É–≥–∞–º–∏, –∫–∞–∫ –≤—ã. –ò –º—ã —Ö–æ—Ç–∏–º —É–∑–Ω–∞—Ç—å, –µ—Å—Ç—å –ª–∏ –≤–æ–∑–º–æ–∂–Ω–æ—Å—Ç—å –±—ã —Å–æ—Ç—Ä'),
  (0, '', '', '', ''),
  (0, '', '', '', ''),
  (0, '–†–æ—Å—Ç–∏—Å–ª–∞–≤', 'zelezovik@yandex.com', '–ü–æ –ø–æ–≤–æ–¥—É –æ—à–∏–±–æ–∫ –Ω–∞ –≤–∞—à–µ–º —Å–∞–π—Ç–µ', '–ü—Ä–∏–≤–µ—Ç!\r\n\r\n–ü–æ–Ω—Ä–∞–≤–∏–ª—Å—è –≤–∞—à —Å–∞–π—Ç, —Ä–µ—à–∏–ª –Ω–∞–ø–∏—Å–∞—Ç—å.\r\n\r\n–û–±—Ä–∞—Ç–∏–ª –≤–Ω–∏–º–∞–Ω–∏–µ, —á—Ç–æ –Ω–∞ –≤–∞—à–µ–º —Å–∞–π—Ç–µ –ø–ª–æ—Ö–æ –Ω–∞—Å—Ç—Ä–æ–µ–Ω —Å–±–æ—Ä –ø–æ–¥–ø–∏—Å—á–∏–∫–æ–≤ –∏ –∑–∞—è–≤–æ–∫. –ù–∞–≤–µ—Ä–Ω—è–∫–∞, –∏–∑-–∑–∞ —ç—Ç–æ–≥–æ –∫–æ–Ω–≤–µ—Ä—Å–∏—è —Å–∞–π—Ç–∞ –Ω–∏–∂–µ, —á–µ–º –¥–æ–ª–∂–Ω–∞ –±—ã—Ç—å –∏ –≤—ã —Ç–µ—Ä—è–µ—Ç–µ –º–Ω–æ–≥–æ –∫–ª–∏–µ–Ω—Ç–æ–≤. –£ –º–µ–Ω—è –Ω–µ–±–æ–ª—å—à–æ–π –∏–Ω—Ç–µ—Ä–Ω–µ—Ç-–º–∞–≥–∞–∑–∏–Ω, –≤ —Å–≤–æ–µ –≤—Ä–µ–º—è —Ä–µ—à–∏—Ç—å –ø—Ä–æ–'),
  (0, '–ê—Ä—Ç—É—Ä', 'fedely@inbox.ru', '–ù–∞—à–µ–ª –ø—Ä–æ–±–ª–µ–º—É —É –≤–∞—Å –Ω–∞ —Å–∞–π—Ç–µ', '–ó–¥—Ä–∞–≤—Å—Ç–≤—É–π—Ç–µ.\r\n\r\n–£ –≤–∞—Å —Ö–æ—Ä–æ—à–∏–π —Å–∞–π—Ç, –Ω–æ —è –Ω–∞—à–µ–ª –æ–¥–∏–Ω –±–æ–ª—å—à–æ–π –Ω–µ–¥–æ—Å—Ç–∞—Ç–æ–∫.\r\n\r\n–ó–∞–º–µ—Ç–∏–ª, —á—Ç–æ –≤—ã –Ω–µ –æ—Å—Ç–∞–Ω–∞–≤–ª–∏–≤–∞–µ—Ç–µ –ø–æ—Å–µ—Ç–∏—Ç–µ–ª–µ–π, –∫–æ—Ç–æ—Ä—ã–µ –ø—ã—Ç–∞—é—Ç—Å—è —É–π—Ç–∏ —Å —Å–∞–π—Ç–∞ –±–µ–∑ –ø–æ–∫—É–ø–∫–∏ –∏–ª–∏ –∑–∞—è–≤–∫–∏. –£–≤–µ—Ä–µ–Ω, —á—Ç–æ –∏–∑-–∑–∞ —ç—Ç–æ–≥–æ –≤—ã —Ç–µ—Ä—è–µ—Ç–µ –º–Ω–æ–≥–æ –∫–ª–∏–µ–Ω—Ç–æ–≤. –£ –º–µ–Ω—è —Å–∞–º–æ–≥–æ –º–∞–≥–∞–∑–∏–Ω –∏ –¥–ª—è –æ—Å—Ç–∞–Ω–æ–≤–∫–∏ —É—Ö–æ–¥—è—â–∏—Ö –ø–æ—Å–'),
  (0, 'NetCenter Domain', 'noreply@netcenterdomain.com', 'status.361076.ru Expiration Notice', 'Disclaimer: We are not liable for any financial loss, lost data, missed customers, loss of search engine rankings, undelivered email or any other damages that you may incur due to the expiration of status.361076.ru. For further information please refer to section 12.b.7a of our User Agreement. \n\n This is your final notification to renew status.361076.ru: \n\n https://netcenterdomain.com/?n=status.361076.ru&r=a \n\n In the event that you allow status.361076.ru to expire, the listing will be automatic'),
  (0, 'DomainPortal Net', 'noreply@domainportalnet.com', 'status.361076.ru Expiration Notice', 'Disclaimer: We are not liable for any financial loss, lost data, missed customers, loss of search engine rankings, undelivered email or any other damages that you may incur due to the expiration of status.361076.ru. For further information please refer to section 12.b.7a of our User Agreement. \n\n This is your final notification to renew status.361076.ru: \n\n https://domainportalnet.com/?n=status.361076.ru&r=a \n\n In the event that you allow status.361076.ru to expire, the listing will be automatic');
UNLOCK TABLES;

-- 
-- Table structure for table  sud_stat
-- 

DROP TABLE IF EXISTS sud_stat;
CREATE TABLE `sud_stat` (
  `pd` int(5) NOT NULL,
  `gd` int(5) NOT NULL,
  `ad` int(5) NOT NULL,
  `ard` int(5) NOT NULL,
  `bd` int(5) NOT NULL
) ENGINE=InnoDB DEFAULT CHARSET=utf8;

-- 
-- Dumping data for table sud_stat
-- 

LOCK TABLES sud_stat WRITE;
INSERT INTO sud_stat VALUES
  (113, 1093, 26, 157, 55),
  (2, 11, 1, 2, 6);
UNLOCK TABLES;

/*!40014 SET FOREIGN_KEY_CHECKS=@OLD_FOREIGN_KEY_CHECKS */;
/*!40101 SET SQL_MODE=@OLD_SQL_MODE */;
