-- MyDAC version: 7.1.6
-- MySQL server version: 5.6.40
-- MySQL client version: 7.0.0 Direct
-- Script date 28.04.2019 19:28:04
-- ---------------------------------------------------------------------- 
-- Server: mysql-56074.srv.hoster.ru
-- Database: srv56074_clientcard

/*!40014 SET @OLD_FOREIGN_KEY_CHECKS=@@FOREIGN_KEY_CHECKS, FOREIGN_KEY_CHECKS=0 */;
/*!40101 SET @OLD_SQL_MODE=@@SQL_MODE, SQL_MODE='NO_AUTO_VALUE_ON_ZERO' */;
-- 
-- Database srv56074_clientcard structure
-- 

USE mysql;
DROP DATABASE IF EXISTS srv56074_clientcard;
CREATE DATABASE srv56074_clientcard;
USE srv56074_clientcard;

-- 
-- Table structure for table  admlogin
-- 

DROP TABLE IF EXISTS admlogin;
CREATE TABLE `admlogin` (
  `login` varchar(45) NOT NULL,
  `password` varchar(45) NOT NULL,
  PRIMARY KEY (`login`),
  UNIQUE KEY `login_UNIQUE` (`login`)
) ENGINE=InnoDB DEFAULT CHARSET=utf8;

-- 
-- Dumping data for table admlogin
-- 

LOCK TABLES admlogin WRITE;
INSERT INTO admlogin VALUES
  ('erot999@gmail.com', 'Bd14071978');
UNLOCK TABLES;

-- 
-- Table structure for table  agent_pay
-- 

DROP TABLE IF EXISTS agent_pay;
CREATE TABLE `agent_pay` (
  `agent_id` varchar(45) NOT NULL,
  `pdate` date NOT NULL,
  `summ` int(11) NOT NULL
) ENGINE=InnoDB DEFAULT CHARSET=utf8;

-- 
-- Dumping data for table agent_pay
-- 

LOCK TABLES agent_pay WRITE;
INSERT INTO agent_pay VALUES
  ('17003', '2018-01-29', 1200),
  ('17012', '2018-01-29', 800),
  ('17021', '2018-01-29', 50),
  ('17003', '2018-03-26', 800),
  ('17003', '2018-03-27', 3000),
  ('17003', '2018-04-16', 1000),
  ('17002', '2018-04-17', 3000),
  ('17002', '2018-04-19', 3000),
  ('17003', '2018-06-06', 1500),
  ('19001', '2019-03-14', 500);
UNLOCK TABLES;

-- 
-- Table structure for table  agentlogin
-- 

DROP TABLE IF EXISTS agentlogin;
CREATE TABLE `agentlogin` (
  `login` varchar(45) NOT NULL,
  `password` varchar(45) NOT NULL
) ENGINE=InnoDB DEFAULT CHARSET=utf8;

-- 
-- Dumping data for table agentlogin
-- 

LOCK TABLES agentlogin WRITE;
INSERT INTO agentlogin VALUES
  ('17001', '14071978'),
  ('17007', '14031955'),
  ('17002', '25021973'),
  ('17003', '07051974'),
  ('17004', '02121988'),
  ('17005', '30041974'),
  ('17006', '16081992'),
  ('17008', '08091963'),
  ('17009', '20051967'),
  ('17010', '12345'),
  ('17011', '54321'),
  ('17012', '1967'),
  ('17015', '12061970'),
  ('17014', '19061957'),
  ('17015', '6789'),
  ('17018', '22071978'),
  ('17021', '26101981'),
  ('17023', '27012000'),
  ('17022', '30121999');
UNLOCK TABLES;

-- 
-- Table structure for table  Agents
-- 

DROP TABLE IF EXISTS Agents;
CREATE TABLE `Agents` (
  `idAgents` int(11) NOT NULL,
  `fio` varchar(100) NOT NULL,
  `idsheff` int(11) NOT NULL,
  PRIMARY KEY (`idAgents`),
  UNIQUE KEY `idAgents_UNIQUE` (`idAgents`)
) ENGINE=InnoDB DEFAULT CHARSET=utf8;

-- 
-- Dumping data for table Agents
-- 

LOCK TABLES Agents WRITE;
INSERT INTO Agents VALUES
  (17001, 'Barsukov Sergey Sergeevich ', 17001),
  (17002, 'Obolenskaya Victoriya Victorovna', 17001),
  (17003, 'Krupoderova Maya Alexandrovna', 17002),
  (17004, 'Krasnova Inna Olegovna', 17001),
  (17005, 'Sidorenko Valentina Valerievna', 17001),
  (17006, 'Ibaev Djeyhun Gadgibaba', 17001),
  (17007, 'Grigorjeva Viktoriya Valentinovna', 17001),
  (17008, 'Kostin Oleg Georgievich', 17001),
  (17009, 'Kochetkova Irina Alexandrovna', 17002),
  (17010, 'Stregeleckaya Lidiya Viktorovna', 17015),
  (17011, 'Perestjuk Ludmila Nikolaevna', 17003),
  (17012, 'Vostroknutov Alexandr Eduardovich', 17007),
  (17013, 'Posypkina Anna Alexandrovna', 17015),
  (17014, 'Nagorny Vladimir Nikolaevich', 17007),
  (17015, 'Tumanova Irina Nikolaevna', 17007),
  (17016, 'Soldatov Uriy Gennadevich', 17002),
  (17017, 'Tutova Margarita Uryevna', 17009),
  (17018, 'Malceva Yuliya Nikolaevna', 17009),
  (17019, 'Perestuk Viktoriya Vasilevna', 17011),
  (17020, 'Astasheva Galina Olegovna', 17011),
  (17021, 'Bondarenko Ganna Nikolaevna', 17001),
  (17022, 'Tutov Ivan Andreevich', 17017),
  (17023, 'Muhin Alexandr Sergeevich', 17022),
  (17024, 'Hohlushina Yuliya Andreevna', 17002),
  (19001, 'Kataev Evgeniy', 17001),
  (25001, 'Posypkina Anna Alexandrovna', 17015),
  (65001, 'Roeva Tatyana Abdurakimovna', 17015);
UNLOCK TABLES;

-- 
-- Table structure for table  altairmsg
-- 

DROP TABLE IF EXISTS altairmsg;
CREATE TABLE `altairmsg` (
  `rd` tinyint(1) NOT NULL,
  `name` varchar(50) NOT NULL,
  `mail` varchar(100) NOT NULL,
  `subject` varchar(100) NOT NULL,
  `msg` varchar(500) NOT NULL
) ENGINE=InnoDB DEFAULT CHARSET=utf8;

-- 
-- Dumping data for table altairmsg
-- 

LOCK TABLES altairmsg WRITE;
INSERT INTO altairmsg VALUES
  (0, 'Sergey', 'test@tst.ru', 'Test', 'Test msg'),
  (0, 'NetCenter Domain', 'noreply@netcenterdomain.com', 'altair.361076.ru Expiration Notice', 'Disclaimer: We are not liable for any financial loss, lost data, missed customers, loss of search engine rankings, undelivered email or any other damages that you may incur due to the expiration of altair.361076.ru. For further information please refer to section 12.b.7a of our User Agreement. \n\n This is your final notification to renew altair.361076.ru: \n\n https://netcenterdomain.com/?n=altair.361076.ru&r=a \n\n In the event that you allow altair.361076.ru to expire, the listing will be automatic'),
  (0, 'Antikzew', 'rudenoknazar694@mail.ru', '–ê–Ω—Ç–∏–∫–≤–∞—Ä–Ω—ã–π –º–∞–≥–∞–∑–∏–Ω', 'https://waterloo-collection.ru/28473/ - –ú–µ–¥–∞–ª—å ‚Äî –ù–∞—Ü–∏–æ–Ω–∞–ª—å–Ω–æ–π ‚Äî –æ–±–æ—Ä–æ–Ω—ã ‚Äî –§—Ä–∞–Ω—Ü–∏—è    - —Å–º–æ—Ç—Ä–∏—Ç–µ –Ω–∞ —Å–∞–π—Ç–µ –∞–Ω—Ç–∏–∫–≤–∞—Ä–∏–∞—Ç–∞ https://waterloo-collection.ru - waterloo-collection.ru'),
  (0, '–î–º–∏—Ç—Ä–∏–π', '0000@----.ru', '373737', '–•–æ—á—É –ø—Ä–µ–¥–ª–æ–∂–∏—Ç—å –∑–∞–Ω—è—Ç—å—Å—è –ø–æ–∏—Å–∫–æ–º –∑–∞–∫–∞–∑–æ–≤ –¥–ª—è –í–∞—à–µ–π —Ñ–∏—Ä–º—ã, –∏—Å–ø–æ–ª—å–∑—É—é —Ç–∞–∫–∏–µ –∫–∞–Ω–∞–ª—ã —Ä–µ–∫–ª–∞–º—ã –∫–∞–∫:\n- Email —Ä–∞—Å—Å—ã–ª–∫–∏ - –æ—Ç 3900 —Ä—É–±–ª–µ–π –∑–∞ 1 000 000 –ø–∏—Å–µ–º;\n- –û–±–∑–≤–æ–Ω –ø—Ä–µ–¥–ø—Ä–∏—è—Ç–∏–π –Ω–∞—à–∏–º–∏ –º–µ–Ω–µ–¥–∂–µ—Ä–∞–º–∏ - 250-450 —Ä—É–±–ª–µ–π –∑–∞ –Ω–∞–π–¥–µ–Ω–Ω–æ–≥–æ –∑–∞–∏–Ω—Ç–µ—Ä–µ—Å–æ–≤–∞–Ω–Ω–æ–≥–æ –∫–ª–∏–µ–Ω—Ç–∞;\n- –†–∞—Å—Å—ã–ª–∫–∏ –ø–æ —Å–∞–π—Ç—É Avito - 1 —Ä—É–±–ª—å –∑–∞ —Å–æ–æ–±—â–µ–Ω–'),
  (0, '–ö–æ–ª—è', '---@000.ru', '980270633', '–ü–æ –ø–æ–≤–æ–¥—É –ø–æ–∏—Å–∫–∞ –∑–∞–∫–∞–∑–æ–≤ –ø—Ä–æ—à—É —Å–≤—è–∑–∞—Ç—å—Å—è: 7(495)1757136'),
  (0, 'benza.ru', 'pofosiforumam@yandex.ru', '–ö–∞–∫ –≤–æ—Ä—É—é—Ç —Ç–æ–ø–ª–∏–≤–æ –Ω–∞ –ø—Ä–µ–¥–ø—Ä–∏—è—Ç–∏—è—Ö. –ò –∫–∞–∫ —ç—Ç–æ –ø—Ä–µ–∫—Ä–∞—Ç–∏—', '–ü—Ä–µ–¥–ø—Ä–∏—è—Ç–∏–µ —É—Å—Ç–∞–Ω–æ–≤–∏–ª–æ –Ω–∞ –≤—Å–µ–π —Ç–µ—Ö–Ω–∏–∫–µ —Å–∏—Å—Ç–µ–º—ã –∫–æ–Ω—Ç—Ä–æ–ª—è —Ä–∞—Å—Ö–æ–¥–∞ —Ç–æ–ø–ª–∏–≤–∞ –∏ –º–æ–Ω–∏—Ç–æ—Ä–∏–Ω–≥–∞ –∞–≤—Ç–æ—Ç—Ä–∞–Ω—Å–ø–æ—Ä—Ç–∞. –°–ª–∏–≤—ã —Ç–æ–ø–ª–∏–≤–∞ –ø—Ä–µ–∫—Ä–∞—Ç–∏–ª–∏—Å—å, –Ω–æ —Å–º–µ–∫–∞–ª–∫–∞ –≤–æ–¥–∏—Ç–µ–ª–µ–π –ø—Ä–æ–¥–æ–ª–∂–∞–ª–∞ —Ä–∞–±–æ—Ç–∞—Ç—å –∏ —Ç—Ä–µ–±–æ–≤–∞—Ç—å –±–µ—Å–ø–ª–∞—Ç–Ω–æ–≥–æ –¥–∏–∑–µ–ª—è. –ë—ã–ª–∞ –∏–∑–æ–±—Ä–µ—Ç–µ–Ω–∞ –ø—Ä–æ—Å—Ç–∞—è‚Ä¶ –ü—Ä–æ–¥–æ–ª–∂–µ–Ω–∏–µ —Ç—É—Ç> http://benza.ru/prekratit-vorovstvo-topl'),
  (0, 'benza.ru', 'pofosiforumam@yandex.ru', '–ö–∞–∫ –≤–æ—Ä—É—é—Ç —Ç–æ–ø–ª–∏–≤–æ –Ω–∞ –ø—Ä–µ–¥–ø—Ä–∏—è—Ç–∏—è—Ö. –ò –∫–∞–∫ —ç—Ç–æ –ø—Ä–µ–∫—Ä–∞—Ç–∏—', '–ü—Ä–µ–¥–ø—Ä–∏—è—Ç–∏–µ —É—Å—Ç–∞–Ω–æ–≤–∏–ª–æ –Ω–∞ –≤—Å–µ–π —Ç–µ—Ö–Ω–∏–∫–µ —Å–∏—Å—Ç–µ–º—ã –∫–æ–Ω—Ç—Ä–æ–ª—è —Ä–∞—Å—Ö–æ–¥–∞ —Ç–æ–ø–ª–∏–≤–∞ –∏ –º–æ–Ω–∏—Ç–æ—Ä–∏–Ω–≥–∞ –∞–≤—Ç–æ—Ç—Ä–∞–Ω—Å–ø–æ—Ä—Ç–∞. –°–ª–∏–≤—ã —Ç–æ–ø–ª–∏–≤–∞ –ø—Ä–µ–∫—Ä–∞—Ç–∏–ª–∏—Å—å, –Ω–æ —Å–º–µ–∫–∞–ª–∫–∞ –≤–æ–¥–∏—Ç–µ–ª–µ–π –ø—Ä–æ–¥–æ–ª–∂–∞–ª–∞ —Ä–∞–±–æ—Ç–∞—Ç—å –∏ —Ç—Ä–µ–±–æ–≤–∞—Ç—å –±–µ—Å–ø–ª–∞—Ç–Ω–æ–≥–æ –¥–∏–∑–µ–ª—è. –ë—ã–ª–∞ –∏–∑–æ–±—Ä–µ—Ç–µ–Ω–∞ –ø—Ä–æ—Å—Ç–∞—è‚Ä¶ –ü—Ä–æ–¥–æ–ª–∂–µ–Ω–∏–µ —Ç—É—Ç> http://benza.ru/prekratit-vorovstvo-topl'),
  (0, 'benza.ru', 'pofosiforumam@yandex.ru', '–ö–∞–∫ –≤–æ—Ä—É—é—Ç —Ç–æ–ø–ª–∏–≤–æ –Ω–∞ –ø—Ä–µ–¥–ø—Ä–∏—è—Ç–∏—è—Ö. –ò –∫–∞–∫ —ç—Ç–æ –ø—Ä–µ–∫—Ä–∞—Ç–∏—', '–ü—Ä–µ–¥–ø—Ä–∏—è—Ç–∏–µ —É—Å—Ç–∞–Ω–æ–≤–∏–ª–æ –Ω–∞ –≤—Å–µ–π —Ç–µ—Ö–Ω–∏–∫–µ —Å–∏—Å—Ç–µ–º—ã –∫–æ–Ω—Ç—Ä–æ–ª—è —Ä–∞—Å—Ö–æ–¥–∞ —Ç–æ–ø–ª–∏–≤–∞ –∏ –º–æ–Ω–∏—Ç–æ—Ä–∏–Ω–≥–∞ –∞–≤—Ç–æ—Ç—Ä–∞–Ω—Å–ø–æ—Ä—Ç–∞. –°–ª–∏–≤—ã —Ç–æ–ø–ª–∏–≤–∞ –ø—Ä–µ–∫—Ä–∞—Ç–∏–ª–∏—Å—å, –Ω–æ —Å–º–µ–∫–∞–ª–∫–∞ –≤–æ–¥–∏—Ç–µ–ª–µ–π –ø—Ä–æ–¥–æ–ª–∂–∞–ª–∞ —Ä–∞–±–æ—Ç–∞—Ç—å –∏ —Ç—Ä–µ–±–æ–≤–∞—Ç—å –±–µ—Å–ø–ª–∞—Ç–Ω–æ–≥–æ –¥–∏–∑–µ–ª—è. –ë—ã–ª–∞ –∏–∑–æ–±—Ä–µ—Ç–µ–Ω–∞ –ø—Ä–æ—Å—Ç–∞—è‚Ä¶ –ü—Ä–æ–¥–æ–ª–∂–µ–Ω–∏–µ —Ç—É—Ç> http://benza.ru/prekratit-vorovstvo-topl'),
  (0, '–ò—Ä–∏–Ω–∞', 'ecazkar4@gmail.com', '–ò—Å–∫–æ–≤–æ–µ –∑–∞—è–≤–ª–µ–Ω–∏–µ', '–ó–¥—Ä–∞–≤—Å—Ç–≤—É–π—Ç–µ! –í 2-–≥–∏—Å —É–∫–∞–∑–∞–Ω–æ, —á—Ç–æ –≤—ã –æ–∫–∞–∑—ã–≤–∞–µ—Ç–µ —é—Ä–∏–¥–∏—á–µ—Å–∫–æ–µ –æ–±—Å–ª—É–∂–∏–≤–∞–Ω–∏–µ. –í–æ–ø—Ä–æ—Å —Ç–∞–∫–æ–π: –∫–∞–∫–æ–≤–∞ —Å—Ç–æ–∏–º–æ—Å—Ç—å —É—Å–ª—É–≥–∏ —Å–æ—Å—Ç–∞–≤–ª–µ–Ω–∏—è –∏—Å–∫–æ–≤–æ–≥–æ –∑–∞—è–≤–ª–µ–Ω–∏—è –¥–ª—è –ø–æ–¥–∞—á–∏ –≤ –º–∏—Ä–æ–≤–æ–π —Å—É–¥ –≤ –≤–∞—à–µ–º –∞–≥–µ–Ω—Ç—Å—Ç–≤–µ? –°–ø–∞—Å–∏–±–æ'),
  (0, 'StationWeb Domain', 'noreply@stationwebdomain.com', 'xn----7sbfzbhfhqksbdqg0mxa.xn--p1ai Expiration Notice', 'Disclaimer statement: We are not legally liable for any losses or damages that you may incur due to the expiration of xn----7sbfzbhfhqksbdqg0mxa.xn--p1ai. Such losses may include but are not limited to: financial loss, deleted data, downgrade of search rankings, missed customers, undelivered email and any other technical or business damages that you may incur. For more information please refer section 14.a.1.e of our Terms of Service. \n\n This is your final renewal notification for xn----7sbfzbhf'),
  (0, 'RichardKef', 'karrastov@gmail.com', '–ù–µ–∑–∞–º–µ–¥–ª–∏—Ç–µ–ª—å–Ω–æ —Ç—Ä–µ–±—É—é—Ç—Å—è –Ω–æ–≤—ã–µ –ø–æ–∫—É–ø–∞—Ç–µ–ª–∏?', '–ü—Ä–∏–æ–±—Äe—Ç–∞–π—Çe –Ωe –¥o—Ä–æ–≥–∏–µ –∏ –∫a—áec—Ç–≤–µ–Ω–Ω—ãe –±a–∑—ã –¥–∞–Ω–Ω—ã—Ö —Ñ–∏–∑. –ª–∏—Ü,–∞ —Ç–∞–∫–∂–µ —é—Ä –ª–∏—Ü.'),
  (0, 'r-z-r.ru', 'troydowden@homechoice.co.uk', '–ü—Ä–∏–≤–µ—Ç—Å—Ç–≤–∏–µ!', '–í–∞—Å –ø—Ä–∏–≤–µ—Ç—Å—Ç–≤—É–µ—Ç  —Å–∞–π—Ç —Ä–∞—Å—Å—ã–ª–∫–∏ http://r-z-r.ru \r\n.'),
  (0, 'crimnewsTeask', 'wladislawgrixnov900@mail.ru', '–ö—Ä–∏–º–∏–Ω–∞–ª—å–Ω—ã–µ –Ω–æ–≤–æ—Å—Ç–∏', '<a href=http://crimnews.ru/2018/09/30/v-grecii-v-rezyltate-besporiadkov-v-lagere-bejencev-pogib-odin-chelovek/>–í –ì—Ä–µ—Ü–∏–∏ –≤ —Ä–µ–∑—É–ª—å—Ç–∞—Ç–µ –±–µ—Å–ø–æ—Ä—è–¥–∫–æ–≤ –≤ –ª–∞–≥–µ—Ä–µ –±–µ–∂–µ–Ω—Ü–µ–≤ –ø–æ–≥–∏–± –æ–¥–∏–Ω —á–µ–ª–æ–≤–µ–∫</a>        -  —á–∏—Ç–∞–π—Ç–µ –Ω–∞ —Å–∞–π—Ç–µ –∫—Ä–∏–º–∏–Ω–∞–ª—å–Ω—ã—Ö –Ω–æ–≤–æ—Å—Ç–µ–π <a href=http://crimnews.ru>crimnews.ru</a>'),
  (0, '–£—Ç–æ–Ω—á–µ–Ω–Ω–∞—è –∫–æ—Å–º–µ—Ç–∏–∫–∞ http://www', '111@000.ru', '40854733', '–ß—Ç–æ —Ç–∞–∫–æ–µ –∫—Ä–∞—Å–æ—Ç–∞?\n–í –Ω–∞—à–µ–º —Å–∞–ª–æ–Ω–µ –∫—Ä–∞—Å–æ—Ç—ã –º—ã –≤–µ—Ä–∏–º, —á—Ç–æ —ç—Ç–æ –≤ –ø–µ—Ä–≤—É—é –æ—á–µ—Ä–µ–¥—å –ª–µ–≥–∫–æ—Å—Ç—å –∏ –ø–æ–∑–∏—Ç–∏–≤–Ω—ã–µ —ç–º–æ—Ü–∏–∏! \n–ü—Ä–æ—Ñ–µ—Å—Å–∏–æ–Ω–∞–ª—å–Ω–∞—è —Ä–æ—Å–∫–æ—à–Ω–∞—è –∏ —É—Ç–æ–Ω—á–µ–Ω–Ω–∞—è –∫–æ—Å–º–µ—Ç–∏–∫–∞ –Ω–∞ —Å–∞–π—Ç–µ\nhttp://anton-teut-pro.ru/1944'),
  (0, '–ü—É—Ç–µ—à–µ—Å—Ç–≤—É–µ–º –ø–æ –¥–∂—É–Ω–≥–ª—è–º —Å ', '111@1111111.com', '69982825', '–ü—Ä–∏–≥–ª–∞—à–∞–µ–º —Å–æ–≤–µ—Ä—à–∏—Ç—å —ç–∫—Å–∫–ª—é–∑–∏–≤–Ω—ã–µ –ø—É—Ç–µ—à–µ—Å—Ç–≤–∏—è –ù–ï –î–õ–Ø –í–°–ï–•\n–£–≤–ª–µ–∫–∞—Ç–µ–ª—å–Ω—ã–µ –ø—É—Ç–µ—à–µ—Å—Ç–≤–∏—è –Ω–∞ –ö–∏–ª–∏–º–∞–Ω–¥–∂–∞—Ä–æ\n–ü–æ—Å–µ—Ç–∏—Ç–µ –ø–ª–µ–º–µ–Ω–∞ –ü–∞–ø—É–∞ –∏ –ö–æ–º–æ–¥–æ \nhttp://exclusive-travels.ru'),
  (0, '–ì—Ä–∏–≥–æ—Ä–∏–π', '1111@-------.ru', '89271362', '–•–æ—á—É –ø—Ä–µ–¥–ª–æ–∂–∏—Ç—å –∑–∞–Ω—è—Ç—å—Å—è –ø–æ–∏—Å–∫–æ–º –∫–ª–∏–µ–Ω—Ç–æ–≤ –¥–ª—è –í–∞—à–µ–π —Ñ–∏—Ä–º—ã, –∏—Å–ø–æ–ª—å–∑—É—é —Ç–∞–∫–∏–µ –º–µ—Ç–æ–¥—ã —Ä–µ–∫–ª–∞–º—ã:\n- –†–∞—Å—Å—ã–ª–∫–∏ –ø–æ email - –æ—Ç 3900 —Ä—É–±–ª–µ–π –∑–∞ 1 000 000 –ø–∏—Å–µ–º;\n- –û–±–∑–≤–æ–Ω –∫–æ–º–ø–∞–Ω–∏–π –Ω–∞—à–∏–º–∏ –æ–ø–µ—Ä–∞—Ç–æ—Ä–∞–º–∏ - 250-450 —Ä—É–±–ª–µ–π –∑–∞ –Ω–∞–π–¥–µ–Ω–Ω–æ–≥–æ –∑–∞–∏–Ω—Ç–µ—Ä–µ—Å–æ–≤–∞–Ω–Ω–æ–≥–æ –∫–ª–∏–µ–Ω—Ç–∞;\n- –†–∞—Å—Å—ã–ª–∫–∏ –ø–æ –ø–æ–ª—å–∑–æ–≤–∞—Ç–µ–ª—è–º —Å–∞–π—Ç–∞ –ê–≤–∏—Ç–æ - 1 —Ä—É–'),
  (0, '–§—É—Ç–±–æ–ª–∫–∏ —Å –∞–≤—Ç–æ—Ä—Å–∫–∏–º–∏ —Ä–∏—Å—É–', '---@1111111.ru', '4039450', '–ú—É–∂—Å–∫–∏–µ –∏ –∂–µ–Ω—Å–∫–∏–µ —Ñ—É—Ç–±–æ–ª–∫–∏ ‚Äì —à–∏—Ä–æ–∫–∏–π –∞—Å—Å–æ—Ä—Ç–∏–º–µ–Ω—Ç —Ä–∞—Å—Ü–≤–µ—Ç–æ–∫, –ø—Ä–∏–Ω—Ç–æ–≤, –º–∞—Ç–µ—Ä–∏–∞–ª–∞\n–í—ã—Å–æ–∫–æ–≥–æ –∫–∞—á–µ—Å—Ç–≤–∞ –ø–æ –æ—á–µ–Ω—å –¥–æ—Å—Ç—É–ø–Ω—ã–º —Ü–µ–Ω–∞–º\nhttp://www-cpp-group.ru/1951'),
  (0, '–°–µ–º–∏–Ω–∞—Ä-—Å–æ–≤–µ—â–∞–Ω–∏–µ –ø–æ –∞–∫—Ç—É–∞–', '----@1111111.ru', '850518', '–ó–¥—Ä–∞–≤—Å—Ç–≤—É–π—Ç–µ, —É–≤–∞–∂–∞–µ–º—ã–π –∫–æ–ª–ª–µ–≥–∏!\n\n–ü—Ä–∏–≥–ª–∞—à–∞–µ–º –í–∞—Å –Ω–∞ —Å–µ–º–∏–Ω–∞—Ä-—Å–æ–≤–µ—â–∞–Ω–∏–µ –Ω–∞ —Ç–µ–º—É:\n¬´–ê–∫—Ç—É–∞–ª—å–Ω—ã–µ –∏–∑–º–µ–Ω–µ–Ω–∏—è –≤ —Å—Ñ–µ—Ä–µ –≥–æ—Å–æ–±–æ—Ä–æ–Ω–∑–∞–∫–∞–∑–∞ —Å 01.01.2019–≥: –Ω–æ–≤–æ–µ –≤ —Å–∏—Å—Ç–µ–º–µ –∫–∞–∑–Ω–∞—á–µ–π—Å–∫–æ–≥–æ —Å–æ–ø—Ä–æ–≤–æ–∂–¥–µ–Ω–∏—è –ì–û–ó, –Ω–æ–≤—ã–π —Ä–µ–∂–∏–º —É–ø–ª–∞—Ç—ã –ø—Ä–æ—Ü–µ–Ω—Ç–æ–≤ –Ω–∞ —Å–ø–µ—Ü—Å—á–µ—Ç–µ, –Ω–æ–≤—ã–µ –ø—Ä–∞–≤–∏–ª–∞ –ø–µ—Ä–µ–¥–∞—á–∏ –∏–Ω—Ñ–æ—Ä–º–∞—Ü–∏–∏, –æ—Å–æ–±–µ–Ω–Ω–æ—'),
  (0, '–ü–æ—Å—Ç–∏–Ω–≥ —É–ø–æ–º–∏–Ω–∞–Ω–∏–π –∏ –æ—Ç–∑—ã–≤–', '---@111.ru', '93271590', '–ü—Ä–µ–¥–ª–∞–≥–∞—é –Ω–æ–≤—ã–π –Ω–µ–æ–±—ã—á–Ω—ã–π –º–µ—Ç–æ–¥ —Ä–µ–∫–ª–∞–º—ã - \"—Ä–µ–∫–ª–∞–º–∞ —É–ø–æ–º–∏–Ω–∞–Ω–∏—è–º–∏ –∏ –æ—Ç–∑—ã–≤–∞–º–∏\" –Ω–∞ —Ñ–æ—Ä—É–º–∞—Ö, –±–ª–æ–≥–∞—Ö, —Å–µ—Ä–≤–∏—Å–∞—Ö –≤–æ–ø—Ä–æ—Å–æ–≤-–æ—Ç–≤–µ—Ç–æ–≤, —Å—Ç–∞—Ç—å—è—Ö, —Å–æ—Ü–∏–∞–ª—å–Ω—ã—Ö —Å–µ—Ç—è—Ö –∏ –Ω–∞ –ª—é–±—ã—Ö –¥—Ä—É–≥–∏—Ö —Å–∞–π—Ç–∞—Ö.\n\n–£–ø–æ–º–∏–Ω–∞–Ω–∏—è —Ä–∞–∑–º–µ—â–∞—é—Ç—Å—è –Ω–∞ —Å—Ç—Ä–∞–Ω–∏—Ü–∞—Ö —Å–∞–π—Ç–æ–≤, –≥–¥–µ –∏–¥–µ—Ç –æ–±—Å—É–∂–¥–µ–Ω–∏–µ –í–∞—à–µ–≥–æ —Ç–æ–≤–∞—Ä–∞ –∏–ª–∏ –ø—Ä–æ–¥—É–∫—Ç–æ–≤ —Å—Ö–æ–∂–∏'),
  (0, '–≠–ª–µ–∫—Ç—Ä–æ–Ω–Ω—ã–µ —Ä–∞—Å—Å—ã–ª–∫–∏: http://ww', 'ldwjxxkxm@hotmail.com', '7247663', '–ü—Ä–µ–¥–ª–∞–≥–∞–µ–º e-mail —Ä–∞—Å—Å—ã–ª–∫–∏ –ø–æ –Ω–∞—à–∏–º –±–∞–∑–∞–º:\n- –õ—é–±—ã–µ –≥–æ—Ä–æ–¥–∞ –†–§\n- –ú–æ—Å–∫–≤–∞ –∏ –ú–û\n- –°–∞–Ω–∫—Ç - –ü–µ—Ç–µ—Ä–±—É—Ä–≥\n- –ü—Ä–µ–¥–ø—Ä–∏—è—Ç–∏—è –æ–ø—Ä–µ–¥–µ–ª–µ–Ω–Ω—ã—Ö —Å—Ñ–µ—Ä –¥–µ—è—Ç–µ–ª—å–Ω–æ—Å—Ç–∏\n- –°—Ç—Ä–∞–Ω—ã –º–∏—Ä–∞\n\n–ü–æ—Å–µ—Ç–∏—Ç–µ –Ω–∞—à —Å–∞–π—Ç: http://www-domastroim.ru/send'),
  (0, '–¢–∏–ø–æ–≥—Ä–∞—Ñ–∏—á–µ—Å–∫–∏–µ —É—Å–ª—É–≥–∏ - http', '------@00000.ru', '02766837', '–£—Å–ª—É–≥–∏ —Ç–∏–ø–æ–≥—Ä–∞—Ñ–∏–∏. –ü—Ä–µ–¥–æ—Å—Ç–∞–≤–ª—è–µ–º –≤—Å–µ —Ä–∞–∑–Ω–æ–≤–∏–¥–Ω–æ—Å—Ç–∏ –ø–æ–ª–Ω–æ—Ü–≤–µ—Ç–Ω—ã—Ö —Ç–µ—Ä–º–æ—Ç—Ä–∞–Ω—Å—Ñ–µ—Ä–æ–≤:\n—Å—É–±–ª–∏–º–∞—Ü–∏–æ–Ω–Ω—ã—Ö –æ—Ñ—Å–µ—Ç–Ω—ã—Ö, –ø–ª–∞—Å—Ç–∏–∑–æ–ª–µ–≤—ã—Ö –æ—Ñ—Å–µ—Ç–Ω—ã—Ö [—Ö–æ–ª–æ–¥–Ω–æ–≥–æ –æ—Ç—Å–ª–∞–∏–≤–∞–Ω–∏—è], –ø–ª–∞—Å—Ç–∏–∑–æ–ª–µ–≤—ã—Ö –≥–æ—Ä—è—á–µ–≥–æ –æ—Ç—Ä—ã–≤–∞ —Å–æ –≤—Å–ø–µ–Ω–∏–≤–∞–Ω–∏–µ–º [–ø–µ—á–∞—Ç—å –ø–æ CMYK –∏ –ø–æ –ø–∞–Ω—Ç–æ–Ω–∞–º], –æ—Ñ—Å–µ—Ç–Ω—ã—Ö –Ω–∞ –Ω–∞—Ç—É—Ä–∞–ª—å–Ω—É—é –∏ –∏—Å–∫—É—Å—Å—Ç–≤–µ–Ω–Ω—É—'),
  (0, 'SantehCrarf', 'olgaparaewa1625@mail.ru', '–°–∞–Ω—Ç–µ—Ö–Ω–∏–∫ –≤ –ù–∏–∂–Ω–µ–º –ù–æ–≤–≥–æ—Ä–æ–¥–µ', '<a href=http://xn----7sbpmkpbda5an1b.xn--p1ai>—Å–∞–Ω—Ç–µ—Ö–Ω–∏–∫-–Ω–Ω.—Ä—Ñ</a> -  \r\n<a href=http://xn----7sbpmkpbda5an1b.xn--p1ai>—Å–∞–Ω—Ç–µ—Ö–Ω–∏–∫ –Ω–∞ —á–∞—Å</a>'),
  (0, 'elektriksanCrarf', 'shponowamiloslawa@mail.ru', '–°–∞–Ω—Ç–µ—Ö–Ω–∏–∫ –≤ –ù–∏–∂–Ω–µ–º –ù–æ–≤–≥–æ—Ä–æ–¥–µ', 'http://santechnik-elektrik.ru - santechnik-elektrik.ru -  \r\nhttp://santechnik-elektrik.ru - —ç–ª–µ–∫—Ç—Ä–æ–º–æ–Ω—Ç–∞–∂ –≤ –Ω–æ–≤–æ—Å—Ç—Ä–æ–π–∫–µ'),
  (0, '–†–∞—Å—Å—á–∏—Ç–∞–π—Ç–µ —Ü–µ–Ω—É –Ω–∞ —Å–∞–π—Ç–µ ht', '3333333@0000.ru', '18693970', '–ò–∑–≥–æ—Ç–æ–≤–∏–º —Å–æ–≤—Ä–µ–º–µ–Ω–Ω—ã–π —à–∫–∞—Ñ-–∫—É–ø–µ –Ω–∞ —Å–æ–±—Å—Ç–≤–µ–Ω–Ω–æ–º –ø—Ä–æ–∏–∑–≤–æ–¥—Å—Ç–≤–µ –ø–æ –≤–∞—à–∏–º —Ä–∞–∑–º–µ—Ä–∞–º –≤—Å–µ–≥–æ –∑–∞ 5 –¥–Ω–µ–π!\n–†–∞—Å—Å—á–∏—Ç–∞–π—Ç–µ —Ü–µ–Ω—É —à–∫–∞—Ñ–∞ –ø–æ –í–∞—à–∏–º —Ä–∞–∑–º–µ—Ä–∞–º http://lk-cogasystem.ru/1952'),
  (0, '–ü–µ—Ç—Ä', '333333@0000.ru', '347693', '–•–æ—Ç–µ–ª –±—ã –ø—Ä–µ–¥–ª–æ–∂–∏—Ç—å –∑–∞–Ω—è—Ç—å—Å—è –ø–æ–∏—Å–∫–æ–º –∑–∞–∫–∞–∑–æ–≤ –¥–ª—è –í–∞—à–µ–≥–æ –±–∏–∑–Ω–µ—Å–∞, –∏—Å–ø–æ–ª—å–∑—É–µ–º —Ç–∞–∫–∏–µ –∫–∞–Ω–∞–ª—ã —Ä–µ–∫–ª–∞–º—ã –∫–∞–∫:\n- –†–∞—Å—Å—ã–ª–∫–∏ –ø–æ email - –æ—Ç 3900 —Ä—É–±–ª–µ–π –∑–∞ 1 000 000 –ø–∏—Å–µ–º;\n- –û–±–∑–≤–æ–Ω –∫–æ–º–ø–∞–Ω–∏–π –Ω–∞—à–∏–º–∏ –æ–ø–µ—Ä–∞—Ç–æ—Ä–∞–º–∏ - 250-450 —Ä—É–±–ª–µ–π –∑–∞ –Ω–∞–π–¥–µ–Ω–Ω–æ–≥–æ –∑–∞–∏–Ω—Ç–µ—Ä–µ—Å–æ–≤–∞–Ω–Ω–æ–≥–æ –∫–ª–∏–µ–Ω—Ç–∞;\n- –†–∞—Å—Å—ã–ª–∫–∏ –ø–æ –ø–æ–ª—å–∑–æ–≤–∞—Ç–µ–ª—è–º —Å–∞–π—Ç–∞ '),
  (0, '–ü—É—Ç–µ—à–µ—Å—Ç–≤–∏–µ –ø–æ –¥–∂—É–Ω–≥–ª—è–º —Å –≥', '00000@111.com', '575207549', '–ü—Ä–∏–≥–ª–∞—à–∞–µ–º —Å–æ–≤–µ—Ä—à–∏—Ç—å —ç–∫—Å–∫–ª—é–∑–∏–≤–Ω—ã–µ –ø—É—Ç–µ—à–µ—Å—Ç–≤–∏—è –ù–ï –î–õ–Ø –í–°–ï–•\n–£–≤–ª–µ–∫–∞—Ç–µ–ª—å–Ω—ã–µ –ø—É—Ç–µ—à–µ—Å—Ç–≤–∏—è –Ω–∞ –°—É–ª–∞–≤–µ—Å–∏ –∏ –ù–æ–≤—É—é –ì–≤–∏–Ω–µ—é\n–ü–æ—Å–µ—Ç–∏—Ç–µ —Ñ–µ—Å—Ç–∏–≤–∞–ª—å –ü–∞–ø—É–∞ –∏ –ö–æ–º–æ–¥–æ \nhttp://exclusive-travels.ru'),
  (0, 'KimerE', 'polis.fonar@yandex.com', 'KISS Tour Dates', 'Interested in HARD ROCK? How about Kiss band? They are on a tour now all across the US&Canada. Click on <a href=http://kisstourdates.com>KISS Tickets Columbus</a> to know more about KISS tickets in 2019.'),
  (0, '–ù–∏–∫–æ–ª–∞–π', '-------@-------.ru', '4730276', '–•–æ—Ç–µ–ª –±—ã –ø—Ä–µ–¥–ª–æ–∂–∏—Ç—å –≤—ã–ø–æ–ª–Ω—è—Ç—å –ø–æ–∏—Å–∫ –∑–∞–∫–∞–∑–æ–≤ –¥–ª—è –í–∞—à–µ–≥–æ –±–∏–∑–Ω–µ—Å–∞, –∏—Å–ø–æ–ª—å–∑—É—é —Ç–∞–∫–∏–µ –∫–∞–Ω–∞–ª—ã —Ä–µ–∫–ª–∞–º—ã –∫–∞–∫:\n- –†–∞—Å—Å—ã–ª–∫–∏ –ø–æ email - –æ—Ç 3900 —Ä—É–±–ª–µ–π –∑–∞ 1 000 000 –ø–∏—Å–µ–º;\n- –û–±–∑–≤–æ–Ω —Ñ–∏—Ä–º –Ω–∞—à–∏–º–∏ –º–µ–Ω–µ–¥–∂–µ—Ä–∞–º–∏ - 250-450 —Ä—É–±–ª–µ–π –∑–∞ –Ω–∞–π–¥–µ–Ω–Ω–æ–≥–æ –∑–∞–∏–Ω—Ç–µ—Ä–µ—Å–æ–≤–∞–Ω–Ω–æ–≥–æ –∫–ª–∏–µ–Ω—Ç–∞;\n- –†–∞—Å—Å—ã–ª–∫–∏ –ø–æ –ø–æ–ª—å–∑–æ–≤–∞—Ç–µ–ª—è–º —Å–∞–π—Ç–∞ Avito - 1 —Ä'),
  (0, '–ù–µ–¥–æ—Ä–æ–≥–∏–µ –∫—É—Ö–Ω–∏ http://domaidomikis.', '3333333@00000.com', '772397536', '–ó–∞–∫–∞–∂–∏—Ç–µ –∫—É—Ö–Ω—é –æ—Ç –º–æ—Å–∫–æ–≤—Å–∫–æ–π —Ñ–∞–±—Ä–∏–∫–∏ \n–ù–∞—à–∏ –ø—Ä–µ–∏–º—É—â–µ—Å—Ç–≤–∞\n-  –†–µ–∞–ª—å–Ω–æ –≤—ã—Å–æ–∫–æ–µ –∫–∞—á–µ—Å—Ç–≤–æ –∏ –¥–æ—Å—Ç—É–ø–Ω—ã–µ —Ü–µ–Ω—ã\n- –ì–∞—Ä–∞–Ω—Ç–∏—è —Ñ–∞–±—Ä–∏–∫–∏ 24 –º–µ—Å—è—Ü–∞\n- –ë–µ—Å–ø–ª–∞—Ç–Ω—ã–π –≤—ã–µ–∑–¥ –∑–∞–º–µ—Ä—â–∏–∫–∞\n–ó–≤–æ–Ω–∏—Ç–µ –∏ –º—ã –Ω–∞–π–¥–µ–º –¥–ª—è –≤–∞—Å –∫—É—Ö–Ω—é, –∫–æ—Ç–æ—Ä–∞—è –ø—Ä–µ–≤–∑–æ–π–¥–µ—Ç –≤–∞—à–∏ –æ–∂–∏–¥–∞–Ω–∏—è.\nhttp://www-avkompleks.ru/1932'),
  (0, 'JoJoktilar', 'zvenislavaefimova94@mail.ru', '–í–∞–º –ü–æ–≤–µ–∑–ª–æ! 30000 –†—É–± –£–∂–µ –¢–≤–æ–∏! –ó–∞–±–∏—Ä–∞–π', '–ö–∞–∑–∏–Ω–æ –í—É–ª–∫–∞–Ω –î–∞—Ä–∏—Ç - 30000 –†—É–± –ó–∞–±–∏—Ä–∞–π –¢—É—Ç: https://clck.ru/F6nPB'),
  (0, 'Email –º–∞—Ä–∫–µ—Ç–∏–Ω–≥:  7 (9 2 5 ) 5  1  7  -  ', '000@000000.com', '88939912', '–°–æ–æ–±—â–µ–Ω–∏–µ, –∫–æ—Ç–æ—Ä–æ–µ –í—ã —Å–µ–π—á–∞—Å —á–∏—Ç–∞–µ—Ç–µ ‚Äì —ç—Ç–æ e-mail —Ä–∞—Å—Å—ã–ª–∫–∞\n–¢–∞–∫–∞—è —Ä–∞—Å—Å—ã–ª–∫–∞ - –æ–±–µ—Å–ø–µ—á–∏—Ç –º–æ–º–µ–Ω—Ç–∞–ª—å–Ω—ã–π –ø–æ—Ç–æ–∫ –ø–æ—Ç–µ–Ω—Ü–∏–∞–ª—å–Ω—ã—Ö –∫–ª–∏–µ–Ω—Ç–æ–≤.\n\n- –†–µ–∞–ª—å–Ω–æ –Ω–∏–∑–∫–∏–µ —Ü–µ–Ω—ã;\n- –ë—ã—Å—Ç—Ä—ã–π —ç—Ñ—Ñ–µ–∫—Ç;\n- –û–≥—Ä–æ–º–Ω—ã–π –≤—ã–±–æ—Ä –±–∞–∑ –¥–∞–Ω–Ω—ã—Ö;\n\n–° –Ω–µ—Ç–µ—Ä–ø–µ–Ω–∏–µ–º –∂–¥–µ–º –í–∞—à–µ–≥–æ –∑–≤–æ–Ω–∫–∞: ( 49 5) 5   –ß  5   -   1  –ó  =  5    6'),
  (0, '–°–∞–Ω–∞—Ç–æ—Ä–∏–π –Ω–∞ –±–µ—Ä–µ–≥—É –í–æ–ª–≥–∏. -', '3333333@1111.ru', '45225232', '–•–æ—Ç–∏—Ç–µ –≤–æ—Å—Å—Ç–∞–Ω–æ–≤–∏—Ç—å –∑–¥–æ—Ä–æ–≤—å–µ? –ò—â–µ—Ç–µ –º–µ—Å—Ç–æ, –≥–¥–µ –æ—Ç–¥–æ—Ö–Ω—É—Ç—å? –ü—Ä–µ–¥–ª–∞–≥–∞–µ–º –ø–æ—Å–µ—Ç–∏—Ç—å —Å–∞–Ω–∞—Ç–æ—Ä–∏–π –∏–º. –í.–ò. –õ–µ–Ω–∏–Ω–∞! \n- –†–∞—Å–ø–æ–ª–æ–∂–µ–Ω –Ω–∞ –±–µ—Ä–µ–≥—É –í–æ–ª–≥–∏, –≤ 40 –∫–º –æ—Ç –£–ª—å—è–Ω–æ–≤—Å–∫–∞.\n- –î–µ–≤—è—Ç—å –∏—Å—Ç–æ—á–Ω–∏–∫–æ–≤ —Å —Ä–∞–∑–ª–∏—á–Ω—ã–º —Å–æ—Å—Ç–∞–≤–æ–º –º–∏–Ω–µ—Ä–∞–ª–æ–≤ –∏ –∫–∏–º–µ—Ä–∏–¥–∂—Å–∫–∞—è –≥–æ–ª—É–±–∞—è –≥–ª–∏–Ω–∞.\n- –°–æ–≤—Ä–µ–º–µ–Ω–Ω–∞—è –¥–∏–∞–≥–Ω–æ—Å—Ç–∏—á–µ—Å–∫–∞—è –∏ –ª–µ—á–µ–±'),
  (0, '–ù–æ–≤—ã–µ —Å–∏–º –∫–∞—Ä—Ç—ã –æ—Ç –†–æ—Å—Ç–µ–ª–µ–∫', '1111111@00000.com', '775906', '–ù–æ–≤—ã–µ —Å–∏–º –∫–∞—Ä—Ç—ã –æ—Ç –†–æ—Å—Ç–µ–ª–µ–∫–æ–º (–¢–µ–ª–µ2) —Å –ø–æ–ª–Ω–æ—Å—Ç—å—é –±–µ–∑–ª–∏–º–∏—Ç–Ω—ã–º –∏–Ω—Ç–µ—Ä–Ω–µ—Ç–æ–º –ø–æ –†–æ—Å—Å–∏–∏ –∑–∞ 300 —Ä—É–±. –≤ –º–µ—Å. –¥–ª—è —Å–º–∞—Ä—Ç—Ñ–æ–Ω–æ–≤, –ø–ª–∞–Ω—à–µ—Ç–æ–≤, –º–æ–¥–µ–º–æ–≤. \n–ú–æ–∂–Ω–æ —Å–∫–∞—á–∏–≤–∞—Ç—å —Ñ–∏–ª—å–º—ã, —Ä–∞–∑–¥–∞–≤–∞—Ç—å –∏–Ω—Ç–µ—Ä–Ω–µ—Ç, —Å–º–æ—Ç—Ä–µ—Ç—å –≤ HD –∫–∞—á–µ—Å—Ç–≤–µ:\nhttp://www-nbj.ru/1947-lim-mit.php'),
  (0, '–ü—É—Ç–µ—à–µ—Å—Ç–≤–∏–µ –ø–æ –¥–∂—É–Ω–≥–ª—è–º —Å –≥', '000@000000.com', '622595382', '–ü—Ä–∏–≥–ª–∞—à–∞–µ–º —Å–æ–≤–µ—Ä—à–∏—Ç—å —ç–∫—Å–∫–ª—é–∑–∏–≤–Ω—ã–µ –ø—É—Ç–µ—à–µ—Å—Ç–≤–∏—è –ù–ï –î–õ–Ø –í–°–ï–•\n–£–≤–ª–µ–∫–∞—Ç–µ–ª—å–Ω—ã–µ –ø—É—Ç–µ—à–µ—Å—Ç–≤–∏—è –≤ –ö–µ–Ω–∏—é\n–ü–æ—Å–µ—Ç–∏—Ç–µ –ø–ª–µ–º–µ–Ω–∞ –ü–∞–ø—É–∞ –∏ –ö–æ–º–æ–¥–æ \nhttp://exclusive-travels.ru'),
  (0, '–°–µ—Ä–≤–∏—Å –º–∞—Å—Å–æ–≤—ã—Ö —Ä–∞—Å—Å—ã–ª–æ–∫', '----@000000.ru', '307541', '–ó–¥—Ä–∞–≤—Å—Ç–≤—É–π—Ç–µ!\n\n–£ –º–µ–Ω—è –µ—Å—Ç—å –≤–æ–∑–º–æ–∂–Ω–æ—Å—Ç–∏ –Ω–∞—Ö–æ–¥–∏—Ç—å –∑–∞–∫–∞–∑—ã –¥–ª—è –í–∞—Å, –∏—Å–ø–æ–ª—å–∑—É—è:\n- –†–∞—Å—Å—ã–ª–∫–∏ –ø–æ e-mail;\n- –†–∞—Å—Å—ã–ª–∫–∏ –ø–æ –ø–æ–ª—å–∑–æ–≤–∞—Ç–µ–ª—è–º —Å–∞–π—Ç–∞ Avito;\n- –ü–æ—Å—Ç–∏–Ω–≥ –æ—Ç–∑—ã–≤–æ–≤ –∏ —Ä–µ–∫–æ–º–µ–Ω–¥–∞—Ü–∏–π;\n- –ü—Ä–∏–≤–ª–µ—á–µ–Ω–∏–µ –ø–æ—Å–µ—Ç–∏—Ç–µ–ª–µ–π –Ω–∞ —Å–∞–π—Ç;\n- –§–æ—Ä–º–∏—Ä–æ–≤–∞–Ω–∏–µ –±–∞–∑ –¥–∞–Ω–Ω—ã—Ö –∫–ª–∏–µ–Ω—Ç–æ–≤.\n\n–û–ø–ª–∞—Ç–∞ –≤–æ–∑–º–æ–∂–Ω–∞ –ø–æ —Ñ–∞–∫—Ç—É –æ–±—Ä–∞—â–µ–Ω–∏—è –∑–∞–∏–Ω');
INSERT INTO altairmsg VALUES
  (0, '–ë–∞–∑—ã –¥–ª—è –º–∞—Ä–∫–µ—Ç–∏–Ω–≥–∞', '------@000.ru', '344537', '–ó–¥—Ä–∞–≤—Å—Ç–≤—É–π—Ç–µ! –Ø –∑–∞–Ω–∏–º–∞—é—Å—å —Ñ–æ—Ä–º–∏—Ä–æ–≤–∞–Ω–∏–µ–º –±–∞–∑ –ø–æ—Ç–µ–Ω—Ü–∏–∞–ª—å–Ω—ã—Ö –∫–ª–∏–µ–Ω—Ç–æ–≤ –≤ —Ñ–æ—Ä–º–∞—Ç–µ ex—Åel. –¢–∞–∫–∞—è –±–∞–∑–∞ –±—É–¥–µ—Ç –∏–¥–µ–∞–ª—å–Ω–æ –ø–æ–¥—Ö–æ–¥–∏—Ç—å –¥–ª—è —Ö–æ–ª–æ–¥–Ω—ã—Ö –∑–≤–æ–Ω–∫–æ–≤ –∏ –¥—Ä—É–≥–∏—Ö —Å–ø–æ—Å–æ–±–æ–≤ —Ä–µ–∫–ª–∞–º—ã.\n\n–¶–µ–Ω–∞ —Å–±–æ—Ä–∞ —ç—Ç–æ–π –±–∞–∑—ã –¥–∞–Ω–Ω—ã—Ö —Å–æ—Å—Ç–∞–≤–∏—Ç –≤—Å–µ–≥–æ 1 500 - 6 000 —Ä—É–±. (–≤ –∑–∞–≤–∏—Å–∏–º–æ—Å—Ç–∏ –æ—Ç –∫—Ä–∏—Ç–µ—Ä–∏–µ–≤).\n\n–ê —Ç–∞–∫–∂–µ, —è –º–æ–≥—É –±–µ—Å–ø–ª'),
  (0, 'SEOTat', 'stafenedid1960@seocdvig.ru', '–ü—Ä–æ–¥–≤–∏–∂–µ–Ω–∏–µ —Å–∞–π—Ç–æ–≤ - –°–æ–∑–¥–∞–Ω–∏–µ —Å–∞–π—Ç–æ–≤', 'seorussian.ru - –ü—Ä–æ–¥–≤–∏–∂–µ–Ω–∏–µ —Å–∞–π—Ç–∞              \r\n \r\nhttp://balashikha.seorussian.ru - –ü—Ä–æ–¥–≤–∏–∂–µ–Ω–∏–µ —Å–∞–π—Ç–æ–≤     \r\n \r\nhttp://balashikha.seorussian.ru/Izgotovlenie-saytov.html - –ò–∑–≥–æ—Ç–æ–≤–ª–µ–Ω–∏–µ —Å–∞–π—Ç–æ–≤ –ë–∞–ª–∞—à–∏—Ö–∞'),
  (0, '–ì–µ–æ—Ä–≥–∏–π', '3333333@000.com', '490635197', '–•–æ—Ç–µ–ª –±—ã –ø—Ä–µ–¥–ª–æ–∂–∏—Ç—å –∑–∞–Ω—è—Ç—å—Å—è –ø–æ–∏—Å–∫–æ–º –∫–ª–∏–µ–Ω—Ç–æ–≤ –¥–ª—è –í–∞—à–µ–≥–æ –±–∏–∑–Ω–µ—Å–∞, –∏—Å–ø–æ–ª—å–∑—É–µ–º —Ç–∞–∫–∏–µ –º–µ—Ç–æ–¥—ã —Ä–µ–∫–ª–∞–º—ã:\n- Email —Ä–∞—Å—Å—ã–ª–∫–∏ - –æ—Ç 3900 —Ä—É–±–ª–µ–π –∑–∞ 1 000 000 –ø–∏—Å–µ–º;\n- –û–±–∑–≤–æ–Ω –∫–æ–º–ø–∞–Ω–∏–π –Ω–∞—à–∏–º–∏ –æ–ø–µ—Ä–∞—Ç–æ—Ä–∞–º–∏ - 250-450 —Ä—É–±–ª–µ–π –∑–∞ –Ω–∞–π–¥–µ–Ω–Ω–æ–≥–æ –∑–∞–∏–Ω—Ç–µ—Ä–µ—Å–æ–≤–∞–Ω–Ω–æ–≥–æ –∫–ª–∏–µ–Ω—Ç–∞;\n- –†–∞—Å—Å—ã–ª–∫–∏ –ø–æ –ø–æ–ª—å–∑–æ–≤–∞—Ç–µ–ª—è–º –ê–≤–∏—Ç–æ - 1 —Ä—É–±'),
  (0, '–ü–æ—Å—Ç–∏–Ω–≥ –ø–æ–ª–æ–∂–∏—Ç–µ–ª—å–Ω—ã—Ö –∏ –Ω–µ–', '333333@0000.com', '799277494', '–ó–¥—Ä–∞–≤—Å—Ç–≤—É–π—Ç–µ!\n\n–ó–∞—à–µ–ª –Ω–∞ –í–∞—à —Å–∞–π—Ç, –ø–æ–∏—Å–∫–∞–ª –æ—Ç–∑—ã–≤—ã –æ –í–∞—à–µ–π —Ñ–∏—Ä–º–µ.\n\n–Ø –ø—Ä–æ—Ñ–µ—Å—Å–∏–æ–Ω–∞–ª—å–Ω–æ –∑–∞–Ω–∏–º–∞—é—Å—å –ø–æ—Å—Ç–∏–Ω–≥–æ–º –ø–æ–ª–æ–∂–∏—Ç–µ–ª—å–Ω—ã—Ö –∏ –Ω–µ–π—Ç—Ä–∞–ª—å–Ω—ã—Ö –æ—Ç–∑—ã–≤–æ–≤ –Ω–∞ –ª—é–±—ã—Ö —Å–∞–π—Ç–∞—Ö:\n- –°–∞–π—Ç–∞—Ö –æ—Ç–∑—ã–≤–æ–≤;\n- –§–æ—Ä—É–º–∞—Ö;\n- –ë–ª–æ–≥–∞—Ö;\n- –°–æ—Ü–∏–∞–ª—å–Ω—ã—Ö —Å–µ—Ç—è—Ö;\n- –õ—é–±—ã—Ö –¥—Ä—É–≥–∏—Ö —Ä–µ—Å—É—Ä—Å–∞—Ö, –≥–¥–µ –ø—Ä–æ–∏—Å—Ö–æ–¥–∏—Ç –æ–±—Å—É–∂–¥–µ–Ω–∏–µ –í–∞—à–∏—Ö —Ç–æ–≤–∞—Ä–'),
  (0, '–Æ—Ä–∏–¥–∏—á–µ—Å–∫–∏–µ —É—Å–ª—É–≥–∏ –¥–ª—è –±–∏–∑–', '3333333@333.ru', '204165149', '–Æ—Ä–∏–¥–∏—á–µ—Å–∫–æ–µ –±—é—Ä–æ –ø—Ä–µ–¥–ª–∞–≥–∞–µ—Ç —É—Å–ª—É–≥–∏ —é—Ä–∏–¥–∏—á–µ—Å–∫–æ–≥–æ —Å–æ–ø—Ä–æ–≤–æ–∂–¥–µ–Ω–∏—è –±–∏–∑–Ω–µ—Å-–ø—Ä–æ—Ü–µ—Å—Å–æ–≤ –Ω–∞ –≤—Å–µ—Ö —ç—Ç–∞–ø–∞—Ö —Ä–∞–±–æ—Ç—ã –∫–æ–º–ø–∞–Ω–∏–∏.\nhttp://igray-v-kazino.ru/1955-prof-method.php\n\n–ù–∞—à–∏ —Å–ø–µ—Ü–∏–∞–ª–∏—Å—Ç—ã –≥–æ—Ç–æ–≤—ã –ø—Ä–µ–¥–ª–æ–∂–∏—Ç—å –∫–∞–∫ –∫–æ–º–ø–ª–µ–∫—Å–Ω–æ–µ —é—Ä–∏–¥–∏—á–µ—Å–∫–æ–µ –æ–±—Å–ª—É–∂–∏–≤–∞–Ω–∏–µ –±–∏–∑–Ω–µ—Å–∞, —Ç–∞–∫ –∏ –æ—Ç–¥–µ–ª—å–Ω—ã–µ —É—Å–ª—É–≥–∏ –≤—ã—Å–æ–∫–æ–∫–≤–∞–ª–∏—Ñ–∏—Ü–∏—Ä–æ–≤–∞–Ω–Ω–'),
  (0, '–£—Å—Ç–∞–Ω–æ–≤–∫–∞ –≤–∏–¥–µ–æ–Ω–∞–±–ª—é–¥–µ–Ω–∏—è ', '00000@333333.com', '153810', '–£–°–¢–ê–ù–û–í–ò–ú –í–ò–î–ï–û–ù–ê–ë–õ–Æ–î–ï–ù–ò–ï –õ–Æ–ë–û–ô –°–õ–û–ñ–ù–û–°–¢–ò –≤—Å–µ–≥–æ –∑–∞ 1 –¥–µ–Ω—å –° –ì–ê–†–ê–ù–¢–ò–ï–ô –î–û 5-–¢–ò –õ–ï–¢\nhttp://www-moi-universitet.ru/1956-videonabludenije.php\n\n–û—Ö—Ä–∞–Ω–Ω–æ–µ –ø—Ä–µ–¥–ø—Ä–∏—è—Ç–∏–µ –≤ –≤–∞—à–µ–º –º–æ–±–∏–ª—å–Ω–æ–º —Ç–µ–ª–µ—Ñ–æ–Ω–µ!\n–í—ã –º–æ–∂–µ—Ç–µ –Ω–∞–±–ª—é–¥–∞—Ç—å –∑–∞ –ø—Ä–æ–∏—Å—Ö–æ–¥—è—â–∏–º –∏ –ø–æ–ª—É—á–∞—Ç—å —Å–º—Å –æ —Å–æ—Å—Ç–æ—è–Ω–∏–∏ –≤–∞—à–µ–≥–æ –æ–±—ä–µ–∫—Ç–∞\n–£—Å—Ç–∞–Ω–∞–≤–ª–∏–≤–∞–µ–º —Å–∏—Å—Ç–µ–º—ã –≤–∏–¥–µ–æ–Ω–∞–±–ª'),
  (0, '–ö–æ–ª—è', '00000@3333333.ru', '988815', '–•–æ—Ç–µ–ª –±—ã –ø—Ä–µ–¥–ª–æ–∂–∏—Ç—å –≤—ã–ø–æ–ª–Ω—è—Ç—å –ø–æ–∏—Å–∫ –∑–∞–∫–∞–∑–æ–≤ –¥–ª—è –í–∞—à–µ–π –∫–æ–º–ø–∞–Ω–∏–∏, –∏—Å–ø–æ–ª—å–∑—É—è —Ç–∞–∫–∏–µ –∫–∞–Ω–∞–ª—ã —Ä–µ–∫–ª–∞–º—ã –∫–∞–∫:\n- –†–∞—Å—Å—ã–ª–∫–∏ –ø–æ email - –æ—Ç 3900 —Ä—É–±–ª–µ–π –∑–∞ 1 000 000 –ø–∏—Å–µ–º;\n- –û–±–∑–≤–æ–Ω –∫–æ–º–ø–∞–Ω–∏–π –Ω–∞—à–∏–º–∏ –æ–ø–µ—Ä–∞—Ç–æ—Ä–∞–º–∏ - 250-450 —Ä—É–±–ª–µ–π –∑–∞ –Ω–∞–π–¥–µ–Ω–Ω–æ–≥–æ –∑–∞–∏–Ω—Ç–µ—Ä–µ—Å–æ–≤–∞–Ω–Ω–æ–≥–æ –∫–ª–∏–µ–Ω—Ç–∞;\n- –†–∞—Å—Å—ã–ª–∫–∏ –ø–æ –ø–æ–ª—å–∑–æ–≤–∞—Ç–µ–ª—è–º —Å–∞–π—Ç–∞ Avit'),
  (0, '–Ø –º–æ–≥—É –ø–æ–∏—Å–∫–æ–º –∫–ª–∏–µ–Ω—Ç–æ–≤ –¥–ª—è', '---@333333.com', '6994104', '–ó–¥—Ä–∞–≤—Å—Ç–≤—É–π—Ç–µ!\n\n–°–ª—É—á–∞–π–Ω–æ –ø–æ—Å–µ—Ç–∏–ª –í–∞—à —Å–∞–π—Ç. –Ø –±–æ–ª–µ–µ 10 –ª–µ—Ç –∑–∞–Ω–∏–º–∞—é—Å—å –ø—Ä–æ–¥–∞–∂–µ–π –ª–∏–¥–æ–≤.\n\n–ï—Å—Ç—å –∫ –í–∞–º –ø—Ä–µ–¥–ª–æ–∂–µ–Ω–∏–µ: —è –º–æ–≥—É –∑–∞–Ω—è—Ç—å—Å—è –ø–æ–∏—Å–∫–æ–º –∫–ª–∏–µ–Ω—Ç–æ–≤ –¥–ª—è –í–∞—à–µ–≥–æ –±–∏–∑–Ω–µ—Å–∞, –∏—Å–ø–æ–ª—å–∑—É—è –∏–Ω—Ç–µ—Ä–Ω–µ—Ç-—Ä–µ–∫–ª–∞–º—É –≤ –æ–±–º–µ–Ω –∑–∞ –≤–æ–∑–Ω–∞–≥—Ä–∞–∂–¥–µ–Ω–∏–µ.\n\n–ú–æ–∏ —É—Å–ª—É–≥–∏ - —Å–æ–≤—Å–µ–º –Ω–µ–¥–æ—Ä–æ–≥–æ: –æ—Ç 250 —Ä—É–±–ª–µ–π –∑–∞ –∑–∞–∫–∞–∑—á–∏–∫–∞.\n\n–ï—Å–ª–∏ '),
  (0, '–£–Ω–∏—á—Ç–æ–∂–∏–º –ª—é–±—ã—Ö –Ω–∞—Å–µ–∫–æ–º—ã—Ö h', '111111@111.ru', '741327830', '–£–Ω–∏—á—Ç–æ–∂–∏–º –Ω–∞—Å–µ–∫–æ–º—ã—Ö –∏–ª–∏ –≥—Ä—ã–∑—É–Ω–æ–≤\n–†–∞–±–æ—Ç–∞–µ–º –ø–æ –¥–æ–≥–æ–≤–æ—Ä—É\n–î–ª—è –≥–∞—Ä–∞–Ω—Ç–∏—Ä–æ–≤–∞–Ω–Ω–æ–≥–æ —É–Ω–∏—á—Ç–æ–∂–µ–Ω–∏—è –Ω–∞—Å–µ–∫–æ–º—ã—Ö –∏—Å–ø–æ–ª—å–∑—É–µ–º —Ö–æ–ª–æ–¥–Ω—ã–π —Ç—É–º–∞–Ω, –≥–æ—Ä—è—á–∏–π —Ç—É–º–∞–Ω, –±–∞—Ä—å–µ—Ä–Ω—É—é –∑–∞—â–∏—Ç—É –∏–ª–∏ –∫–æ–º–ø–ª–µ–∫—Å–Ω—É—é –æ–±—Ä–∞–±–æ—Ç–∫—É\n–ó–∞–∫–∞–∑–∞—Ç—å —É–Ω–∏—á—Ç–æ–∂–µ–Ω–∏–µ http://vk-vsem-v-sud.ru/1954'),
  (0, '–ë–æ–ª—å—à–∞—è –∫–æ–ª–ª–µ–∫—Ü–∏—è –¥–µ–º–∏—Å–µ–∑–æ', '000@---.ru', '456554', '–®–≤–µ–π–Ω–∞—è –§–∞–±—Ä–∏–∫–∞ –∏–∑–≥–æ—Ç–∞–≤–ª–∏–≤–∞–µ—Ç –±–æ–ª—å—à—É—é –∫–æ–ª–ª–µ–∫—Ü–∏—é –¥–µ–º–∏—Å–µ–∑–æ–Ω–Ω—ã—Ö –ø–∞–ª—å—Ç–æ, –∞ —Ç–∞–∫–∂–µ –ø–ª–∞—â–∏ –∏ –∫—É—Ä—Ç–∫–∏.\n–í—Å–µ–≥–¥–∞ –≤ –Ω–∞–ª–∏—á–∏–∏ –±–æ–≥–∞—Ç—ã–π –≤—ã–±–æ—Ä —Ä–∞—Å—Ü–≤–µ—Ç–æ–∫ –∏ —Ñ–∞—Å–æ–Ω–æ–≤ –∏ –¥–µ–π—Å—Ç–≤–∏—Ç–µ–ª—å–Ω–æ –Ω–µ–≤—ã—Å–æ–∫–∏–µ —Ü–µ–Ω—ã \n–ü—Ä–∏ –ø–æ–∫—É–ø–∫–µ –¥–≤—É—Ö –ø–ª–∞—â–µ–π, –≤—Ç–æ—Ä–æ–π –∑–∞ –ø–æ–ª—Ü–µ–Ω—ã\nhttp://detali-dlj-texniki.ru/1959'),
  (0, '–ò–≤–∞–Ω', '-------@0000.ru', '26827191', '–•–æ—Ç–µ–ª –±—ã –ø—Ä–µ–¥–ª–æ–∂–∏—Ç—å –∑–∞–Ω—è—Ç—å—Å—è –ø–æ–∏—Å–∫–æ–º –∫–ª–∏–µ–Ω—Ç–æ–≤ –¥–ª—è –í–∞—à–µ–π –∫–æ–º–ø–∞–Ω–∏–∏, –∏—Å–ø–æ–ª—å–∑—É—é —Ç–∞–∫–∏–µ –∫–∞–Ω–∞–ª—ã —Ä–µ–∫–ª–∞–º—ã –∫–∞–∫:\n- –†–∞—Å—Å—ã–ª–∫–∏ –ø–æ email - –æ—Ç 3900 —Ä—É–±–ª–µ–π –∑–∞ 1 000 000 –ø–∏—Å–µ–º;\n- –û–±–∑–≤–æ–Ω –∫–æ–º–ø–∞–Ω–∏–π –Ω–∞—à–∏–º–∏ –º–µ–Ω–µ–¥–∂–µ—Ä–∞–º–∏ - 250-450 —Ä—É–±–ª–µ–π –∑–∞ –Ω–∞–π–¥–µ–Ω–Ω–æ–≥–æ –∑–∞–∏–Ω—Ç–µ—Ä–µ—Å–æ–≤–∞–Ω–Ω–æ–≥–æ –∫–ª–∏–µ–Ω—Ç–∞;\n- –†–∞—Å—Å—ã–ª–∫–∏ –ø–æ –ø–æ–ª—å–∑–æ–≤–∞—Ç–µ–ª—è–º —Å–∞–π—Ç–∞ '),
  (0, '–£—Ç–æ–Ω—á–µ–Ω–Ω–∞—è –∫–æ—Å–º–µ—Ç–∏–∫–∞ http://www', '-----@111111.ru', '5151951', '–ß—Ç–æ —Ç–∞–∫–æ–µ –∫—Ä–∞—Å–æ—Ç–∞?\n–í –Ω–∞—à–µ–º —Å–∞–ª–æ–Ω–µ –∫—Ä–∞—Å–æ—Ç—ã –º—ã –≤–µ—Ä–∏–º, —á—Ç–æ —ç—Ç–æ –≤ –ø–µ—Ä–≤—É—é –æ—á–µ—Ä–µ–¥—å –ª–µ–≥–∫–æ—Å—Ç—å –∏ –ø–æ–∑–∏—Ç–∏–≤–Ω—ã–µ —ç–º–æ—Ü–∏–∏! \n–ü—Ä–æ—Ñ–µ—Å—Å–∏–æ–Ω–∞–ª—å–Ω–∞—è —Ä–æ—Å–∫–æ—à–Ω–∞—è –∏ —É—Ç–æ–Ω—á–µ–Ω–Ω–∞—è –∫–æ—Å–º–µ—Ç–∏–∫–∞ –Ω–∞ —Å–∞–π—Ç–µ\nhttp://rasprodaza-serverov.ru/1944'),
  (0, '–°–ø–∞–ª—å–Ω–∏–∫–∏ –¥–ª—è –≤–∞—à–µ–≥–æ —Å—ã–Ω–∞ –∏', '333333@----.com', '505987340', '–í–µ—Å—ë–ª—ã–µ —Å–ø–∞–ª—å–Ω–∏—á–∫–∏ –¥–ª—è –≤–∞—à–µ–≥–æ —Å—ã–Ω–∞ –∏–ª–∏ –¥–æ—á–µ—Ä–∏.\n–ù–µ–æ–±—ã—á–Ω—ã–π –ø–æ–¥–∞—Ä–æ–∫ –¥–ª—è —Ä–µ–±–µ–Ω–∫–∞ –æ—Ç 1 –¥–æ 17 –ª–µ—Ç.\n–†–µ—à–∞–µ—Ç –ø—Ä–æ–±–ª–µ–º—É –∑–∞—Å—ã–ø–∞–Ω–∏—è –∏–ª–∏ —Å–æ–≤–º–µ—Å—Ç–Ω–æ–≥–æ —Å–Ω–∞\n–í—ã–±–∏—Ä–∞–π—Ç–µ –ø–æ–Ω—Ä–∞–≤–∏–≤—à–∏–π—Å—è –°–ø–∞–ª—å–Ω–∏—á–µ–∫ –Ω–∞  http://printer-servis96.ru/1958\n–ü—Ä–æ–º–æ–∫–æ–¥ –Ω–∞ —Å–∫–∏–¥–∫—É 15% –¥–µ–π—Å—Ç–≤—É–µ—Ç –≤ —Ç–µ—á–µ–Ω–∏–∏ –Ω–µ–¥–µ–ª–∏ ¬´K15IN¬ª'),
  (0, '–ê—Ñ–∞–Ω–∞—Å–∏–π', '111111@---.com', '3990759', '–•–æ—á—É –ø—Ä–µ–¥–ª–æ–∂–∏—Ç—å –≤—ã–ø–æ–ª–Ω—è—Ç—å –ø–æ–∏—Å–∫ –∑–∞–∫–∞–∑–æ–≤ –¥–ª—è –í–∞—à–µ–≥–æ –±–∏–∑–Ω–µ—Å–∞, –∏—Å–ø–æ–ª—å–∑—É—é —Ç–∞–∫–∏–µ —Å–ø–æ—Å–æ–±—ã —Ä–µ–∫–ª–∞–º—ã:\n- –†–∞—Å—Å—ã–ª–∫–∏ –ø–æ —ç–ª–µ–∫—Ç—Ä–æ–Ω–Ω–æ–π –ø–æ—á—Ç–µ - –æ—Ç 3900 —Ä—É–±–ª–µ–π –∑–∞ 1 000 000 –ø–∏—Å–µ–º;\n- –û–±–∑–≤–æ–Ω —Ñ–∏—Ä–º –Ω–∞—à–∏–º–∏ –æ–ø–µ—Ä–∞—Ç–æ—Ä–∞–º–∏ - 250-450 —Ä—É–±–ª–µ–π –∑–∞ –Ω–∞–π–¥–µ–Ω–Ω–æ–≥–æ –∑–∞–∏–Ω—Ç–µ—Ä–µ—Å–æ–≤–∞–Ω–Ω–æ–≥–æ –∫–ª–∏–µ–Ω—Ç–∞;\n- –†–∞—Å—Å—ã–ª–∫–∏ –ø–æ –ø–æ–ª—å–∑–æ–≤–∞—Ç–µ–ª—è–º –ê–≤–∏—'),
  (0, '–†–∞–∑–º–µ—â–µ–Ω–∏–µ –ø–æ–ª–æ–∂–∏—Ç–µ–ª—å–Ω—ã—Ö –æ', '333333@------.ru', '25360893', '–ó–¥—Ä–∞–≤—Å—Ç–≤—É–π—Ç–µ!\n\n–ó–∞—à–µ–ª –Ω–∞ –í–∞—à —Å–∞–π—Ç, –ø–æ—á–∏—Ç–∞–ª –æ—Ç–∑—ã–≤—ã –æ –í–∞—à–µ–π —Ñ–∏—Ä–º–µ.\n\n–Ø –∑–∞–Ω–∏–º–∞—é—Å—å —Ä–∞–∑–º–µ—â–µ–Ω–∏–µ–º –ø–æ–ª–æ–∂–∏—Ç–µ–ª—å–Ω—ã—Ö –æ—Ç–∑—ã–≤–æ–≤ –Ω–∞ —Å–∞–π—Ç–∞—Ö:\n- –°–∞–π—Ç–∞—Ö –æ—Ç–∑—ã–≤–æ–≤;\n- –§–æ—Ä—É–º–∞—Ö;\n- –ë–ª–æ–≥–∞—Ö;\n- –°–æ—Ü–∏–∞–ª—å–Ω—ã—Ö —Å–µ—Ç—è—Ö;\n- –õ—é–±—ã—Ö –¥—Ä—É–≥–∏—Ö –ø–ª–æ—â–∞–¥–∫–∞—Ö, –≥–¥–µ –ø—Ä–æ–∏—Å—Ö–æ–¥–∏—Ç –æ–±—Å—É–∂–¥–µ–Ω–∏–µ –í–∞—à–∏—Ö —Ç–æ–≤–∞—Ä–æ–≤ –∏ —É—Å–ª—É–≥.\n\n–†–∞–∑–º–µ—â–µ–Ω–∏–µ –ø–æ—Å—Ç–æ–≤ –≤–æ–∑–º'),
  (0, '–ì–∞–≤—Ä–∏–∏–ª', '333333@----.com', '6426361', '–•–æ—á—É –ø—Ä–µ–¥–ª–æ–∂–∏—Ç—å –≤—ã–ø–æ–ª–Ω—è—Ç—å –ø–æ–∏—Å–∫ –∑–∞–∫–∞–∑–æ–≤ –¥–ª—è –í–∞—à–µ–π —Ñ–∏—Ä–º—ã, –∏—Å–ø–æ–ª—å–∑—É—è —Ç–∞–∫–∏–µ —Ä–µ–∫–ª–∞–º–Ω—ã–µ –∫–∞–Ω–∞–ª—ã:\n- –†–∞—Å—Å—ã–ª–∫–∏ –ø–æ email - –æ—Ç 3900 —Ä—É–±–ª–µ–π –∑–∞ 1 000 000 –ø–∏—Å–µ–º;\n- –û–±–∑–≤–æ–Ω –ø—Ä–µ–¥–ø—Ä–∏—è—Ç–∏–π –Ω–∞—à–∏–º–∏ –º–µ–Ω–µ–¥–∂–µ—Ä–∞–º–∏ - 250-450 —Ä—É–±–ª–µ–π –∑–∞ –Ω–∞–π–¥–µ–Ω–Ω–æ–≥–æ –∑–∞–∏–Ω—Ç–µ—Ä–µ—Å–æ–≤–∞–Ω–Ω–æ–≥–æ –∫–ª–∏–µ–Ω—Ç–∞;\n- –†–∞—Å—Å—ã–ª–∫–∏ –ø–æ –ø–æ–ª—å–∑–æ–≤–∞—Ç–µ–ª—è–º —Å–∞–π—Ç–∞ Avito - 1 —Ä—É'),
  (0, '–ü—É—Ç–µ—à–µ—Å—Ç–≤–∏–µ –ø–æ –¥–∂—É–Ω–≥–ª—è–º —Å –≥', '00000@333.ru', '6668892', '–ü—Ä–∏–≥–ª–∞—à–∞–µ–º —Å–æ–≤–µ—Ä—à–∏—Ç—å —ç–∫—Å–∫–ª—é–∑–∏–≤–Ω—ã–µ –ø—É—Ç–µ—à–µ—Å—Ç–≤–∏—è –ù–ï –î–õ–Ø –í–°–ï–•\n–£–≤–ª–µ–∫–∞—Ç–µ–ª—å–Ω—ã–µ –ø—É—Ç–µ—à–µ—Å—Ç–≤–∏—è –Ω–∞ –ë–æ—Ä–Ω–µ–æ –∏ –°—É–º–∞—Ç—Ä—É\n–ü–æ—Å–µ—Ç–∏—Ç–µ —Ñ–µ—Å—Ç–∏–≤–∞–ª—å –ü–∞–ø—É–∞ –∏ –ö–æ–º–æ–¥–æ \nhttp://exclusive-travels.ru'),
  (0, 'Jamesjaf', 'aristarhok33@gmail.com', '–í–∞–∂–Ω–æ', '–üo—Ä—É—á–∏—Çe c–≤o—é —Ä–∞–±–æ—Ç—É –¥—Ä—É–≥–∏–º —Ç—É—Ç http://bit.ly/BeA1Boss –∏ –≤–∞–º –±–æ–ª—å—à–µ –Ω–µ –ø—Ä–∏–¥e—Ç—Å—è —Äa–±–æ—Ç–∞—Ç—å –Ω–∏ –¥–Ω—è –≤ c–≤oe–π –∂–∏–∑–Ω–∏'),
  (0, '–¢–∞–∫—Å–∏. –ü–µ—Ä–µ–≤–æ–∑–∏–º –ø–∞—Å—Å–∞–∂–∏—Ä–æ–', '00000@3333.com', '10658547', '–¢–∞–∫—Å–∏ –ø–æ –≥–æ—Ä–æ–¥—É.\n\n–ó–∞–Ω–∏–º–∞–µ–º—Å—è –ø–µ—Ä–µ–≤–æ–∑–∫–∞–º–∏ –ø–∞—Å—Å–∞–∂–∏—Ä–æ–≤. –ö—Ä–æ–º–µ —Ç–æ–≥–æ –ø—Ä–µ–¥–æ—Å—Ç–∞–≤–ª—è–µ–º –±–æ–ª—å—à–æ–π —Å–ø–µ–∫—Ç—Ä –¥—Ä—É–≥–∏—Ö —É—Å–ª—É–≥.\n\n–ü—Ä–µ–¥–ª–∞–≥–∞–µ–º –º–∏–Ω–∏–≤—ç–Ω—ã –∏ –ª–µ–≥–∫–æ–≤—ã–µ –∞–≤—Ç–æ–º–æ–±–∏–ª–∏, –º–∏–∫—Ä–æ–∞–≤—Ç–æ–±—É—Å—ã –∏ –∞–≤—Ç–æ–±—É—Å—ã.\n\n–û–±–µ—Å–ø–µ—á–∏–≤–∞–µ–º –ø–æ–µ–∑–¥–∫–∏ –Ω–∞ —Ç–æ—Ç –∏–ª–∏ –∏–Ω–æ–π –≤–æ–∫–∑–∞–ª –∏–ª–∏ –≤ –∞—ç—Ä–æ–ø–æ—Ä—Ç –ú–æ—Å–∫–≤—ã.\n\n–í—ã - –ø–æ—Å–ª–µ –∫–æ—Ä–ø–æ—Ä–∞—Ç–∏–≤–∞ –∏–ª–∏ –∫'),
  (0, '–¢–∏–ø–æ–≥—Ä–∞—Ñ–∏—è - http://—Ç–∏–ø–æ–≥—Ä–∞—Ñ–∏—è', '1111111@0000.ru', '1031855', '–£—Å–ª—É–≥–∏ —Ç–∏–ø–æ–≥—Ä–∞—Ñ–∏–∏. –ü—Ä–µ–¥–ª–∞–≥–∞–µ–º —Ä–∞–∑–ª–∏—á–Ω—ã–µ —Ç–∏–ø—ã —Ç–µ—Ä–º–æ—Ç—Ä–∞–Ω—Å—Ñ–µ—Ä–æ–≤ (–ø–æ–ª–Ω–æ—Ü—ã–µ—Ç–Ω—ã—Ö):\n–æ—Ñ—Å–µ—Ç–Ω—ã—Ö —Å—É–±–ª–∏–º–∞—Ü–∏–æ–Ω–Ω—ã—Ö, –ø–ª–∞—Å—Ç–∏–∑–æ–ª–µ–≤—ã—Ö –æ—Ñ—Å–µ—Ç–Ω—ã—Ö [—Ö–æ–ª–æ–¥–Ω–æ–≥–æ –æ—Ç—Å–ª–∞–∏–≤–∞–Ω–∏—è], –≥–æ—Ä—è—á–µ–≥–æ –æ—Ç—Ä—ã–≤–∞ –ø–ª–∞—Å—Ç–∏–∑–æ–ª–µ–≤—ã—Ö —Å–æ –≤—Å–ø–µ–Ω–∏–≤–∞–Ω–∏–µ–º (–ø–µ—á–∞—Ç—å –ø–æ –ø–∞–Ω—Ç–æ–Ω–∞–º –∏ CMYK), –æ—Ñ—Å–µ—Ç–Ω—ã—Ö –Ω–∞ –Ω–∞—Ç—É—Ä–∞–ª—å–Ω—É—é –∏ –∏—Å–∫—É—Å—Å—Ç–≤–µ–Ω–Ω—É—é –∫–æ–∂—É [–ø–'),
  (0, '–ü–æ–º–æ–∂–µ–º —É–¥–∞–ª–∏—Ç—å –Ω–µ–≥–∞—Ç–∏–≤–Ω—ã–µ', '3333333@000000.com', '766189371', '–Æ—Ä–∏–¥–∏—á–µ—Å–∫–∏–º–∏ –º–µ—Ç–æ–¥–∞–º–∏ —Ä–µ—à–∏–º –ø—Ä–æ–±–ª–µ–º—É —É–¥–∞–ª–µ–Ω–∏—è –ª—é–±–æ–≥–æ –Ω–µ–≥–∞—Ç–∏–≤–∞ –≤ –∏–Ω—Ç–µ—Ä–Ω–µ—Ç–µ –æ –í–∞—Å –∏–ª–∏ –æ –í–∞—à–µ–º –±–∏–∑–Ω–µ—Å–µ –∏ –≤–æ—Å—Å—Ç–∞–Ω–æ–≤–∏–º \"–ø–æ–¥–º–æ—á–µ–Ω–Ω—É—é\" —Ä–µ–ø—É—Ç–∞—Ü–∏—é.\n–¢–∞–∫–∂–µ –º—ã –ø—Ä–µ–¥–ª–æ–∂–∏–º —Å–æ–≤–µ—Ä—à–µ–Ω–Ω–æ –±–µ—Å–ø–ª–∞—Ç–Ω—É—é –ø—Ä–æ–≤–µ—Ä–∫—É –≤ –∏–Ω—Ç–µ—Ä–Ω–µ—Ç–µ –≤–∞—à–µ–π –¥–µ–ª–æ–≤–æ–π —Ä–µ–ø—É—Ç–∞—Ü–∏–∏.\n–ú—ã —Ä–∞–±–æ—Ç–∞–µ–º –∫–æ–Ω—Ñ–∏–¥–µ–Ω—Ü–∏–∞–ª—å–Ω–æ, –ø—Ä–æ—Ñ–µ—Å—Å–∏–æ–Ω–∞–ª—å–Ω'),
  (0, '–Ø –º–æ–≥—É –ø–æ–∏—Å–∫–æ–º –∫–ª–∏–µ–Ω—Ç–æ–≤ –¥–ª—è', '333333@333.ru', '383702', '–ó–¥—Ä–∞–≤—Å—Ç–≤—É–π—Ç–µ!\n\n–°–ª—É—á–∞–π–Ω–æ –ø–æ—Å–µ—Ç–∏–ª –í–∞—à –≤–µ–±-—Å–∞–π—Ç. –Ø –ø—Ä–æ—Ñ–µ—Å—Å–∏–æ–Ω–∞–ª—å–Ω–æ –∑–∞–Ω–∏–º–∞—é—Å—å email —Ä–∞—Å—Å—ã–ª–∫–∞–º–∏.\n\n–ö –í–∞–º –µ—Å—Ç—å –ø—Ä–µ–¥–ª–æ–∂–µ–Ω–∏–µ: —è –º–æ–≥—É –∑–∞–Ω—è—Ç—å—Å—è –ø–æ–∏—Å–∫–æ–º –∫–ª–∏–µ–Ω—Ç–æ–≤ –¥–ª—è –í–∞—à–µ–π —Ñ–∏—Ä–º—ã, –∏—Å–ø–æ–ª—å–∑—É—è —Å–≤–æ–∏ –≤–æ–∑–º–æ–∂–Ω–æ—Å—Ç–∏ –≤ –æ–±–º–µ–Ω –∑–∞ –≤–æ–∑–Ω–∞–≥—Ä–∞–∂–¥–µ–Ω–∏–µ.\n\n–ú–æ–∏ —É—Å–ª—É–≥–∏ - —Å—Ç–æ—è—Ç –Ω–µ–¥–æ—Ä–æ–≥–æ: –æ—Ç 250 —Ä—É–±–ª–µ–π –∑–∞ –ø–æ—Ç–µ–Ω—Ü–∏–∞–ª—å–Ω'),
  (0, '\"–ú—É–∂ –Ω–∞ —á–∞—Å\"  - http://moskwa-uslugi.ru', '-----@-------.ru', '983570', '–ó–¥—Ä–∞–≤—Å—Ç–≤—É–π—Ç–µ.\n\n–ï—Å–ª–∏ –í–∞–º —Å—Ä–æ—á–Ω–æ –ø–æ–Ω–∞–¥–æ–±–∏–ª–∏—Å—å —É—Å–ª—É–≥–∏ —Å–ª–µ—Å–∞—Ä–µ–π, —Ä–µ–º–æ–Ω—Ç–Ω–∏–∫–æ–≤, –º–æ–Ω—Ç–∞–∂–Ω–∏–∫–æ–≤, —Å—Ç—Ä–æ–∏—Ç–µ–ª–µ–π , –∞–≤—Ç–æ—Å–ª–µ—Å–∞—Ä–µ–π –∏–ª–∏ –µ—â–µ —á—Ç–æ-–Ω–∏–±—É–¥—å, —Ç–æ –≤ —Ç–∞–∫–æ–º —Å–ª—É—á–∞–µ –¥–æ–±—Ä–æ –ø–æ–∂–∞–ª–æ–≤–∞—Ç—å –Ω–∞ –Ω–∞—à —Å–∞–π—Ç –≥–æ—Ä–æ–¥—Å–∫–∏—Ö —É—Å–ª—É–≥: \nhttp://btgonline-io.ru/1895-moskwa-portal-uslug.php\n\n–ó–¥–µ—Å—å –í—ã –Ω–∞–π–¥–µ—Ç–µ —Å–∞–º—ã–π –æ–±—à–∏—Ä–Ω—ã–π –ø–µ—Ä–µ—á–µ–Ω—å –∏—Å–ø–æ–ª–'),
  (0, '–ü—Ä–æ–¥–∞–∂–∞ –∏ –æ–±—Å–ª—É–∂–∏–≤–∞–Ω–∏–µ –∫–∞—Å—', '1111@------.ru', '09688298', '–ü—Ä–µ–¥–ª–∞–≥–∞–µ–º –ø—Ä–æ–¥–∞–∂—É –∏ –æ–±—Å–ª—É–∂–∏–≤–∞–Ω–∏–µ –∫–∞—Å—Å–æ–≤—ã—Ö –∞–ø–ø–∞—Ä–∞—Ç–æ–≤, –∞ —Ç–∞–∫–∂–µ –∑–∞–º–µ–Ω—É —Ñ–∏—Å–∫–∞–ª—å–Ω–æ–≥–æ –Ω–∞–∫–æ–ø–∏—Ç–µ–ª—è.\n\n- –î–æ—Å—Ç–∞–≤–∫–∞ –ø–æ –†–æ—Å—Å–∏–∏\n- –ï–∂–µ–¥–Ω–µ–≤–Ω–∞—è —Ç–µ—Ö–ø–æ–¥–¥–µ—Ä–∂–∫–∞\n- –í—ã–ø–æ–ª–Ω–µ–Ω–∏–µ –∑–∞–∫–∞–∑–∞ –≤ –ø–æ—Å—Ç–∞–≤–ª–µ–Ω–Ω—ã–π —Å—Ä–æ–∫\n- –î–æ—Å—Ç—É–ø–Ω—ã–µ —Ü–µ–Ω—ã\n- –ì–∞—Ä–∞–Ω—Ç–∏—è –Ω–∞ –≤—Å–µ —Ä–∞–±–æ—Ç—ã\n- –ò–Ω–¥–∏–≤–∏–¥—É–∞–ª—å–Ω—ã–π –ø–æ–¥—Ö–æ–¥\n- –°–∫–∏–¥–∫–∏ –ø–æ—Å—Ç–æ—è–Ω–Ω—ã–º –∫–ª–∏–µ–Ω—Ç–∞'),
  (0, '–°–∞–Ω–∞—Ç–æ—Ä–∏–π –Ω–∞ –±–µ—Ä–µ–≥—É –í–æ–ª–≥–∏. -', '------@1111111.ru', '49461033', '–•–æ—Ç–∏—Ç–µ –≤–æ—Å—Å—Ç–∞–Ω–æ–≤–∏—Ç—å –∑–¥–æ—Ä–æ–≤—å–µ? –ò—â–µ—Ç–µ –º–µ—Å—Ç–æ, –≥–¥–µ –æ—Ç–¥–æ—Ö–Ω—É—Ç—å? –ü—Ä–µ–¥–ª–∞–≥–∞–µ–º –ø–æ—Å–µ—Ç–∏—Ç—å —Å–∞–Ω–∞—Ç–æ—Ä–∏–π –∏–º. –í.–ò. –õ–µ–Ω–∏–Ω–∞! \n- –†–∞—Å–ø–æ–ª–æ–∂–µ–Ω –Ω–∞ –±–µ—Ä–µ–≥—É –í–æ–ª–≥–∏, –≤ 40 –∫–º –æ—Ç –£–ª—å—è–Ω–æ–≤—Å–∫–∞.\n- –î–µ–≤—è—Ç—å –∏—Å—Ç–æ—á–Ω–∏–∫–æ–≤ —Å —Ä–∞–∑–ª–∏—á–Ω—ã–º —Å–æ—Å—Ç–∞–≤–æ–º –º–∏–Ω–µ—Ä–∞–ª–æ–≤ –∏ –∫–∏–º–µ—Ä–∏–¥–∂—Å–∫–∞—è –≥–æ–ª—É–±–∞—è –≥–ª–∏–Ω–∞.\n- –°–æ–≤—Ä–µ–º–µ–Ω–Ω–∞—è –¥–∏–∞–≥–Ω–æ—Å—Ç–∏—á–µ—Å–∫–∞—è –∏ –ª–µ—á–µ–±'),
  (0, '–ö–∞–∫ –Ω–µ –ø–ª–∞—Ç–∏—Ç—å –∫—Ä–µ–¥–∏—Ç—ã? - http:', '333333@-------.ru', '737775129', '–°–ø–∏—Å—ã–≤–∞–µ–º –∫—Ä–µ–¥–∏—Ç—ã –∏ –∑–∞–π–º—ã —Å –≥—Ä–∞–∂–¥–∞–Ω –≤ –∞—Ä–±–∏—Ç—Ä–∞–∂–Ω—ã—Ö —Å—É–¥–∞—Ö –†–§.\n–ï—Å–ª–∏ —Å—É–º–º–∞ –µ–∂–µ–º–µ—Å—è—á–Ω—ã—Ö –ø–ª–∞—Ç–µ–∂–µ–π –ø–æ –∫—Ä–µ–¥–∏—Ç–∞–º –±–æ–ª—å—à–µ 60%  –±—é–¥–∂–µ—Ç–∞ —Å–µ–º—å–∏, –∫—Ä–µ–¥–∏—Ç—ã –º–æ–∂–Ω–æ –ù–ï –ü–õ–ê–¢–ò–¢–¨!\n\n–†–∞–±–æ—Ç–∞–µ–º —Å –∑–∞–¥–æ–ª–∂–µ–Ω–Ω–æ—Å—Ç—è–º–∏ –æ—Ç 500 000 —Ä.\n \n–ë–æ–ª–µ–µ –¥–µ—Ç–∞–ª—å–Ω—É—é –∏–Ω—Ñ–æ—Ä–º–∞—Ü–∏—é –í—ã –º–æ–∂–µ—Ç–µ –ø–æ–ª—É—á–∏—Ç—å –Ω–∞ –Ω–∞—à–µ–º —Å–∞–π—Ç–µ:\nhttp://www-way-forward.ru/1937-n'),
  (0, '–°–∞–º—ã–π –≤—ã–≥–æ–¥–Ω—ã–π –∏–Ω—Ç–µ—Ä–Ω–µ—Ç –¥–ª—', '3333@1111111.ru', '463815564', '–°–∞–º—ã–π –≤—ã–≥–æ–¥–Ω—ã–π –∏–Ω—Ç–µ—Ä–Ω–µ—Ç –¥–ª—è –º–æ–¥–µ–º–∞ —Å–º–∞—Ä—Ç—Ñ–æ–Ω–∞ –∏ –ø–ª–∞–Ω—à–µ—Ç–∞.\n–ü–æ–ª–Ω–æ—Å—Ç—å—é –±–µ–∑–ª–∏–º–∏—Ç–Ω—ã–π –∏–Ω—Ç–µ—Ä–Ω–µ—Ç –±–µ–∑ –æ–≥—Ä–∞–Ω–∏—á–µ–Ω–∏—è —Ç—Ä–∞—Ñ–∏–∫–∞:\nhttp://bitseven-com.ru/1946-exkluzivnije-tarify.php'),
  (0, '–ù–æ–≤—ã–µ —Å–∏–º –∫–∞—Ä—Ç—ã –æ—Ç –†–æ—Å—Ç–µ–ª–µ–∫', '111@111.com', '889083', '–ù–æ–≤—ã–µ —Å–∏–º –∫–∞—Ä—Ç—ã –æ—Ç –†–æ—Å—Ç–µ–ª–µ–∫–æ–º (–¢–µ–ª–µ2) —Å –ø–æ–ª–Ω–æ—Å—Ç—å—é –±–µ–∑–ª–∏–º–∏—Ç–Ω—ã–º –∏–Ω—Ç–µ—Ä–Ω–µ—Ç–æ–º –ø–æ –†–æ—Å—Å–∏–∏ –∑–∞ 300 —Ä—É–±. –≤ –º–µ—Å. –¥–ª—è —Å–º–∞—Ä—Ç—Ñ–æ–Ω–æ–≤, –ø–ª–∞–Ω—à–µ—Ç–æ–≤, –º–æ–¥–µ–º–æ–≤. \n–ú–æ–∂–Ω–æ —Å–∫–∞—á–∏–≤–∞—Ç—å —Ñ–∏–ª—å–º—ã, —Ä–∞–∑–¥–∞–≤–∞—Ç—å –∏–Ω—Ç–µ—Ä–Ω–µ—Ç, —Å–º–æ—Ç—Ä–µ—Ç—å –≤ HD –∫–∞—á–µ—Å—Ç–≤–µ:\nhttp://www-startacademy.ru/1947-lim-mit.php'),
  (0, '–°–µ–º–∏–Ω–∞—Ä –¥–ª—è —É—á—Ä–µ–∂–¥–µ–Ω–∏–π –≥–æ—Å—', '1111@------.com', '39628121', '–ó–¥—Ä–∞–≤—Å—Ç–≤—É–π—Ç–µ, —É–≤–∞–∂–∞–µ–º—ã–π –∫–æ–ª–ª–µ–≥–∏!\n\n–ü—Ä–∏–≥–ª–∞—à–∞–µ–º –í–∞—Å –Ω–∞ —Å–µ–º–∏–Ω–∞—Ä –Ω–∞ —Ç–µ–º—É:\n¬´–ì–æ—Å—É–¥–∞—Ä—Å—Ç–≤–µ–Ω–Ω–æ–µ –∏ –º—É–Ω–∏—Ü–∏–ø–∞–ª—å–Ω–æ–µ –∑–∞–¥–∞–Ω–∏–µ: –æ—Å–æ–±–µ–Ω–Ω–æ—Å—Ç–∏ —Ñ–æ—Ä–º–∏—Ä–æ–≤–∞–Ω–∏—è –∏ –∏—Å–ø–æ–ª–Ω–µ–Ω–∏—è. –ë—é–¥–∂–µ—Ç–Ω—ã–µ —Å—É–±—Å–∏–¥–∏–∏. –ö–∞–∑–Ω–∞—á–µ–π—Å–∫–∏–µ –ø—Ä–æ–≤–µ—Ä–∫–∏ –≤—ã–ø–æ–ª–Ω–µ–Ω–∏—è –±—é–¥–∂–µ—Ç–Ω—ã—Ö –∑–∞–¥–∞–Ω–∏–π –∏ –∑–∞–∫—É–ø–æ—á–Ω–æ–π –¥–µ—è—Ç–µ–ª—å–Ω–æ—Å—Ç–∏. –ü–ª–∞–Ω –§–•–î: —Å–ª–æ–∂–Ω—ã–µ –≤–æ–ø—');
INSERT INTO altairmsg VALUES
  (0, '–ü—Ä–∏–≥–ª–∞—à–∞–µ–º –Ω–∞ –±–µ—Å–ø–ª–∞—Ç–Ω—É—é –ø—', '111111@000.ru', '113176', '–ö–∞—Ä–∞—Ç—ç –∫–µ–∫—É—à–∏–Ω –∫–∞–π!\n\n–ë–µ—Å–ø–ª–∞—Ç–Ω–∞—è –ø—Ä–æ–±–Ω–∞—è —Ç—Ä–µ–Ω–∏—Ä–æ–≤–∫–∞ –¥–ª—è –Ω–æ–≤–∏—á–∫–æ–≤ –∏ –æ–ø—ã—Ç–Ω—ã—Ö –±–æ–π—Ü–æ–≤!\n\n–¢–æ–ª—å–∫–æ —É –Ω–∞—Å –≤—ã —Å–º–æ–∂–µ—Ç–µ –æ–≤–ª–∞–¥–µ—Ç—å –∏—Å–∫—É—Å—Å—Ç–≤–æ–º —Ä–∞–±–æ—Ç—ã –¥–≤—É–º—è —Å–∞–º—É—Ä–∞–π—Å–∫–∏–º–∏ –º–µ—á–∞–º–∏ - –Ω–∞—Å—Ç–æ—è—â–µ–π –∫–∞—Ç–∞–Ω–æ–π –∏ –≤–∞–∫–∏–∑–∞—à–∏ –Ω–∞ –±–∞–∑–µ –∏ —Ñ—É–Ω–¥–∞–º–µ–Ω—Ç–µ –∫–∞—Ä–∞—Ç—ç –∫–µ–∫—É—à–∏–Ω –∫–∞–π.\n\n–ó–∞—Ö–≤–∞—Ç–∏—Ç–µ –ª—é–±—É—é —Å–ø–æ—Ä—Ç–∏–≤–Ω—É—é —Ñ–æ—Ä–º—É.\n–ü—Ä–∏—Ö–æ–¥'),
  (0, '–ë–æ–≥–¥–∞–Ω', '111@111111.ru', '475944', '–ú–æ–∂–µ–º –ø—Ä–µ–¥–ª–æ–∂–∏—Ç—å —Ä–µ–∞–ª—å–Ω–æ —Ä–∞–±–æ—Ç–∞—é—â–∏–π —Å–ø–æ—Å–æ–± –ø–æ–∏—Å–∫–∞ –ø–æ—Ç–µ–Ω—Ü–∏–∞–ª—å–Ω—ã—Ö –∑–∞–∫–∞–∑—á–∏–∫–æ–≤ - —Ä–∞—Å—Å—ã–ª–∫–∏ {–í–∞—à–∏—Ö –ø–∏—Å\n\n–£ –Ω–∞—Å –≤ –Ω–∞–ª–∏—á–∏–∏:\n- –ú–æ—Å–∫–≤–∞ –∏ –ú–æ—Å–∫–æ–≤—Å–∫–∞—è –û–±–ª–∞—Å—Ç—å, –°–∞–Ω–∫—Ç-–ü–µ—Ç–µ—Ä–±—É—Ä–≥ –∏ –¥—Ä—É–≥–∏–µ –≥–æ—Ä–æ–¥–∞ –†–æ—Å—Å–∏–∏\n- –ö–æ–º–ø–∞–Ω–∏–∏, —Ä–∞–∑–¥–µ–ª–µ–Ω–Ω—ã–µ –ø–æ –≤–∏–¥–∞–º –¥–µ—è—Ç–µ–ª—å–Ω–æ—Å—Ç–∏\n- –ë–∞–∑—ã –ª—é–±—ã—Ö —Å—Ç—Ä–∞–Ω –º–∏—Ä–∞\n- –°—Ñ–æ—Ä–º–∏—Ä—É–µ–º –∏–Ω–¥–∏–≤–∏–¥'),
  (0, '–£–≤–µ–ª–∏—á–µ–Ω–∏–µ|–ü–æ–≤—ã—à–µ–Ω–∏–µ –∫–æ–Ω–≤–µ', '000000@1111.com', '53285400', '–ú—ã –≥–æ—Ç–æ–≤—ã –ø–æ–º–æ—á—å —É–≤–µ–ª–∏—á–∏—Ç—å –∫–æ–Ω–≤–µ—Ä—Å–∏—é –∫–∞–∫ –º–∏–Ω–∏–º—É–º –Ω–∞ 45%, –±–µ–∑ –Ω–æ–≤—ã—Ö —Ä–∞—Å—Ö–æ–¥–æ–≤ –Ω–∞ —Ä–µ–∫–ª–∞–º—É –∏–ª–∏ –º–µ–Ω–µ–¥–∂–µ—Ä–æ–≤.  \n–≠—Ç–æ –Ω–æ–≤—ã–π –≤–∏–¥ –ø—Ä–∏–≤–ª–µ—á–µ–Ω–∏—è –∫–ª–∏–µ–Ω—Ç–æ–≤ –ø–æ—Ç–µ–Ω—Ü–∏–∞–ª—å–Ω—ã—Ö –≤ 2019 –≥–æ–¥—É. \n–£—Å–ø–µ–π —Å–¥–µ–ª–∞—Ç—å —Ç–æ, –æ —á–µ–º –Ω–µ –∑–Ω–∞—é—Ç –∫–æ–Ω–∫—É—Ä–µ–Ω—Ç—ã.\nhttp://don-mates.ru/1964'),
  (0, '–î–µ–Ω–∏—Å', '111111@1111111.ru', '50789386', '–•–æ—Ç–∏—Ç–µ –Ω–∞–π—Ç–∏ –±–æ–ª—å—à–µ –Ω–æ–≤—ã—Ö –∫–ª–∏–µ–Ω—Ç–æ–≤?\n\n–£ –Ω–∞—Å –≤ –Ω–∞–ª–∏—á–∏–∏ –±–∞–∑—ã:\n- –ú–æ—Å–∫–≤–∞ –∏ –ú–û, –°–∞–Ω–∫—Ç - –ü–µ—Ç–µ—Ä–±—É—Ä–≥ –∞ —Ç–∞–∫–∂–µ –≥–æ—Ä–æ–¥–∞\n-\n- –¢–∞—Ä–≥–µ—Ç–∏–Ω–≥ –ø–æ –≤—Å–µ–º—É –º–∏—Ä—É\n- –ú–æ–∂–Ω–æ —Å—Ñ–æ—Ä–º–∏—Ä–æ–≤–∞—Ç—å –±–∞–∑—É –ø–æ –í–∞—à–µ–º—É —Ç—Ä–µ–±–æ–≤–∞–Ω–∏—é\n–¶–µ–Ω–∞: 1000000 –ø–∏—Å–µ–º - 3 900 —Ä—É–±–ª–µ–π.\n\n–ï—â–µ –ø—Ä–µ–¥–ª–∞–≥–∞–µ–º –≤–∞—Ä–∏–∞–Ω—Ç—ã:\n-\n- –†–∞—Å—Å—ã–ª–∫–∏ –ø–æ –ê–≤–∏—Ç–æ - 1 —Ä—É–±–ª—å –∑–∞ –∫–æ–Ω—Ç–∞–∫—Ç\n-\n- –ü—Ä'),
  (0, '–§—É—Ç–±–æ–ª–∫–∏ —Å –∞–≤—Ç–æ—Ä—Å–∫–∏–º–∏ —Ä–∏—Å—É–', '00000@------.ru', '277491359', '–ú—É–∂—Å–∫–∏–µ –∏ –∂–µ–Ω—Å–∫–∏–µ —Ñ—É—Ç–±–æ–ª–∫–∏ –Ω–∞ –∫–∞–∂–¥—ã–π –¥–µ–Ω—å\n–í—ã—Å–æ–∫–æ–µ –∫–∞—á–µ—Å—Ç–≤–æ –ø–æ –¥–µ–º–æ–∫—Ä–∞—Ç–∏—á–Ω–æ–π —Ü–µ–Ω–µ\nhttp://www-moi-universitet.ru/1951'),
  (0, '–í–∞–ª–µ—Ä–∏–π', '111@0000.ru', '37487707', '..\n\n–í–∞—Ä–∏–∞–Ω—Ç—ã email –±–∞–∑:\n-\n- –ö–æ–º–ø–∞–Ω–∏–∏ –ª—é–±—ã—Ö –æ—Ç—Ä–∞—Å–ª–µ–π\n- –†–∞–∑–Ω—ã–µ —Å—Ç—Ä–∞–Ω—ã –º–∏—Ä–∞\n- –°–æ—Å—Ç–∞–≤–∏–º –±–∞–∑—É –∏—Å—Ö–æ–¥—è –∏–∑ –í–∞—à–∏—Ö —Ç—Ä–µ–±–æ–≤–∞–Ω–∏–π\n–¶–µ–Ω–∞ 1000000 –¥–æ—Å—Ç–∞–≤–ª–µ–Ω–Ω—ã—Ö —Å–æ–æ–±—â–µ–Ω–∏–π —Å–æ—Å—Ç–∞–≤–∏—Ç –≤—Å–µ–≥–æ 3900 —Ä—É–±.\n\n–ï—â–µ –æ—Å—É—â–µ—Å—Ç–≤–ª—è–µ–º:\n- –•–æ–ª–æ–¥–Ω—ã–π –æ–±–∑–≤–æ–Ω –ø–æ –∫–æ–º–ø–∞–Ω–∏—è–º –æ–ø–µ—Ä–∞—Ç–æ—Ä–∞–º–∏ - 250-450 —Ä—É–±–ª–µ–π –∑–∞ –∫–∞–∂–¥–æ–≥–æ –∑–∞–∏–Ω—Ç–µ—Ä–µ—Å–æ–≤–∞–Ω–Ω–æ–≥–æ –∫–ª–∏–µ'),
  (0, '–∫–æ–Ω—Å—Ç–∞–Ω—Ü–∏—è', 'jonsi_94@list.ru', '–¢–µ–º–∞—Ä–∏', '–ü—Ä–∏–≤–µ—Ç, –ª—É–Ω—è   –≤–æ—Ç —Ç—É—Ç –∑–∞—Ä–∞–±–æ—Ç–∞–ª, —Ç–æ–ª—å–∫–æ –Ω–µ –∫–æ–º—É –Ω–µ –≥–æ–≤–æ—Ä–∏ –±–æ–ª—å—à–µ \r\n \r\nhttp://guide-traveler.ru'),
  (0, '–ò–ª—å—è', '111@333333.ru', '698968896', '..\n\n–£ –Ω–∞—Å –∏–º–µ—é—Ç—Å—è –±–∞–∑—ã –¥–∞–Ω–Ω—ã—Ö:\n- –ë–∞–∑—ã —Ä–∞–∑–¥–µ–ª–µ–Ω–Ω—ã–µ –ø–æ —Ä–µ–≥–∏–æ–Ω–∞–º –†–§\n- –§–∏—Ä–º—ã —Ä–∞–∑–Ω—ã—Ö —Å—Ñ–µ—Ä –¥–µ—è—Ç–µ–ª—å–Ω–æ—Å—Ç–∏\n-\n- –°–æ—Å—Ç–∞–≤–∏–º –∏–Ω–¥–∏–≤–∏–¥—É–∞–ª—å–Ω–æ –±–∞–∑—É –ø–æ –Ω–µ–æ–±—Ö–æ–¥–∏–º—ã–º –∫—Ä–∏—Ç–µ—Ä–∏—è–º\n–†–∞—Å—Å—ã–ª–∫–∞ –Ω–∞ 1000000 —è—â–∏–∫–æ–≤ - 3900 —Ä—É–±–ª–µ–π.\n\n–¢–∞–∫–∂–µ –ø—Ä–µ–¥–ª–∞–≥–∞–µ–º –≤–∞—Ä–∏–∞–Ω—Ç—ã –ø–æ —Ä–µ–∫–ª–∞–º–µ:\n- –ü—Ä–æ–≤–µ–¥–µ–Ω–∏–µ –æ–±–∑–≤–æ–Ω–∞ –ø–æ —Ñ–∏—Ä–º–∞–º - 300 - 350 —Ä—É–±–ª–µ–π –∑–∞ –Ω'),
  (0, '–ø–æ–ª–µ–∑–Ω—ã–µ –≥–∞–¥–∂–µ—Ç—ã http://mnogo-gadzh', '-------@-----.ru', '203705', '–£ –Ω–∞—Å –±–æ–ª—å—à–æ–µ –∫–æ–ª–∏—á–µ—Å—Ç–≤–æ –Ω–µ–æ–±—Ö–æ–¥–∏–º—ã—Ö –≥–∞–¥–∂–µ—Ç–æ–≤ –∏ –ø–æ–ª–µ–∑–Ω—ã—Ö —Ç–æ–≤–∞—Ä–æ–≤ –∫–æ—Ç–æ—Ä—ã–µ –Ω–µ –ø—Ä–æ—Å—Ç–æ —É–ø—Ä–æ—Å—Ç—è—Ç –í–∞—à –ø–æ–≤—Å–µ–¥–Ω–µ–≤–Ω—ã–π —Ä–∏—Ç–º –∂–∏–∑–Ω–∏, –Ω–æ —Å–¥–µ–ª–∞—é—Ç –∫–∞–∂–¥—ã–π –¥–µ–Ω—å –±–æ–ª–µ–µ –∏–Ω—Ç–µ—Ä–µ—Å–Ω—ã–º –∏ –≤–µ—Å–µ–ª—ã–º\n–õ—É—á—à–∏–µ –ø–æ–¥–∞—Ä–∫–∏ –Ω–∞ –î–µ–Ω—å –≤—Å–µ—Ö –≤–ª—é–±–ª–µ–Ω–Ω—ã—Ö –∏–ª–∏ –Ω–∞ 8 –º–∞—Ä—Ç–∞\nhttp://mnogo-gadzhetov.ru'),
  (0, '–†–∞–∑–º–µ—â–µ–Ω–∏–µ –ø–æ–ª–æ–∂–∏—Ç–µ–ª—å–Ω—ã—Ö –æ', '----@000000.ru', '330389', '–ó–¥—Ä–∞–≤—Å—Ç–≤—É–π—Ç–µ!\n\n–ó–∞—à–µ–ª –Ω–∞ –í–∞—à —Å–∞–π—Ç, –ø–æ–∏—Å–∫–∞–ª –æ—Ç–∑—ã–≤—ã –æ –í–∞—Å.\n\n–Ø –ø—Ä–æ—Ñ–µ—Å—Å–∏–æ–Ω–∞–ª—å–Ω–æ –∑–∞–Ω–∏–º–∞—é—Å—å –ø–æ—Å—Ç–∏–Ω–≥–æ–º –ø–æ–ª–æ–∂–∏—Ç–µ–ª—å–Ω—ã—Ö –∏ –Ω–µ–π—Ç—Ä–∞–ª—å–Ω—ã—Ö –æ—Ç–∑—ã–≤–æ–≤ –Ω–∞ –ª—é–±—ã—Ö —Å–∞–π—Ç–∞—Ö:\n- –°–∞–π—Ç–∞—Ö –æ—Ç–∑—ã–≤–æ–≤;\n- –§–æ—Ä—É–º–∞—Ö;\n- –ë–ª–æ–≥–∞—Ö;\n- –°–æ—Ü–∏–∞–ª—å–Ω—ã—Ö —Å–µ—Ç—è—Ö;\n- –õ—é–±—ã—Ö –¥—Ä—É–≥–∏—Ö —Å–∞–π—Ç–∞—Ö, –≥–¥–µ –æ–±—Å—É–∂–¥–∞—é—Ç—Å—è –í–∞—à–∏ —Ç–æ–≤–∞—Ä—ã –∏ —É—Å–ª—É–≥–∏.\n\n–†–∞–∑–º–µ—â–µ–Ω–∏–µ'),
  (0, '–ê–¥–∏–ª—å—Ö–∞–Ω', 'aleksandr.stepanov.61@list.ru', '–•–∞–ª–∏–º–∞', '–ü—Ä–∏–≤–µ—Ç, –∫–∏—Ä–∏–ª–ª   –≤–æ—Ç —Ç—É—Ç –∑–∞—Ä–∞–±–æ—Ç–∞–ª, —Ç–æ–ª—å–∫–æ –Ω–µ –∫–æ–º—É –Ω–µ –≥–æ–≤–æ—Ä–∏ –±–æ–ª—å—à–µ \r\n \r\nhttp://guide-traveler.ru'),
  (0, '–ì–∞–≤—Ä–∏–∏–ª', '------@00000.com', '658175', '–°–µ—Ä–≤–∏—Å —Ä–∞—Å—Å—ã–ª–æ–∫ –ø—Ä–µ–¥–ª–æ–∂–µ–Ω–∏–π\n\n-\n-\n- –û—Ä–≥–∞–Ω–∏–∑–∞—Ü–∏–∏ –≤—Å–µ—Ö –≤–∏–¥–æ–≤ –¥–µ—è—Ç–µ–ª—å–Ω–æ—Å—Ç–∏\n- –¢–∞—Ä–≥–µ—Ç–∏–Ω–≥ –ø–æ –ª—é–±—ã–º —Å—Ç—Ä–∞–Ω–∞–º\n- –ü–æ –í–∞—à–∏–º —Ç—Ä–µ–±–æ–≤–∞–Ω–∏—è–º —Å–æ–±–µ—Ä–µ–º –±–∞–∑—É –¥–∞–Ω–Ω—ã—Ö\n–°—Ç–æ–∏–º–æ—Å—Ç—å –¥–æ—Å—Ç–∞–≤–∫–∏ 1 –º–ª–Ω. —Å–æ–æ–±—â–µ–Ω–∏–π —Å–æ—Å—Ç–∞–≤–∏—Ç –≤—Å–µ–≥–æ 3 900 —Ä—É–±–ª–µ–π.\n\n–¢–∞–∫–∂–µ –æ—Å—É—â–µ—Å—Ç–≤–ª—è–µ–º:\n- –û–±–∑–≤–æ–Ω –ø–æ –∫–æ–º–ø–∞–Ω–∏—è–º –º–µ–Ω–µ–¥–∂–µ—Ä–∞–º–∏ - 300-350 —Ä—É–±–ª–µ–π –∑–∞ –'),
  (0, '—Å–∏–ª–∞', 'olesia.lamashevskii.kuto@mail.ru', '–ò–Ω–Ω–∞', '–ü—Ä–∏–≤–µ—Ç, –¢–æ–º–æ—á–∫–∞   –≤–æ—Ç —Ç—É—Ç –∑–∞—Ä–∞–±–æ—Ç–∞–ª, —Ç–æ–ª—å–∫–æ –Ω–µ –∫–æ–º—É –Ω–µ –≥–æ–≤–æ—Ä–∏ –±–æ–ª—å—à–µ \r\n \r\nhttp://guide-traveler.ru'),
  (0, '–ú–∞—Å—Å–æ–≤–æ–µ —Ä–∞—Å–ø—Ä–æ—Å—Ç—Ä–∞–Ω–µ–Ω–∏–µ —Ä', '----@1111.ru', '544182', '–†–∞—Å—Å—ã–ª–∫–∏ —Ä–µ–∫–ª–∞–º–Ω—ã—Ö –æ–±—ä—è–≤–ª–µ–Ω–∏–π\n\n- –°—Ç–æ–∏–º–æ—Å—Ç—å: –æ—Ç  3900 —Ä.;\n- –°—Ç–∞–±–∏–ª—å–Ω–æ –≤—ã—Å–æ–∫–∏–π –æ—Ç–∫–ª–∏–∫;\n- –û–≥—Ä–æ–º–Ω—ã–π –≤—ã–±–æ—Ä —Ç–∞—Ä–∏—Ñ–Ω—ã—Ö –ø–ª–∞–Ω–æ–≤. \n\n–û–±—Ä–∞—â–∞–π—Ç–µ—Å—å: \n 8[ 92 5]5  1    7  ~   0  6   ~  4  8'),
  (0, '–í–µ—Ç–∞–ª—å', 'kseniymir@mail.ru', '–º–∏—Ö–∞—Å—è', '–ü—Ä–∏–≤–µ—Ç, –≤–∞—Å—é—à–∞   –≤–æ—Ç —Ç—É—Ç –∑–∞—Ä–∞–±–æ—Ç–∞–ª, —Ç–æ–ª—å–∫–æ –Ω–µ –∫–æ–º—É –Ω–µ –≥–æ–≤–æ—Ä–∏ –±–æ–ª—å—à–µ \r\n \r\nhttp://guide-traveler.ru'),
  (0, 'E-MAIL –†@CC–´–õ–ö–ò:  +7 [ 49 5 ]  5   1   7  ~  ', '1111@3333.com', '723195', '–†–∞—Å–ø—Ä–æ—Å—Ç—Ä–∞–Ω–µ–Ω–∏–µ –í–∞—à–∏—Ö –ø—Ä–µ–¥–ª–æ–∂–µ–Ω–∏–π –≤ –∏–Ω—Ç–µ—Ä–Ω–µ—Ç–µ.\n\n–í–æ–∑–º–æ–∂–Ω—ã–µ –±–∞–∑—ã –¥–∞–Ω–Ω—ã—Ö:\n- –ú–æ—Å–∫–≤–∞ –∏ –°–∞–Ω–∫—Ç-–ü–µ—Ç–µ—Ä–±—É—Ä–≥;\n- –õ—é–±—ã–µ –≥–æ—Ä–æ–¥–∞ –†–æ—Å—Å–∏–∏;\n- –§–∏—Ä–º—ã –ª—é–±—ã—Ö –æ—Ç—Ä–∞—Å–ª–µ–π –¥–µ—è—Ç–µ–ª—å–Ω–æ—Å—Ç–∏;\n- –õ—é–±—ã–µ —Å—Ç—Ä–∞–Ω—ã.\n\n–õ—é–±—ã–µ —Ñ–æ—Ä–º—ã –æ–ø–ª–∞—Ç—ã.\n–ú–æ–º–µ–Ω—Ç–∞–ª—å–Ω—ã–π —ç—Ñ—Ñ–µ–∫—Ç.\n–°–∞–º—ã–µ –º–∏–Ω–∏–º–∞–ª—å–Ω—ã–µ —Ä–∞—Å—Ü–µ–Ω–∫–∏ –Ω–∞ —Ä—ã–Ω–∫–µ.\n–ü–æ–¥—Ä–æ–±–Ω—ã–π –æ—Ç—á–µ—Ç –≤ –í–∞—à–µ–'),
  (0, '–£–≤–µ–ª–∏—á–µ–Ω–∏–µ|–ü–æ–≤—ã—à–µ–Ω–∏–µ –∫–æ–Ω–≤–µ', '3333333@3333.com', '198045', '–º—ã –í–ê–ú –ü–û–ú–û–ñ–ï–ú –ø–æ–≤—ã—Å–∏—Ç—å –∫–æ–Ω–≤–µ—Ä—Å–∏—é –º–∏–Ω–∏–º—É–º –æ—Ç 45%, –±–µ–∑ –Ω–æ–≤—ã—Ö –∑–∞—Ç—Ä–∞—Ç –Ω–∞ —Ä–µ–∫–ª–∞–º—É –∏ –Ω–æ–≤—ã—Ö –º–µ–Ω–µ–¥–∂–µ—Ä–æ–≤.  \n–≠—Ç–æ –Ω–æ–≤—ã–π –≤–∏–¥ –ø—Ä–∏–≤–ª–µ—á–µ–Ω–∏—è –∫–ª–∏–µ–Ω—Ç–æ–≤ –ø–æ—Ç–µ–Ω—Ü–∏–∞–ª—å–Ω—ã—Ö –≤ 2019 –≥–æ–¥—É. \n–£—Å–ø–µ–π —Å–¥–µ–ª–∞—Ç—å —Ç–æ, –æ —á–µ–º –Ω–µ –∑–Ω–∞—é—Ç –∫–æ–Ω–∫—É—Ä–µ–Ω—Ç—ã.\nhttp://www-7660844.ru/1964'),
  (0, '–¢–∞–∫—Å–∏. –ü–µ—Ä–µ–≤–æ–∑–∏–º –ø–∞—Å—Å–∞–∂–∏—Ä–æ–', '1111@----.ru', '09116650', '–¢–∞–∫—Å–∏ –ø–æ –≥–æ—Ä–æ–¥—É.\n\n–ó–∞–Ω–∏–º–∞–µ–º—Å—è –ø–µ—Ä–µ–≤–æ–∑–∫–∞–º–∏ –ø–∞—Å—Å–∞–∂–∏—Ä–æ–≤. –ö—Ä–æ–º–µ —Ç–æ–≥–æ –ø—Ä–µ–¥–æ—Å—Ç–∞–≤–ª—è–µ–º —Ü–µ–ª—ã–π –ø–µ—Ä–µ—á–µ–Ω—å –¥—Ä—É–≥–∏—Ö —É—Å–ª—É–≥.\n\n–í–∞—à–µ–º—É –≤–Ω–∏–º–∞–Ω–∏—é –ø—Ä–µ–¥–ª–∞–≥–∞—é—Ç—Å—è –º–∏–Ω–∏–≤—ç–Ω—ã –∏ –ª–µ–≥–∫–æ–≤—ã–µ –∞–≤—Ç–æ–º–æ–±–∏–ª–∏, –∞–≤—Ç–æ–±—É—Å—ã –∏ –º–∏–∫—Ä–æ–∞–≤—Ç–æ–±—É—Å—ã.\n\n–û–±–µ—Å–ø–µ—á–∏–≤–∞–µ–º –ø–æ–µ–∑–¥–∫–∏ –Ω–∞ —Ç–æ—Ç –∏–ª–∏ –∏–Ω–æ–π –≤–æ–∫–∑–∞–ª –∏–ª–∏ –≤ –∞—ç—Ä–æ–ø–æ—Ä—Ç –ú–æ—Å–∫–≤—ã.\n\n–í—ã - –ø–æ—Å–ª–'),
  (0, '–õ—É–∫–µ—Ä—å—è', 'asonov.76@mail.ru', '–ë–∞–∑—ã e-mail —é—Ä–∏–¥–∏—á–µ—Å–∫–∏—Ö –ª–∏—Ü', '–•–æ—Ç–∏—Ç–µ –±–æ–ª—å—à–µ –ø—Ä–æ–¥–∞–∂ –∏ –∫–ª–∏–µ–Ω—Ç–æ–≤? \r\n \r\n–ú—ã –ø—Ä–µ–¥–æ—Å—Ç–∞–≤–ª—è–µ–º –ª—é–±—ã–µ –±–∞–∑—ã –ø–æ —Ñ–∏–∑–∏—á–µ—Å–∫–∏–º –∏ —é—Ä–∏–¥–∏—á–µ—Å–∫–∏–º –ª–∏—Ü–∞–º –†–æ—Å—Å–∏–∏, –ë–µ–ª–∞—Ä—É—Å–∏,  –£–∫—Ä–∞–∏–Ω—ã –ò –°–ù–ì \r\n–û–±–Ω–æ–≤–ª–µ–Ω–∏–µ –±–∞–∑ —Ñ–µ–≤—Ä–∞–ª—å 2019! \r\n \r\n–ë–∞–∑—ã –Ø–Ω–¥–µ–∫—Å –ö–∞—Ä—Ç –†–æ—Å—Å–∏–∏ –ò –°–ù–ì \r\n–ë–∞–∑—ã 2 GIS –†–æ—Å—Å–∏–∏ –ò –°–ù–ì \r\n–ë–∞–∑–∞ –¥–æ–º–µ–Ω–Ω—ã—Ö –∏–º—ë–Ω –≤—Å–µ–≥–æ –º–∏—Ä–∞  (–±–æ–ª–µ–µ 285 000 000 –¥–æ–º–µ–Ω–æ–≤) \r\n–ë–∞–∑—ã e-m'),
  (0, '–ö–æ–ª—è', '3333@0000.com', '6319965', '–≠—Ñ—Ñ–µ–∫—Ç–∏–≤–Ω—ã–µ —Ä–∞—Å—Å—ã–ª–∫–∏ –í–∞—à–∏—Ö –∫–æ–º–º–µ—Ä—á–µ—Å–∫–∏—Ö –ø—Ä–µ–¥–ª–æ–∂–µ–Ω–∏–π\n\n---\n- –ú–æ—Å–∫–≤–∞ –∏ –ú–æ—Å–∫–æ–≤—Å–∫–∞—è –û–±–ª–∞—Å—Ç—å, –°–∞–Ω–∫—Ç - –ü–µ—Ç–µ—Ä–±—É—Ä–≥ –∞ —Ç–∞–∫–∂–µ –≥–æ—Ä–æ–¥–∞\n- –ö–æ–º–ø–∞–Ω–∏–∏, —Ä–∞–∑–¥–µ–ª–µ–Ω–Ω—ã–µ –ø–æ –≤–∏–¥–∞–º –¥–µ—è—Ç–µ–ª—å–Ω–æ—Å—Ç–∏\n- –¢–∞—Ä–≥–µ—Ç–∏–Ω–≥ –ø–æ –ª—é–±—ã–º —Å—Ç—Ä–∞–Ω–∞–º\n- –ò–Ω–¥–∏–≤–∏–¥—É–∞–ª—å–Ω–æ —Å—Ñ–æ—Ä–º–∏—Ä—É–µ–º –±–∞–∑—É –¥–∞–Ω–Ω—ã—Ö –ø–æ –Ω–µ–æ–±—Ö–æ–¥–∏–º—ã–º –∫—Ä–∏—Ç–µ—Ä–∏—è–º\n–†–∞—Å—Å—ã–ª–∫–∞ –Ω–∞ 1 –º–'),
  (0, '–ó–∞–π–Ω–∞–±', 'iv077iv@yandex.ru', '–ü—Ä–æ–¥–≤–∏–∂–µ–Ω–∏–µ –≤ —Ç–æ–ø 1 —Å –æ–ø–ª–∞—Ç–æ–π –∑–∞ —Ä–µ–∑—É–ª—å—Ç–∞—Ç, SEO c –æ–ø–ª–∞—Ç–æ–π –', '–ó–¥—Ä–∞–≤—Å—Ç–≤—É–π—Ç–µ, –º–µ–Ω—è –∑–æ–≤—É—Ç –ê–ª–µ–∫—Å–µ–π, —è –æ—Å–Ω–æ–≤–∞—Ç–µ–ª—å –∫–æ–º–ø–∞–Ω–∏–∏ –ø–æ seo –æ–ø—Ç–∏–º–∏–∑–∞—Ü–∏–∏ —Å –æ–ø–ª–∞—Ç–æ–π –∑–∞ —Ä–µ–∑—É–ª—å—Ç–∞—Ç. –î–∞ —ç—Ç–æ —Ä–µ–∞–ª—å–Ω–æ! \r\n \r\n–ü–µ—Ä–µ–π–¥—É —Å—Ä–∞–∑—É –∫ –¥–µ–ª—É. –ü—Ä–µ–¥–ª–∞–≥–∞—é –í–∞–º –ø—Ä–æ–¥–≤–∏–∂–µ–Ω–∏–µ –≤ —Ç–æ–ø –ø–æ–∏—Å–∫–æ–≤–æ–π —Å–∏—Å—Ç–µ–º—ã —è–Ω–¥–µ–∫—Å –ø–æ –≤—ã—Å–æ–∫–æ—á–∞—Å—Ç–æ—Ç–Ω—ã–º –∑–∞–ø—Ä–æ—Å–∞–º. \r\n \r\n–§–æ—Ä–º–∞—Ç —Ä–∞–±–æ—Ç—ã: \r\n1. –ü–æ–¥–±–∏—Ä–∞–µ–º –æ–ø—Ç–∏–º–∞–ª—å–Ω—ã–µ –∫–ª—é—á–µ–'),
  (0, '–ª–∏–¥—É—à–∞', 'aleksandr_nepolitov11@mail.ru', '–ê–Ω–∂–µ–ª–æ—á–∫–∞', '–ü—Ä–∏–≤–µ—Ç, –ú–∞—Ä–∏—à–∫–∞ –ü—Ä–æ–π–¥–∏ –æ–ø—Ä–æ—Å –∏ –ø–æ–ª—É—á–∏ —Å–ø–æ–Ω—Å–æ—Ä—Å–∫–∏–µ \r\n \r\nhttp://ADV6E.TK'),
  (0, 'Jamessaino', 'pdrozdow@op.pl', 'Club Music For DJs', 'Hello, \r\n \r\nDownload Club Music For DJs, House, Techno, Trance, Dance, Pop... \r\nhttp://0daymusic.org \r\n \r\nBest regards, \r\nJames'),
  (0, '–ê–ª–µ–∫—Å–µ–π', '0000@000000.com', '94077027', '–ö—Ä–∞—É–¥-–º–∞—Ä–∫–µ—Ç–∏–Ω–≥ - –ø–µ—Ä–µ–¥–æ–≤–æ–π —Å–ø–æ—Å–æ–± –ø—Ä–æ–¥–≤–∏–∂–µ–Ω–∏—è, –ø—Ä–∏ –∫–æ—Ç–æ—Ä–æ–º –í–∞—à —Å–∞–π—Ç –ø—Ä–æ–¥–≤–∏–≥–∞–µ—Ç —Ü–µ–ª–∞—è \"—Ç–æ–ª–ø–∞\" –ª—é–¥–µ–π.\n\n–ö–∞–∫ —ç—Ç–æ –≤—ã–≥–ª—è–¥–∏—Ç: \n–ü–æ –Ω–∞—à–µ–º—É –∑–∞–∫–∞–∑—É –º—ã –Ω–∞–π–¥–µ–º —Ç–µ–º–∞—Ç–∏—á–µ—Å–∫–∏–µ —Ñ–æ—Ä—É–º—ã –∏ –æ–±—Å—É–∂–¥–µ–Ω–∏—è —Ç–æ–≤–∞—Ä–æ–≤/—É—Å–ª—É–≥ –≤–∞—à–µ–≥–æ –ø—Ä–æ—Ñ–∏–ª—è, –≤–∫–ª—é—á–∞—Ç—Å—è –≤ –¥–∏—Å–∫—É—Å—Å–∏—é –∏ —Ä–∞–∑–º–µ—Å—Ç—è—Ç –∫–æ–º–º–µ–Ω—Ç–∞—Ä–∏–∏ —Å–æ —Å—Å—ã–ª–∫–æ–π –Ω–∞ –≤–∞—à'),
  (0, '–§—É—Ç–±–æ–ª–∫–∏ —Å –∞–≤—Ç–æ—Ä—Å–∫–∏–º–∏ —Ä–∏—Å—É–', '000000@0000.ru', '491720', '–ú—É–∂—Å–∫–∏–µ –∏ –∂–µ–Ω—Å–∫–∏–µ —Ñ—É—Ç–±–æ–ª–∫–∏ –Ω–∞ –∫–∞–∂–¥—ã–π –¥–µ–Ω—å\n–í—ã—Å–æ–∫–æ–≥–æ –∫–∞—á–µ—Å—Ç–≤–∞ –ø–æ –æ—á–µ–Ω—å –¥–æ—Å—Ç—É–ø–Ω—ã–º —Ü–µ–Ω–∞–º\nhttp://www-bitseven.ru/1951'),
  (0, '–ª—é–±–∞–≤–∞', 'buian1953@mail.ru', '–ù–∏–∑–∞–º', '–ü—Ä–∏–≤–µ—Ç, –ï–ª—è –ü—Ä–æ–π–¥–∏ –æ–ø—Ä–æ—Å –∏ –ø–æ–ª—É—á–∏ —Å–ø–æ–Ω—Å–æ—Ä—Å–∫–∏–µ \r\n \r\nhttp://6KPET.TK'),
  (0, '–ê–∑–µ—Ä', 'of5et@yandex.ru', '–ü—Ä–æ—à—É –æ–±—Ä–∞—Ç–∏—Ç—å –í–∞—à–µ –≤–Ω–∏–º–∞–Ω–∏–µ –Ω–∞ —É—Å–ª—É–≥–∏ –¢–∏–ø–æ–≥—Ä–∞—Ñ–∏–∏ –ê2.', '–ó–¥—Ä–∞–≤—Å—Ç–≤—É–π—Ç–µ! \r\n \r\n–ü—Ä–æ—à—É –æ–±—Ä–∞—Ç–∏—Ç—å –í–∞—à–µ –≤–Ω–∏–º–∞–Ω–∏–µ –Ω–∞ —É—Å–ª—É–≥–∏ –¢–∏–ø–æ–≥—Ä–∞—Ñ–∏–∏ –ê2. \r\n \r\n–¶–∏—Ñ—Ä–æ–≤–∞—è –ø–µ—á–∞—Ç—å. \r\n–û—Ñ—Å–µ—Ç–Ω–∞—è –ø–µ—á–∞—Ç—å. \r\n–®–µ–ª–∫–æ—Ç—Ä–∞—Ñ–∞—Ä–µ—Ç–Ω–∞—è –ø–µ—á–∞—Ç—å. \r\n–ò–∑–≥–æ—Ç–æ–≤–ª–µ–Ω–∏–µ –∫–æ—Ä–æ–±–æ–∫. \r\n–ò–∑–≥–æ—Ç–æ–≤–ª–µ–Ω–∏–µ –±—É–º–∞–∂–Ω—ã—Ö –ø–∞–∫–µ—Ç–æ–≤. \r\n \r\n–ù–∞—à–∞ –ø—Ä–æ–¥—É–∫—Ü–∏—è: \r\n–í–∏–∑–∏—Ç–∫–∏, –ª–∏—Å—Ç–æ–≤–∫–∏, –±—É–∫–ª–µ—Ç—ã, –±—Ä–æ—à—é—Ä—ã, –∫–∞—Ç–∞–ª–æ–≥–∏, –∫–∞–ª–µ–Ω–¥–∞—Ä–∏, —ç—Ç–∏–∫–µ'),
  (0, '–î–µ–Ω–∏—Å', '00000@---.com', '131591518', '–°–ª—É–∂–±–∞ –¥–æ—Å—Ç–∞–≤–∫–∏ –ø–∏—Å–µ–º\n\n–£ –Ω–∞—Å –∏–º–µ—é—Ç—Å—è –±–∞–∑—ã:\n- –ú–æ—Å–∫–≤–∞ –∏ –ú–û, –°–∞–Ω–∫—Ç-–ü–µ—Ç–µ—Ä–±—É—Ä–≥ –∏ –¥—Ä—É–≥–∏–µ –≥–æ—Ä–æ–¥–∞\n- –ö–æ–º–ø–∞–Ω–∏–∏, —Ä–∞–∑–±–∏—Ç—ã–µ –ø–æ –≤–∏–¥–∞–º –¥–µ—è—Ç–µ–ª—å–Ω–æ—Å—Ç–∏\n- –ë–∞–∑—ã –ª—é–±—ã—Ö —Å—Ç—Ä–∞–Ω –º–∏—Ä–∞\n- –°–æ–±–µ—Ä–µ–º –∏–Ω–¥–∏–≤–∏–¥—É–∞–ª—å–Ω—É—é –±–∞–∑—É –¥–∞–Ω–Ω—ã—Ö\n–°—Ç–æ–∏–º–æ—Å—Ç—å –¥–æ—Å—Ç–∞–≤–∫–∏ 1 –º–ª–Ω. —Å–æ–æ–±—â–µ–Ω–∏–π - 3900 —Ä—É–±.\n\n–¢–∞–∫–∂–µ –ø—Ä–µ–¥–ª–∞–≥–∞–µ–º:\n- –•–æ–ª–æ–¥–Ω—ã–π –æ–±–∑–≤–æ–Ω –ø–æ –'),
  (0, '–§–æ–Ω—Ç–∞–Ω—ã —Å –ø–æ–¥—Å–≤–µ—Ç–∫–æ–π. - http://s', '0000@3333333.ru', '80559025', '–°–≤–µ—Ç–æ–≤—ã–µ —Ñ–æ–Ω—Ç–∞–Ω—ã! - http://asmus-services.ru/1967-svetovoj-fontan.php\n\n–¢–æ–ª—å–∫–æ –ø—Ä–µ–¥—Å—Ç–∞–≤—å—Ç–µ, –∫–∞–∫ –∑–∞—Å–∏—è–µ—Ç –ø—Ä–æ—Å—Ç—Ä–∞–Ω—Å—Ç–≤–æ —Ä—è–¥–æ–º —Å –ø—ã—à–Ω–æ–π –∑–µ–ª–µ–Ω–æ–π –µ–ª—å—é, –µ—Å–ª–∏ —É—Å—Ç–∞–Ω–æ–≤–∏—Ç—å —Å–≤–µ—Ç–æ–≤–æ–π —Ñ–æ–Ω—Ç–∞–Ω! \n–£–∫—Ä–∞—Å–∏—Ç—å —Ä–æ—Å–∫–æ—à–Ω–æ–π –∫–æ–Ω—Å—Ç—Ä—É–∫—Ü–∏–µ–π, –∏–º–µ—é—â–µ–π 20 –ª—É—á–µ–π, –º–æ–∂–Ω–æ –¥–∞—á—É –∏ —Ä–µ—Å—Ç–æ—Ä–∞–Ω, –∫–∞—Ñ–µ –∏ –≥–æ—Ä–æ–¥—Å–∫–æ–π –ø–∞—Ä–∫. \n–¶–µ–Ω–∞ —Å–æ–æ—Ç–≤–µ—Ç—Å—Ç–≤—É–µ—Ç –∫–∞—'),
  (0, '–ü—É—Ç–µ—à–µ—Å—Ç–≤–∏–µ –ø–æ –¥–∂—É–Ω–≥–ª—è–º —Å –≥', '---@000.ru', '243625614', '–ü—Ä–∏–≥–ª–∞—à–∞–µ–º —Å–æ–≤–µ—Ä—à–∏—Ç—å —ç–∫—Å–∫–ª—é–∑–∏–≤–Ω—ã–µ –ø—É—Ç–µ—à–µ—Å—Ç–≤–∏—è –ù–ï –î–õ–Ø –í–°–ï–•\n–£–≤–ª–µ–∫–∞—Ç–µ–ª—å–Ω—ã–µ –ø—É—Ç–µ—à–µ—Å—Ç–≤–∏—è –≤ –ö–µ–Ω–∏—é\n–ü–æ—Å–µ—Ç–∏—Ç–µ —Ñ–µ—Å—Ç–∏–≤–∞–ª—å –ü–∞–ø—É–∞ –∏ –ö–æ–º–æ–¥–æ \nhttp://exclusive-travels.ru'),
  (0, '–•–æ—Ç–µ–ª –±—ã –ø—Ä–µ–¥–ª–æ–∂–∏—Ç—å: —Ä–∞—Å—Å—ã–ª', '111111@3333.com', '448856', '–£ –Ω–∞—Å –µ—Å—Ç—å –≤–æ–∑–º–æ–∂–Ω–æ—Å—Ç–∏ –ø–æ–ª—É—á–∞—Ç—å {–∑–∞–∫–∞–∑—ã|–∑–∞–∫–∞–∑—á–∏–∫–æ–≤|–∫–ª–∏–µ–Ω\nEmail —Ä–∞—Å—Å—ã–ª–∫–∏ - –¥–µ–π—Å—Ç–≤–∏—Ç–µ–ª—å–Ω–æ –ø—Ä–∏–≤–æ–¥—è—Ç –Ω–æ–≤—ã—Ö –∫–ª–∏–µ–Ω—Ç–æ–≤.\n\n- –°–∞–º—ã–µ –Ω–∏–∑–∫–∏–µ —Ä–∞—Å—Ü–µ–Ω–∫–∏ –Ω–∞ —Ä—ã–Ω–∫–µ;\n- –í—ã –ø–æ–ª—É—á–∞–µ—Ç–µ –æ–±—Ä–∞—â–µ–Ω–∏—è –∑–∞–∫–∞–∑—á–∏–∫–æ–≤ –≤ –¥–µ–Ω—å –æ–±—Ä–∞—â–µ–Ω–∏—è;\n- –í–æ–∑–º–æ–∂–Ω–æ—Å—Ç—å –≤—ã–±–æ—Ä–∞ –≥–æ—Ä–æ–¥–∞;\n\n–û–±—Ä–∞—â–∞–π—Ç–µ—Å—å: 7 ( –ß 95 )5  –ß   2   -   –ó   9  =   8  7'),
  (0, '—Å–æ–≤—Ä–µ–º–µ–Ω–Ω—ã–µ –≥–∞–¥–∂–µ—Ç—ã http://mnogo', '000@000000.com', '920042', '–í –Ω–∞—à–µ–º –º–∞–≥–∞–∑–∏–Ω–µ –º–Ω–æ–≥–æ –Ω–µ–æ–±—Ö–æ–¥–∏–º—ã—Ö –≥–∞–¥–∂–µ—Ç–æ–≤ –∏ –ø–æ–ª–µ–∑–Ω—ã—Ö —Ç–æ–≤–∞—Ä–æ–≤ –∫–æ—Ç–æ—Ä—ã–µ –Ω–µ –ø—Ä–æ—Å—Ç–æ —É–ø—Ä–æ—Å—Ç—è—Ç –í–∞—à –ø–æ–≤—Å–µ–¥–Ω–µ–≤–Ω—ã–π —Ä–∏—Ç–º –∂–∏–∑–Ω–∏, –Ω–æ —Å–¥–µ–ª–∞—é—Ç –∫–∞–∂–¥—ã–π –¥–µ–Ω—å –±–æ–ª–µ–µ –∏–Ω—Ç–µ—Ä–µ—Å–Ω—ã–º –∏ –ø—Ä–∏—è—Ç–Ω—ã–º\n–õ—É—á—à–∏–µ –ø–æ–¥–∞—Ä–∫–∏ –Ω–∞ 8 –º–∞—Ä—Ç–∞\nhttp://www.mnogo-gadzhetov.ru'),
  (0, '–ë–æ–∏—à—å—Å—è –æ–±–ª—ã—Å–µ—Ç—å? http://www.5day-s', '0000@333333.ru', '473668991', '–ú–µ–Ω—è –∑–æ–≤—É—Ç –î–º–∏—Ç—Ä–∏–π –∏ —è —É–∂–µ —Ä–µ—à–∏–ª –ø—Ä–æ–±–ª–µ–º—É , —Ç–µ–ø–µ—Ä—å –≥–æ—Ç–æ–≤ –ø–æ–¥–µ–ª–∏—Ç—Å—è —Å–µ–∫—Ä–µ—Ç–æ–º —Å —Ç–æ–±–æ–π\n–¢–µ–±–µ –ø–æ–Ω–∞–¥–æ–±–∏—Ç—å—Å—è –≤—Å–µ–≥–æ 5 –º–∏–Ω—É—Ç –≤–µ—á–µ—Ä–Ω–µ–≥–æ –≤—Ä–µ–º–µ–Ω–∏.\n–ì–∞—Ä–∞–Ω—Ç–∏—Ä—É—é —Ä–µ–∑—É–ª—å—Ç–∞—Ç —á–µ—Ä–µ–∑ 3 –¥–Ω—è\nhttp://btcbit-net.ru/1969'),
  (0, 'shoptxt@list.ru', 'shoptxt@list.ru', 'shoptxt@list.ru', '–ó–¥—Ä–∞–≤—Å—Ç–≤—É–π—Ç–µ, –≤—ã –ø–∏—à–µ—Ç–µ —Å—Ç–∞—Ç—å–∏ –Ω–∞ —Å–∞–π—Ç—ã —Å–∞–º–∏? –ú—ã –∑–∞–Ω–∏–º–∞–µ–º—Å—è –≤–æ—Å—Å—Ç–∞–Ω–æ–≤–ª–µ–Ω–∏–µ–º —É–Ω–∏–∫–∞–ª—å–Ω—ã—Ö —Å—Ç–∞—Ç—å–µ–π, –∏–∑ —É–¥–∞–ª–µ–Ω–Ω—ã—Ö –∏–∑ –∏–Ω—Ç–µ—Ä–Ω–µ—Ç–∞ —Å–∞–π—Ç–æ–≤. \r\n–ü—Ä–µ–¥–ª–∞–≥–∞–µ–º —Å–Ω–∞–±–∂–∞—Ç—å –≤–∞—Å –∫–æ–Ω—Ç–µ–Ω—Ç–æ–º. \r\n –°—Ç–∞—Ç—å–∏ —Ä–∞–∑–¥–∞–µ–º –±–µ—Å–ø–ª–∞—Ç–Ω–æ, –ø–µ—Ä–µ—Ö–æ–¥–∏—Ç–µ –∫ –Ω–∞–º - shoptxt¬≠.¬≠ru/cont5.php  \r\n –û—Ç–ø–∏—Å–∞—Ç—å—Å—è –æ—Ç —Ä–∞—Å—Å—ã–ª–∫–∏ -http://shoptxt.ru/dell.php?dell=XN---');
INSERT INTO altairmsg VALUES
  (0, '–¶–µ–ª–µ–≤—ã–µ –ø–æ—Å–µ—Ç–∏—Ç–µ–ª–∏ –¥–ª—è –í–∞—à–', '----@333.com', '42765740', '–ó–¥—Ä–∞–≤—Å—Ç–≤—É–π—Ç–µ!\n\n–ü—Ä–µ–¥–ª–∞–≥–∞—é –í–∞–º –ø–æ–ª—É—á–∞—Ç—å —Ü–µ–ª–µ–≤—ã—Ö –ø–æ–ª—å–∑–æ–≤–∞—Ç–µ–ª–µ–π –≤ –Ω–∞—à–µ–º —Å–µ—Ä–≤–∏—Å–µ, –∏—Å—Ç–æ—á–Ω–∏–∫–æ–º —Ç—Ä–∞—Ñ–∏–∫–∞ —è–≤–ª—è—é—Ç—Å—è –º–∞—Å—Å–æ–≤—ã–µ —Ä–∞—Å—Å—ã–ª–∫–∏.\n\n–ù–∞—à–∏ –ø—Ä–µ–∏–º—É—â–µ—Å—Ç–≤–∞:\n- –¢–∞—Ä–≥–µ—Ç–∏–Ω–≥ –ø–æ –ª—é–±–æ–º—É —Ä–µ–≥–∏–æ–Ω—É;\n- –ü—Ä–æ—Å–º–æ—Ç—Ä —Å—Ç–∞—Ç–∏—Å—Ç–∏–∫–∏ –≤ –ª–∏—á–Ω–æ–º –∫–∞–±–∏–Ω–µ—Ç–µ;\n- –°—Ç–æ–∏–º–æ—Å—Ç—å –∫–ª–∏–∫–∞ –≥–æ—Ä–∞–∑–¥–æ –¥–µ—à–µ–≤–ª–µ –Ø–Ω–¥–µ–∫—Å.–î–∏—Ä–µ–∫—Ç–∞;\n- –†–∞–∑–º–µ—Ä'),
  (0, '–ë–ê–ó–´ –î–ê–ù–ù–´–• –†–û–°–°–ò–ô–°–ö–ò–• –ö–û–ú–', '333333@3333333.ru', '383184825', '–ò–ù–¢–ï–†–ù–ï–¢-–ú–ê–ì–ê–ó–ò–ù –ë–ê–ó –ü–†–ï–î–ü–†–ò–Ø–¢–ò–ô\n\n–î–∞–Ω–Ω—ã–µ –±–∞–∑—ã –¥–∞–Ω–Ω—ã—Ö —ç—Ç–æ - —Ö–æ—Ä–æ—à–∏–π –∏—Å—Ç–æ—á–Ω–∏–∫ –¥–ª—è:\n- —Ö–æ–ª–æ–¥–Ω–æ–≥–æ –æ–±–∑–≤–æ–Ω–∞ –¥–ª—è –í–∞—à–µ–≥–æ –º–µ–Ω–µ–¥–∂–µ—Ä–∞ –ø–æ –ø—Ä–æ–¥–∞–∂–∞–º;\n- –ª—é–±—ã—Ö –≤–∏–¥–æ–≤ —Ä–∞—Å—Å—ã–ª–æ–∫;\n- –º–∞—Ä–∫–µ—Ç–∏–Ω–≥–æ–≤—ã—Ö –∏—Å—Å–ª–µ–¥–æ–≤–∞–Ω–∏–π.\n\n–ü–æ–¥—Ä–æ–±–Ω–æ—Å—Ç–∏ –Ω–∞ —Å–∞–π—Ç–µ: http://igray-v-kazino.ru/base'),
  (0, '79315910356', 'shoptxt@bigmir.net', '79315910356', '–ó–¥—Ä–∞–≤—Å—Ç–≤—É–π—Ç–µ, –≤—ã –ø–∏—à–µ—Ç–µ —Å—Ç–∞—Ç—å–∏ –Ω–∞ —Å–∞–π—Ç—ã —Å–∞–º–∏? –ú—ã –∑–∞–Ω–∏–º–∞–µ–º—Å—è –≤–æ—Å—Å—Ç–∞–Ω–æ–≤–ª–µ–Ω–∏–µ–º —É–Ω–∏–∫–∞–ª—å–Ω—ã—Ö —Å—Ç–∞—Ç—å–µ–π, –∏–∑ —É–¥–∞–ª–µ–Ω–Ω—ã—Ö –∏–∑ –∏–Ω—Ç–µ—Ä–Ω–µ—Ç–∞ —Å–∞–π—Ç–æ–≤. \r\n–ü—Ä–µ–¥–ª–∞–≥–∞–µ–º —Å–Ω–∞–±–∂–∞—Ç—å –≤–∞—Å –∫–æ–Ω—Ç–µ–Ω—Ç–æ–º. \r\n –°—Ç–∞—Ç—å–∏ —Ä–∞–∑–¥–∞–µ–º –±–µ—Å–ø–ª–∞—Ç–Ω–æ, –ø–µ—Ä–µ—Ö–æ–¥–∏—Ç–µ –∫ –Ω–∞–º - shoptxt.ru/cont5.php  \r\n –û—Ç–ø–∏—Å–∞—Ç—å—Å—è –æ—Ç —Ä–∞—Å—Å—ã–ª–∫–∏ -http://shoptxt.ru/dell.php?dell=XN----7SB'),
  (0, 'shoptxt@bigmir.net', 'shoptxt@bigmir.net', 'shoptxt@bigmir.net', '–ó–¥—Ä–∞–≤—Å—Ç–≤—É–π—Ç–µ, –≤—ã –ø–∏—à–µ—Ç–µ —Å—Ç–∞—Ç—å–∏ –Ω–∞ —Å–∞–π—Ç—ã —Å–∞–º–∏? –ú—ã –∑–∞–Ω–∏–º–∞–µ–º—Å—è –≤–æ—Å—Å—Ç–∞–Ω–æ–≤–ª–µ–Ω–∏–µ–º —É–Ω–∏–∫–∞–ª—å–Ω—ã—Ö —Å—Ç–∞—Ç—å–µ–π, –∏–∑ —É–¥–∞–ª–µ–Ω–Ω—ã—Ö –∏–∑ –∏–Ω—Ç–µ—Ä–Ω–µ—Ç–∞ —Å–∞–π—Ç–æ–≤. \r\n–ü—Ä–µ–¥–ª–∞–≥–∞–µ–º —Å–Ω–∞–±–∂–∞—Ç—å –≤–∞—Å –∫–æ–Ω—Ç–µ–Ω—Ç–æ–º. \r\n –°—Ç–∞—Ç—å–∏ —Ä–∞–∑–¥–∞–µ–º –±–µ—Å–ø–ª–∞—Ç–Ω–æ, –ø–µ—Ä–µ—Ö–æ–¥–∏—Ç–µ –∫ –Ω–∞–º - shoptxt.ru/cont5.php  \r\n –û—Ç–ø–∏—Å–∞—Ç—å—Å—è –æ—Ç —Ä–∞—Å—Å—ã–ª–∫–∏ -http://shoptxt.ru/dell.php?dell=XN----7SB'),
  (0, '–í–ª–∞—Å', '-------@000.ru', '839743', '–ü–æ—Å–ª–∞–Ω–∏–µ| –∫–æ—Ç–æ—Ä–æ–µ –í—ã —Å–µ–π—á–∞—Å –æ—Ç–∫—Ä—ã–ª–∏ ‚Äì —ç—Ç–æ —ç–ª–µ–∫—Ç—Ä–æ–Ω–Ω–∞—è —Ä–∞—Å—Å—ã–ª–∫–∞\n\n–ü—Ä–µ–¥–ª–∞–≥–∞–µ–º:\n- –ú–æ—Å–∫–≤–∞ –∏ –æ–±–ª–∞—Å—Ç—å, –°–∞–Ω–∫—Ç - –ü–µ—Ç–µ—Ä–±—É—Ä–≥ –∞ —Ç–∞–∫–∂–µ –≥–æ—Ä–æ–¥–∞\n- –¢–∞—Ä–≥–µ—Ç–∏–Ω–≥ –ø–æ —Å—Ñ–µ—Ä–∞–º –¥–µ—è—Ç–µ–ª—å–Ω–æ—Å—Ç–∏\n- –ë–∞–∑—ã –ª—é–±—ã—Ö —Å—Ç—Ä–∞–Ω –º–∏—Ä–∞\n- –°–æ–±–µ—Ä–µ–º –±–∞–∑—ã –ø–æ –í–∞—à–∏–º —Ç—Ä–µ–±–æ–≤–∞–Ω–∏—è–º\n–†–∞—Å—Å—ã–ª–∫–∞ –Ω–∞ 1 000 000 –∞–¥—Ä–µ—Å–æ–≤ —Å–æ—Å—Ç–∞–≤–ª—è–µ—Ç –≤—Å–µ–≥–æ 3 900 —Ä—É–±–ª–µ–'),
  (0, '–≠–õ–ï–ö–¢–†O–ù–ù–´E P–ê–°–°–´–õ–ö–ò: ( –ß9 5  )50', '3333333@00000.ru', '6923312', '–†–∞—Å—Å—ã–ª–∫–∏ —Ä–µ–∫–ª–∞–º—ã –≤ –∏–Ω—Ç–µ—Ä–Ω–µ—Ç–µ.\n\n–í–æ–∑–º–æ–∂–Ω—ã–µ –±–∞–∑—ã –¥–∞–Ω–Ω—ã—Ö:\n- –ú–æ—Å–∫–≤–∞ –∏ –°–∞–Ω–∫—Ç-–ü–µ—Ç–µ—Ä–±—É—Ä–≥;\n- –õ—é–±—ã–µ –≥–æ—Ä–æ–¥–∞ –†–æ—Å—Å–∏–∏;\n- –§–∏—Ä–º—ã –ª—é–±—ã—Ö —Å—Ñ–µ—Ä –¥–µ—è—Ç–µ–ª—å–Ω–æ—Å—Ç–∏;\n- –õ—é–±—ã–µ —Å—Ç—Ä–∞–Ω—ã.\n\n–õ—é–±—ã–µ —Ñ–æ—Ä–º—ã –æ–ø–ª–∞—Ç—ã.\n–ë—ã—Å—Ç—Ä—ã–π —ç—Ñ—Ñ–µ–∫—Ç.\n–°–∞–º—ã–µ –º–∏–Ω–∏–º–∞–ª—å–Ω—ã–µ —Ä–∞—Å—Ü–µ–Ω–∫–∏ –Ω–∞ —Ä—ã–Ω–∫–µ.\n–ü–æ–¥—Ä–æ–±–Ω—ã–π –æ—Ç—á–µ—Ç –≤ –í–∞—à–µ–º –ª–∏—á–Ω–æ–º –∫–∞–±–∏–Ω–µ—Ç–µ.\n\n8  ( 925)  5 1 7 '),
  (0, '–ø–æ–ª–µ–∑–Ω—ã–µ –≥–∞–¥–∂–µ—Ç—ã http://mnogo-gadzh', '00000@1111.com', '652089', '–£ –Ω–∞—Å –º–Ω–æ–≥–æ –Ω–µ–æ–±—Ö–æ–¥–∏–º—ã—Ö –≥–∞–¥–∂–µ—Ç–æ–≤ –∏ –ø–æ–ª–µ–∑–Ω—ã—Ö —Ç–æ–≤–∞—Ä–æ–≤ –∫–æ—Ç–æ—Ä—ã–µ –Ω–µ –ø—Ä–æ—Å—Ç–æ —É–ø—Ä–æ—Å—Ç—è—Ç –í–∞—à –ø–æ–≤—Å–µ–¥–Ω–µ–≤–Ω—ã–π —Ä–∏—Ç–º –∂–∏–∑–Ω–∏, –Ω–æ —Å–¥–µ–ª–∞—é—Ç –∫–∞–∂–¥—ã–π –¥–µ–Ω—å –±–æ–ª–µ–µ –∏–Ω—Ç–µ—Ä–µ—Å–Ω—ã–º –∏ –ø—Ä–∏—è—Ç–Ω—ã–º\n–õ—É—á—à–∏–µ –ø–æ–¥–∞—Ä–∫–∏ –Ω–∞ –î–µ–Ω—å –≤—Å–µ—Ö –≤–ª—é–±–ª–µ–Ω–Ω—ã—Ö –∏–ª–∏ –Ω–∞ 23 —Ñ–µ–≤—Ä–∞–ª—è\nhttp://mnogo-gadzhetov.ru'),
  (0, '—Ç–∞—Ç—å—è–Ω–∞', 'wx76@mail.ru', '—á–∞—Å—Ç–Ω–æ–µ –∫–æ–º–º–µ—Ä—á–µ—Å–∫–æ–µ –ø—Ä–µ–¥–ª–æ–∂–µ–Ω–∏–µ', '–ó–¥—Ä–∞–≤—Å—Ç–≤—É–π—Ç–µ!  –•–æ—á—É –í–∞–º –ø—Ä–µ–¥–ª–æ–∂–∏—Ç—å —Å–æ—Ç—Ä—É–¥–Ω–∏—á–µ—Å—Ç–≤–æ –ø–æ –ø—Ä–æ–¥–∞–∂–µ —á–∞—Å—Ç–Ω–æ–≥–æ –æ–±—ä–µ–∫—Ç–∞ –Ω–µ–¥–≤–∏–∂–∏–º–æ—Å—Ç–∏ –≤ –≥–æ—Ä–æ–¥–µ –ë–µ–ª–≥–æ—Ä–æ–¥–µ –∑–∞ –ø—Ä–∏–ª–∏—á–Ω–æ–µ –≤–æ–∑–Ω–∞–≥—Ä–∞–∂–¥–µ–Ω–∏–µ. –µ—Å–ª–∏ –í–∞—Å –∑–∞–∏–Ω—Ç–µ—Ä–µ—Å—É–µ—Ç- –æ—Ç–≤–µ—Ç—å—Ç–µ, –ø—Ä–∏—à–ª—é –∏–Ω—Ñ–æ—Ä–º–∞—Ü–∏—é –ø—Ä–æ–¥–∞–≤–∞–µ–º–æ–≥–æ –æ–±—ä–µ–∫—Ç–∞ –ø–æ–¥—Ä–æ–±–Ω–µ–π.\r\nWhatsApp, Viber  89805205550 –¢–∞—Ç—å—è–Ω–∞'),
  (0, '–ú–∞—Ä—Å–µ–ª—å', 'kirdaynova-luda@mail.ru', '–ë–∞–∑—ã e-mail —Ñ–∏–∑–∏—á–µ—Å–∫–∏—Ö –ª–∏—Ü', '–•–æ—Ç–∏—Ç–µ –±–æ–ª—å—à–µ –ø—Ä–æ–¥–∞–∂ –∏ –∫–ª–∏–µ–Ω—Ç–æ–≤? \r\n \r\n–ú—ã –ø—Ä–µ–¥–æ—Å—Ç–∞–≤–ª—è–µ–º –ª—é–±—ã–µ –±–∞–∑—ã –ø–æ —Ñ–∏–∑–∏—á–µ—Å–∫–∏–º –∏ —é—Ä–∏–¥–∏—á–µ—Å–∫–∏–º –ª–∏—Ü–∞–º –†–æ—Å—Å–∏–∏, –ë–µ–ª–∞—Ä—É—Å–∏,  –£–∫—Ä–∞–∏–Ω—ã –ò –°–ù–ì \r\n–û–±–Ω–æ–≤–ª–µ–Ω–∏–µ –±–∞–∑ —Ñ–µ–≤—Ä–∞–ª—å 2019! \r\n \r\n–°–ö–ò–î–ö–ê –ù–ê –õ–Æ–ë–£–Æ –ë–ê–ó–£ 33% –¥–æ 7 –º–∞—Ä—Ç–∞! \r\n \r\n–ï—â—ë –±–æ–ª—å—à–µ –±–∞–∑ –Ω–∞ —Å–∞–π—Ç–µ - http://base-all.ru/ \r\n \r\n–ù–µ –æ—Ç–≤–µ—á–∞–π—Ç–µ –Ω–∞ —ç—Ç–æ —Å–æ–æ–±—â–µ–Ω–∏–µ —Å–æ —Å–≤–æ–µ–≥'),
  (0, '–ú—ñ—à–∞', '9222194800@mail.ru', '–ü—Ä–µ–¥–ª–æ–∂–µ–Ω–∏–µ –ø–æ —à—Ç—Ä–∏—Ö-–∫–æ–¥–∏—Ä–æ–≤–∞–Ω–∏—é –ø—Ä–æ–¥—É–∫—Ü–∏–∏', '–î–æ–±—Ä—ã–π –¥–µ–Ω—å! \r\n–®–¢–†–ò–•-–ö–û–î –ù–ê –ü–†–û–î–£–ö–¶–ò–Æ –ë–ï–°–°–†–û–ß–ù–û –ò –ë–ï–ó –ï–ñ–ï–ì–û–î–ù–´–• –í–ó–ù–û–°–û–í! \r\n–ú—ã —è–≤–ª—è–µ—Ç—Å—è –∞–∫–∫—Ä–µ–¥–∏—Ç–æ–≤–∞–Ω–Ω—ã–º —Ä–µ–≥–∏—Å—Ç—Ä–∞—Ç–æ—Ä–æ–º —à—Ç—Ä–∏—Ö–æ–≤–æ–≥–æ –∫–æ–¥–∏—Ä–æ–≤–∞–Ω–∏—è –ø—Ä–æ–¥—É–∫—Ü–∏–∏ –≤ –º–µ–∂–¥—É–Ω–∞—Ä–æ–¥–Ω–æ–º —Å—Ç–∞–Ω–¥–∞—Ä—Ç–µ EAN –∏ —Ä–∞–±–æ—Ç–∞–µ–º —Å –º–µ–∂–¥—É–Ω–∞—Ä–æ–¥–Ω–æ–π —Å–∏—Å—Ç–µ–º–æ–π –∞–≤—Ç–æ–º–∞—Ç–∏—á–µ—Å–∫–æ–π –∏–¥–µ–Ω—Ç–∏—Ñ–∏–∫–∞—Ü–∏–∏ DiSAI, –∫–æ—Ç–æ—Ä–∞—è –≤—ã–¥–∞—ë—Ç –∫–æ–¥—ã —Ä–æ'),
  (0, '–£–≤–µ–ª–∏—á–µ–Ω–∏–µ|–ü–æ–≤—ã—à–µ–Ω–∏–µ –ø—Ä–æ–¥–∞', '----@---.com', '0120512', '–ú—ã –≥–æ—Ç–æ–≤—ã –ø–æ–º–æ—á—å –ø–æ–≤—ã—Å–∏—Ç—å –∫–æ–Ω–≤–µ—Ä—Å–∏—é –∫–∞–∫ –º–∏–Ω–∏–º—É–º –Ω–∞ 45%, –±–µ–∑ –¥–æ–ø–æ–ª–Ω–∏—Ç–µ–ª—å–Ω—ã—Ö —Ä–∞—Å—Ö–æ–¥–æ–≤ –Ω–∞ —Ä–µ–∫–ª–∞–º—É –∏–ª–∏ –º–µ–Ω–µ–¥–∂–µ—Ä–æ–≤.  \n–≠—Ç–æ –Ω–æ–≤—ã–π –≤–∏–¥ –ø—Ä–∏–≤–ª–µ—á–µ–Ω–∏—è –∫–ª–∏–µ–Ω—Ç–æ–≤ –ø–æ—Ç–µ–Ω—Ü–∏–∞–ª—å–Ω—ã—Ö –≤ 2019 –≥–æ–¥—É. \n–£—Å–ø–µ–π —Å–¥–µ–ª–∞—Ç—å —Ç–æ, –æ —á–µ–º –Ω–µ –∑–Ω–∞—é—Ç –∫–æ–Ω–∫—É—Ä–µ–Ω—Ç—ã.\nhttp://bitseven-de.ru/1964'),
  (0, '–ê–ª–µ–∫—Å–µ–π', '111111@0000.ru', '007958069', '–•–æ—á—É –ø—Ä–µ–¥–ª–æ–∂–∏—Ç—å –≤—ã–ø–æ–ª–Ω—è—Ç—å –ø–æ–∏—Å–∫ –∑–∞–∫–∞–∑–æ–≤ –¥–ª—è –í–∞—à–µ–π —Ñ–∏—Ä–º—ã, –∏—Å–ø–æ–ª—å–∑—É–µ–º —Ç–∞–∫–∏–µ –º–µ—Ç–æ–¥—ã —Ä–µ–∫–ª–∞–º—ã:\n- –†–∞—Å—Å—ã–ª–∫–∏ –ø–æ e-mail - –æ—Ç 3900 —Ä—É–±–ª–µ–π –∑–∞ 1 000 000 –ø–∏—Å–µ–º;\n- –û–±–∑–≤–æ–Ω –∫–æ–º–ø–∞–Ω–∏–π –Ω–∞—à–∏–º–∏ –º–µ–Ω–µ–¥–∂–µ—Ä–∞–º–∏ - 250-450 —Ä—É–±–ª–µ–π –∑–∞ –Ω–∞–π–¥–µ–Ω–Ω–æ–≥–æ –∑–∞–∏–Ω—Ç–µ—Ä–µ—Å–æ–≤–∞–Ω–Ω–æ–≥–æ –∫–ª–∏–µ–Ω—Ç–∞;\n- –†–∞—Å—Å—ã–ª–∫–∏ –ø–æ —Å–∞–π—Ç—É Avito - 1 —Ä—É–±–ª—å –∑–∞ —Å–æ–æ–±—â–µ–Ω–∏–µ;\n- '),
  (0, '–ü—Ä–∏–≥–ª–∞—à–∞–µ–º –Ω–∞ —Å–µ–º–∏–Ω–∞—Ä 04-05 –∞–', '------@000000.ru', '0002905', '04-05 –∞–ø—Ä–µ–ª—è 2019 –≥–æ–¥–∞ –≤ –ú–æ—Å–∫–æ–≤—Å–∫–æ–π –¢–ü–ü\n\n–ü—Ä–∞–∫—Ç–∏—á–µ—Å–∫–∏–π —Å–µ–º–∏–Ω–∞—Ä –Ω–∞ —Ç–µ–º—É: \n\n¬´–ù–∞–ª–æ–≥–æ–≤—ã–π –∏ –±–∞–Ω–∫–æ–≤—Å–∫–∏–π –∫–æ–Ω—Ç—Ä–æ–ª—å –∑–∞ –º–µ–∂–¥—É–Ω–∞—Ä–æ–¥–Ω–æ–π –¥–µ—è—Ç–µ–ª—å–Ω–æ—Å—Ç—å—é –∫–æ–º–ø–∞–Ω–∏–π. –ü—Ä–∞–∫—Ç–∏–∫–∞ –≤–Ω—É—Ç—Ä–∏–≥—Ä—É–ø–ø–æ–≤–æ–≥–æ —Ñ–∏–Ω–∞–Ω—Å–∏—Ä–æ–≤–∞–Ω–∏—è, –º–µ–∂–¥—É–Ω–∞—Ä–æ–¥–Ω–æ–≥–æ –Ω–∞–ª–æ–≥–æ–≤–æ–≥–æ –ø–ª–∞–Ω–∏—Ä–æ–≤–∞–Ω–∏—è, –∫–æ–Ω—Ç—Ä–æ–ª—è –∑–∞ —Ç—Ä–∞–Ω—Å–≥—Ä–∞–Ω–∏—á–Ω—ã–º–∏ –æ–ø–µ—Ä–∞—Ü–∏—è–º–∏ –≤ 2019 –'),
  (0, 'r-z-r.ru', 'firexone@wanadoo.fr', '–ü—Ä–æ—Ä—Ñ–µ—Å—Å–∏–æ–Ω–∞–ª—å–Ω–æ–µ –ø—Ä–æ–¥–≤–∏–∂–µ–Ω–∏–µ', '–ü—Ä–∏–≤–µ—Ç—Å—Ç–≤—É–µ–º –í–∞—Å, –ø—Ä–µ–¥–ª–∞–≥–∞–µ–º –í–∞–º –ø—Ä–æ—Ñ–µ—Å—Å–∏–æ–Ω–∞–ª—å–Ω–æ–µ –ø—Ä–æ–¥–≤–∏–∂–µ–Ω–∏–µ –í–∞—à–µ–≥–æ —Å–∞–π—Ç–∞, –ø–æ–¥—Ä–æ–±–Ω–µ–µ –æ –Ω–∞—Å http://r-z-r.ru/rackrutka_cayta.html'),
  (0, '–ë–æ–∏—à—å—Å—è –æ–±–ª—ã—Å–µ—Ç—å? http://5day-stop.', '111@0000.ru', '52293027', '–ú–µ–Ω—è –∑–æ–≤—É—Ç –î–º–∏—Ç—Ä–∏–π –∏ —è –≥–æ—Ç–æ–≤ —Ä–∞—Å—Å–∫–∞–∑–∞—Ç—å —Ç–µ–±–µ, –∫–∞–∫ —è –æ—Å—Ç–∞–Ω–æ–≤–∏–ª –≤—ã–ø–∞–¥–µ–Ω–∏–µ —Å–≤–æ–∏—Ö –≤–æ–ª–æ—Å –≤—Å–µ–≥–æ –∑–∞ 5 –¥–Ω–µ–π!\n–¢–µ–±–µ –ø–æ–Ω–∞–¥–æ–±–∏—Ç—å—Å—è –≤—Å–µ–≥–æ –Ω–µ—Å–∫–æ–ª—å–∫–æ –º–∏–Ω—É—Ç –∫–∞–∂–¥—ã–π –¥–µ–Ω—å.\n–ì–∞—Ä–∞–Ω—Ç–∏—Ä—É—é —Ä–µ–∑—É–ª—å—Ç–∞—Ç —á–µ—Ä–µ–∑ —Ç—Ä–∏ –¥–Ω—è\nhttp://www-bauma-com.ru/1969'),
  (0, '–ì–∞–≤—Ä–∏–∏–ª', '---@333.ru', '24196990', '==\n\n–£ –Ω–∞—Å –∏–º–µ—é—Ç—Å—è –±–∞–∑—ã –¥–∞–Ω–Ω—ã—Ö:\n- –ú–æ—Å–∫–≤–∞, –°–∞–Ω–∫—Ç-–ü–µ—Ç–µ—Ä–±—É—Ä–≥ –∞ —Ç–∞–∫–∂–µ –≥–æ—Ä–æ–¥–∞ –†–æ—Å—Å–∏–∏\n- –ö–æ–º–ø–∞–Ω–∏–∏ –ª—é–±—ã—Ö —Å—Ñ–µ—Ä –±–∏–∑–Ω–µ—Å–∞\n-\n- –°—Ñ–æ—Ä–º–∏—Ä—É–µ–º –ø–æ –í–∞—à–∏–º —Ç—Ä–µ–±–æ–≤–∞–Ω–∏—è–º –Ω—É–∂–Ω—É—é –±–∞–∑—É –¥–∞–Ω–Ω—ã—Ö\n–¶–µ–Ω–∞: 1 –º–∏–ª–ª–∏–æ–Ω —Å–æ–æ–±—â–µ–Ω–∏–π - 3900 —Ä—É–±.\n\n–¢–∞–∫–∂–µ –¥–µ–ª–∞–µ–º:\n- –ü—Ä–æ–≤–µ–¥–µ–Ω–∏–µ –æ–±–∑–≤–æ–Ω–∞ –ø–æ –ø—Ä–µ–¥–ø—Ä–∏—è—Ç–∏—è–º - 250-450 —Ä—É–±–ª–µ–π –∑–∞ –Ω–∞–π–¥–µ–Ω–Ω–æ–≥–æ –∑–∞–'),
  (0, 'averena24Teask', 'valentinxomyakow89@mail.ru', '–ú–µ–¥–∫–Ω–∏–∂–∫–∏ –≤ –ö—Ä–∞—Å–Ω–æ—è—Ä—Å–∫–µ', '<a href=http://averena24.ru>–º–µ–¥–∫–Ω–∏–∂–∫–∞ —Å—Ä–æ—á–Ω–æ –∑–∞ —á–∞—Å</a>  -  –ø–æ–¥—Ä–æ–±–Ω–µ–µ –Ω–∞ –Ω–∞—à–µ–º —Å–∞–π—Ç–µ <a href=https://averena24.ru>averena24.ru</a> \r\n–õ–∏—á–Ω–∞—è <a href=https://averena24.ru>–º–µ–¥–∏—Ü–∏–Ω—Å–∫–∞—è –∫–Ω–∏–∂–∫–∞</a> (<a href=https://averena24.ru>—Å–∞–Ω–∏—Ç–∞—Ä–Ω–∞—è –∫–Ω–∏–∂–∫–∞</a>) - –æ—Ñ–∏—Ü–∏–∞–ª—å–Ω—ã–π –¥–æ–∫—É–º–µ–Ω—Ç —Å—Ç—Ä–æ–≥–æ–π –æ—Ç—á–µ—Ç–Ω–æ—Å—Ç–∏. –í —Å–∞–Ω–∏—Ç–∞—Ä–Ω–æ–π –∫–Ω–∏–∂–∫–µ –æ—Ç—Ä–∞–∂–∞—é—Ç—Å—è –≤—Å–µ –¥–∞–Ω–Ω—ã–µ –æ —Ä–µ–∑—É–ª—å—Ç–'),
  (0, 'CharlesSpOow', 'nataliiva71@mail.ru', '–ö—Ä–µ–º –¥–ª—è —É–¥–∞–ª–µ–Ω–∏—è —â–µ—Ç–∏–Ω—ã', 'https://clck.ru/FFd7N - –ö—Ä–µ–º –¥–ª—è —É–¥–∞–ª–µ–Ω–∏—è —â–µ—Ç–∏–Ω—ã \r\n \r\n–ù–æ–≤—ã–π –∏ –Ω–µ–æ–±—ã—á–∞–π–Ω–æ –ø—Ä–æ—Å—Ç–æ–π —Å–ø–æ—Å–æ–± –±—ã—Å—Ç—Ä–æ–≥–æ —É–¥–∞–ª–µ–Ω–∏—è –Ω–µ–∂–µ–ª–∞—Ç–µ–ª—å–Ω–æ–π —Ä–∞—Å—Ç–∏—Ç–µ–ª—å–Ω–æ—Å—Ç–∏ –Ω–∞ –ª–∏—Ü–µ –∏ —Ç–µ–ª–µ. \r\n–ë–æ–ª—å—à–µ –Ω–µ –ø–æ–Ω–∞–¥–æ–±–∏—Ç—Å—è –±—Ä–∏—Ç–≤–µ–Ω–Ω—ã–π —Å—Ç–∞–Ω–æ–∫, –Ω–µ –ø—Ä–∏–¥—ë—Ç—Å—è —Ç–µ—Ä–ø–µ—Ç—å –¥–∏—Å–∫–æ–º—Ñ–æ—Ä—Ç, —Å—Ç—Ä–∞–¥–∞—Ç—å –æ—Ç —Ä–∞–∑–¥—Ä–∞–∂–µ–Ω–∏—è –∫–æ–∂–∏, —Å–ª—É—á–∞–π–Ω—ã—Ö –ø–æ—Ä–µ–∑–æ–≤ –∏ –º–∏–∫—Ä–æ—Ç—Ä–µ'),
  (0, 'averena24Teask', 'valentinxomyakow89@mail.ru', '–ú–µ–¥–∫–Ω–∏–∂–∫–∏ –≤ –ö—Ä–∞—Å–Ω–æ—è—Ä—Å–∫–µ', '<a href=http://averena24.ru>–ø—Ä–æ–¥–ª–∏—Ç—å –º–µ–¥–∏—Ü–∏–Ω—Å–∫—É—é –∫–Ω–∏–∂–∫—É –±–µ–∑ –æ—Å–º–æ—Ç—Ä–∞</a>  -  –ø–æ–¥—Ä–æ–±–Ω–µ–µ –Ω–∞ –Ω–∞—à–µ–º —Å–∞–π—Ç–µ <a href=https://averena24.ru>averena24.ru</a> \r\n–õ–∏—á–Ω–∞—è <a href=https://averena24.ru>–º–µ–¥–∏—Ü–∏–Ω—Å–∫–∞—è –∫–Ω–∏–∂–∫–∞</a> (<a href=https://averena24.ru>—Å–∞–Ω–∏—Ç–∞—Ä–Ω–∞—è –∫–Ω–∏–∂–∫–∞</a>) - –æ—Ñ–∏—Ü–∏–∞–ª—å–Ω—ã–π –¥–æ–∫—É–º–µ–Ω—Ç —Å—Ç—Ä–æ–≥–æ–π –æ—Ç—á–µ—Ç–Ω–æ—Å—Ç–∏. –í —Å–∞–Ω–∏—Ç–∞—Ä–Ω–æ–π –∫–Ω–∏–∂–∫–µ –æ—Ç—Ä–∞–∂–∞—é—Ç—Å—è –≤—Å–µ '),
  (0, 'Michealrex', 'irinakochet95@mail.ru', '–ù–∞–±–æ—Ä –¥–ª—è –≤—ã—Ä–∞—â–∏–≤–∞–Ω–∏—è –≥—Ä–∏–±–æ–≤ –ì—Ä–∏–±–Ω–æ–π –°–µ–∑–æ–Ω', 'https://clck.ru/FFdCq - –ù–∞–±–æ—Ä –¥–ª—è –≤—ã—Ä–∞—â–∏–≤–∞–Ω–∏—è –≥—Ä–∏–±–æ–≤ –ì—Ä–∏–±–Ω–æ–π –°–µ–∑–æ–Ω \r\n \r\n–ö–æ–º–ø–∞–∫—Ç–Ω—ã–µ –≥—Ä–∏–±–Ω–∏—Ü—ã –¥–ª—è –¥–æ–º–∞—à–Ω–µ–≥–æ –≤—ã—Ä–∞—â–∏–≤–∞–Ω–∏—è –≥—Ä–∏–±–æ–≤. \r\n–ë–æ–ª–µ–µ 6 –∫–∏–ª–æ–≥—Ä–∞–º–º–æ–≤ –ø—Ä–æ–¥—É–∫—Ç–∞ –≤—Å–µ–≥–æ —Å –æ–¥–Ω–æ–π –∫–æ—Ä–æ–±–æ—á–∫–∏. \r\n–≠–ª–µ–º–µ–Ω—Ç–∞—Ä–Ω–∞—è –ø—Ä–æ—Ü–µ–¥—É—Ä–∞ –ø–æ—Å–∞–¥–∫–∏, –∞ —Ç–∞–∫–∂–µ –º–∏–Ω–∏–º—É–º —É—Å–∏–ª–∏–π –∏ –≤—Ä–µ–º–µ–Ω–∏ –¥–ª—è —É—Ö–æ–¥–∞. \r\n–°–≤–µ–∂–∏–µ, –≤–∫—É—Å–Ω—ã–µ, –∞ —Å–∞–º–æ–µ –≥–'),
  (0, 'GeraldWeemi', 'tonny.kotov777@mail.ru', '', 'http://bit.ly/2EQAgBN  	–¢–µ—Ä–º–æ–±–µ–ª—å–µ Nord City + —Ç–µ—Ä–º–æ–Ω–æ—Å–∫–∏ –≤ –ø–æ–¥–∞—Ä–æ–∫ \r\n–°–û–ì–†–ï–í–ê–ï–¢ –ò –°–û–•–†–ê–ù–Ø–ï–¢ –¢–ï–ü–õ–û –ï–°–¢–ï–°–¢–í–ï–ù–ù–´–ú –û–ë–†–ê–ó–û–ú –î–û -35 –ì–†–ê–î–£–°–û–í! \r\n \r\nhttps://clck.ru/FJuhZ –î–æ—Å—Ç–∞–≤–∫–∞ –ø–æ—á—Ç–æ–π –≤ —Ç–µ—á–µ–Ω–∏–µ 1-10 —Ä–∞–±–æ—á–∏—Ö –¥–Ω–µ–π. \r\n \r\nhttps://clck.ru/FJuhZ –û–ø–ª–∞—Ç–∞ –∑–∞–∫–∞–∑–æ–≤ –æ—Å—É—â–µ—Å—Ç–≤–ª—è–µ—Ç—Å—è –ø–æ —Ñ–∞–∫—Ç—É –ø–æ–ª—É—á–µ–Ω–∏—è —Ç–æ–≤–∞—Ä–∞ \r\n \r\nhttp://bit.ly/2EQAgBN  –ü–µ—Ä–µ–¥ –æ—Ç–ø—'),
  (0, '–ë–ê–ó–´ –î–ê–ù–ù–´–•   –ü–†–ï–î–ü–†–ò–Ø–¢–ò–ô htt', '3333@3333.com', '783340257', '–ú–ê–ì–ê–ó–ò–ù –ë–ê–ó –†–û–°–°–ò–ô–°–ö–ò–• –ü–†–ï–î–ü–†–ò–Ø–¢–ò–ô\n\n–ù–∞—à–∏ –±–∞–∑—ã –¥–∞–Ω–Ω—ã—Ö  –ø—Ä–∏–≥–æ–¥–Ω—ã –¥–ª—è:\n- —Ö–æ–ª–æ–¥–Ω—ã—Ö –∑–≤–æ–Ω–∫–æ–≤;\n- –ª—é–±—ã—Ö –≤–∏–¥–æ–≤ –ø–æ—á—Ç–æ–≤—ã—Ö —Ä–∞—Å—Å—ã–ª–æ–∫;\n- –ª—é–±—ã—Ö –∏–Ω—ã—Ö —Ä–µ–∫–ª–∞–º–Ω—ã—Ö —Ü–µ–ª–µ–π.\n\n–ü–æ–ª–Ω—ã–π –∞—Å—Å–æ—Ä—Ç–∏–º–µ–Ω—Ç –ø—Ä–µ–¥—Å—Ç–∞–≤–ª–µ–Ω –Ω–∞ —Å–∞–π—Ç–µ: http://www-flash-asia.ru/base'),
  (0, '–Ω—É—Å—è', 'samoderzhes@mail.ru', '–û–ª–µ—á–∫–∞', 'https://drive.google.com/file/d/11lzA9Yq4L0W-iI-P2ufyehPctY0xjXmo/preview'),
  (0, '–î–µ–Ω–∏—Å', '---@-------.com', '8445765', '–ñ–µ–ª–∞–µ—Ç–µ –Ω–∞–π—Ç–∏ –±–æ–ª—å—à–µ –Ω–æ–≤—ã—Ö –∑–∞–∫–∞–∑—á–∏–∫–æ–≤?\n\n–£ –Ω–∞—Å –∏–º–µ—é—Ç—Å—è –±–∞–∑—ã –¥–ª—è —Ä–∞—Å—Å—ã–ª–æ–∫:\n- –ú–æ—Å–∫–≤–∞ –∏ –ú–û, –°–∞–Ω–∫—Ç-–ü–µ—Ç–µ—Ä–±—É—Ä–≥ –∞ —Ç–∞–∫–∂–µ –≥–æ—Ä–æ–¥–∞ –†–æ—Å—Å–∏–∏\n- –§–∏—Ä–º—ã, —Ä–∞–∑–±–∏—Ç—ã–µ –ø–æ –≤–∏–¥–∞–º –±–∏–∑–Ω–µ—Å–∞\n-\n- –°–æ–±–µ—Ä–µ–º –∏–Ω–¥–∏–≤–∏–¥—É–∞–ª—å–Ω—É—é –±–∞–∑—É –ø–æ –Ω–µ–æ–±—Ö–æ–¥–∏–º–æ–º—É —Ç—Ä–µ–±–æ–≤–∞–Ω–∏—é\n–¶–µ–Ω–∞: 1000000 –ø–∏—Å–µ–º - 3 900 —Ä—É–±–ª–µ–π.\n\n–¢–∞–∫–∂–µ –¥–µ–ª–∞–µ–º:\n- –ü—Ä–æ–≤–µ–¥–µ–Ω–∏–µ –æ–±'),
  (0, '–ë–æ–∏—à—å—Å—è –æ–±–ª—ã—Å–µ–Ω–∏—è? http://www.5day', '000@-------.ru', '910685213', '–ú–µ–Ω—è –∑–æ–≤—É—Ç –î–º–∏—Ç—Ä–∏–π –∏ —è —É–∂–µ —Ä–µ—à–∏–ª –ø—Ä–æ–±–ª–µ–º—É –æ–±–ª—ã—Å–µ–Ω–∏—è, —Ç–µ–ø–µ—Ä—å –≥–æ—Ç–æ–≤ –ø–æ–º–æ—á—å —Ç–µ–±–µ\n–¢–µ–±–µ –ø–æ–Ω–∞–¥–æ–±–∏—Ç—å—Å—è –≤—Å–µ–≥–æ –Ω–µ—Å–∫–æ–ª—å–∫–æ –º–∏–Ω—É—Ç –∫–∞–∂–¥—ã–π –¥–µ–Ω—å.\n–£–∂–µ —á–µ—Ä–µ–∑ —Ç—Ä–∏ –¥–Ω—è —Ç—ã —É–≤–∏–¥–∏—à—å —Ä–µ–∑—É–ª—å—Ç–∞—Ç\nhttp://www-freshwindhome.ru/1969'),
  (0, 'Michealrex', 'irinakochet95@mail.ru', '–ù–∞–±–æ—Ä –¥–ª—è –≤—ã—Ä–∞—â–∏–≤–∞–Ω–∏—è –≥—Ä–∏–±–æ–≤ –ì—Ä–∏–±–Ω–æ–π –°–µ–∑–æ–Ω', 'https://clck.ru/FFdCq - –ù–∞–±–æ—Ä –¥–ª—è –≤—ã—Ä–∞—â–∏–≤–∞–Ω–∏—è –≥—Ä–∏–±–æ–≤ –ì—Ä–∏–±–Ω–æ–π –°–µ–∑–æ–Ω \r\n \r\n–ö–æ–º–ø–∞–∫—Ç–Ω—ã–µ –≥—Ä–∏–±–Ω–∏—Ü—ã –¥–ª—è –¥–æ–º–∞—à–Ω–µ–≥–æ –≤—ã—Ä–∞—â–∏–≤–∞–Ω–∏—è –≥—Ä–∏–±–æ–≤. \r\n–ë–æ–ª–µ–µ 6 –∫–∏–ª–æ–≥—Ä–∞–º–º–æ–≤ –ø—Ä–æ–¥—É–∫—Ç–∞ –≤—Å–µ–≥–æ —Å –æ–¥–Ω–æ–π –∫–æ—Ä–æ–±–æ—á–∫–∏. \r\n–≠–ª–µ–º–µ–Ω—Ç–∞—Ä–Ω–∞—è –ø—Ä–æ—Ü–µ–¥—É—Ä–∞ –ø–æ—Å–∞–¥–∫–∏, –∞ —Ç–∞–∫–∂–µ –º–∏–Ω–∏–º—É–º —É—Å–∏–ª–∏–π –∏ –≤—Ä–µ–º–µ–Ω–∏ –¥–ª—è —É—Ö–æ–¥–∞. \r\n–°–≤–µ–∂–∏–µ, –≤–∫—É—Å–Ω—ã–µ, –∞ —Å–∞–º–æ–µ –≥–'),
  (0, 'GeraldWeemi', 'tonny.kotov777@mail.ru', '', 'https://clck.ru/FJuhZ 	–¢–µ—Ä–º–æ–±–µ–ª—å–µ Nord City + —Ç–µ—Ä–º–æ–Ω–æ—Å–∫–∏ –≤ –ø–æ–¥–∞—Ä–æ–∫ \r\n–°–û–ì–†–ï–í–ê–ï–¢ –ò –°–û–•–†–ê–ù–Ø–ï–¢ –¢–ï–ü–õ–û –ï–°–¢–ï–°–¢–í–ï–ù–ù–´–ú –û–ë–†–ê–ó–û–ú –î–û -35 –ì–†–ê–î–£–°–û–í! \r\n \r\nhttp://bit.ly/2EQAgBN  –î–æ—Å—Ç–∞–≤–∫–∞ –ø–æ—á—Ç–æ–π –≤ —Ç–µ—á–µ–Ω–∏–µ 1-10 —Ä–∞–±–æ—á–∏—Ö –¥–Ω–µ–π. \r\n \r\nhttps://clck.ru/FJuhZ –û–ø–ª–∞—Ç–∞ –∑–∞–∫–∞–∑–æ–≤ –æ—Å—É—â–µ—Å—Ç–≤–ª—è–µ—Ç—Å—è –ø–æ —Ñ–∞–∫—Ç—É –ø–æ–ª—É—á–µ–Ω–∏—è —Ç–æ–≤–∞—Ä–∞ \r\n \r\nhttp://bit.ly/2EQAgBN  –ü–µ—Ä–µ–¥ –æ—Ç–ø—'),
  (0, '–î–û–°–¢Y–ü–ù–ê–Ø –†E–ö–õ–ê–ú–ê: 8 [9 2 5 ]  5  1 ', '111@3333.com', '488707646', '–ü—Ä–æ–¥–≤–∏–∂–µ–Ω–∏–µ —Ä–µ–∫–ª–∞–º—ã –≤ –∏–Ω—Ç–µ—Ä–Ω–µ—Ç–µ.\n\n–í–æ–∑–º–æ–∂–Ω—ã–µ –±–∞–∑—ã:\n- –ú–æ—Å–∫–≤–∞ –∏ –ü–µ—Ç–µ—Ä–±—É—Ä–≥;\n- –õ—é–±—ã–µ –≥–æ—Ä–æ–¥–∞ –†–§;\n- –§–∏—Ä–º—ã –ª—é–±—ã—Ö –æ—Ç—Ä–∞—Å–ª–µ–π –±–∏–∑–Ω–µ—Å–∞;\n- –°—Ç—Ä–∞–Ω—ã –º–∏—Ä–∞.\n\n–õ—é–±—ã–µ —Ñ–æ—Ä–º—ã –æ–ø–ª–∞—Ç—ã.\n–ú–æ–º–µ–Ω—Ç–∞–ª—å–Ω—ã–π —ç—Ñ—Ñ–µ–∫—Ç.\n–°–∞–º—ã–µ –Ω–∏–∑–∫–∏–µ —Ü–µ–Ω—ã –Ω–∞ —Ä—ã–Ω–∫–µ.\n–î–∞—Ç–∞–ª–∏–∑–∏—Ä–æ–≤–∞–Ω–Ω—ã–π –æ—Ç—á–µ—Ç –≤ –ª–∏—á–Ω–æ–º –∫–∞–±–∏–Ω–µ—Ç–µ.\n\n( 49  5) 5  0    2  =  6  1   ~   8  5');
INSERT INTO altairmsg VALUES
  (0, '–ü—É—Ç–µ—à–µ—Å—Ç–≤–∏–µ –ø–æ –¥–∂—É–Ω–≥–ª—è–º —Å –≥', '-------@00000.ru', '08953628', '–ü—Ä–∏–≥–ª–∞—à–∞–µ–º —Å–æ–≤–µ—Ä—à–∏—Ç—å —ç–∫—Å–∫–ª—é–∑–∏–≤–Ω—ã–µ –ø—É—Ç–µ—à–µ—Å—Ç–≤–∏—è –ù–ï –î–õ–Ø –í–°–ï–•\n–£–≤–ª–µ–∫–∞—Ç–µ–ª—å–Ω—ã–µ –ø—É—Ç–µ—à–µ—Å—Ç–≤–∏—è –Ω–∞ –°—É–ª–∞–≤–µ—Å–∏ –∏ –ù–æ–≤—É—é –ì–≤–∏–Ω–µ—é\n–ü–æ—Å–µ—Ç–∏—Ç–µ —Ñ–µ—Å—Ç–∏–≤–∞–ª—å –ü–∞–ø—É–∞ –∏ –ö–æ–º–æ–¥–æ \nhttp://exclusive-travels.ru'),
  (0, '–î–∞–Ω–∏—ç–ª–ª–∞', 'proverkarassilki83@mail.ru', '–°–ø–∏—Å–∞–Ω–∏–µ –û–°, –£—Ç–∏–ª–∏–∑–∞—Ü–∏—è –û–° –∏ –æ–±–æ—Ä—É–¥–æ–≤–∞–Ω–∏—è', '–ó–¥—Ä–∞–≤—Å—Ç–≤—É–π—Ç–µ. \r\n–ú–µ–Ω—è –∑–æ–≤—É—Ç –í–ª–∞–¥–∏–º–∏—Ä, –ø—Ä–µ–¥—Å—Ç–∞–≤–ª—è—é –£—Ç–∏–ª–∏–∑–∞—Ü–∏—é –û—Ä–≥—Ç–µ—Ö–Ω–∏–∫–∏. \r\n–ü—Ä–µ–¥–ª–∞–≥–∞—é –í–∞–º –∑–∞–¥—É–º–∞—Ç—å—Å—è –æ —Å–æ—Ö—Ä–∞–Ω–µ–Ω–∏–∏ —ç–∫–æ–ª–æ–≥–∏–∏ –∏ —Ä–∞—Å—Å–º–æ—Ç—Ä–µ—Ç—å –≤–æ–∑–º–æ–∂–Ω–æ—Å—Ç—å —Ä–∞–±–æ—Ç—ã —Å –Ω–∞–º–∏ –ø–æ –°–ø–∏—Å–∞–Ω–∏—é –∏ –£—Ç–∏–ª–∏–∑–∞—Ü–∏–∏ –æ–±–æ—Ä—É–¥–æ–≤–∞–Ω–∏—è, –≤–µ–¥—å —Å–µ–π—á–∞—Å —ç—Ç–æ –æ—Å–æ–±–µ–Ω–Ω–æ –∞–∫—Ç—É–∞–ª—å–Ω–æ, –≤–µ–¥—å –∑–∞ —ç—Ç–∏–º –ø—Ä–∏—Å—Ç–∞–ª—å–Ω–æ —Å–ª–µ–¥–∏—Ç —Å–∞–º –ü'),
  (0, '–û–Ω–ª–∞–π–Ω-–±—É—Ö–≥–∞–ª—Ç–µ—Ä–∏—è http://buh-sys', '0000@3333333.ru', '4775360', '–û–Ω–ª–∞–π–Ω-–±—É—Ö–≥–∞–ª—Ç–µ—Ä–∏—è –ø–µ—Ä–≤—ã–π –º–µ—Å—è—Ü –±–µ–∑ –æ–ø–ª–∞—Ç—ã! –ü—Ä–æ–±—É–π —Å–µ–π—á–∞—Å! –ü–æ—Ç–æ–º –≤—Å–µ–≥–æ –ø–æ 400 —Ä—É–±–ª–µ–π –≤ –º–µ—Å.\n–ü—Ä–æ–≥—Ä–∞–º–º–∞ –¥–ª—è –ø—Ä–µ–¥–ø—Ä–∏–Ω–∏–º–∞—Ç–µ–ª–µ–π, –≤–∫–ª—é—á–∞–µ—Ç: \n+ –û–Ω–ª–∞–π–Ω-–±—É—Ö–≥–∞–ª—Ç–µ—Ä–∏—é\n+ –°–¥–∞—á—É –æ—Ç—á–µ—Ç–Ω–æ—Å—Ç–∏\n+ –ê–Ω–∞–ª–∏—Ç–∏–∫—É –¥–ª—è —Ä—É–∫–æ–≤–æ–¥–∏—Ç–µ–ª—è \n–ü—Ä–æ–≥—Ä–∞–º–º–∞ —Å–∞–º–∞ —Ä–∞—Å—Å—á–∏—Ç–∞–µ—Ç –Ω–∞–ª–æ–≥–∏, –Ω–∞–ø–æ–º–Ω–∏—Ç –æ —Å—Ä–æ–∫–∞—Ö —Å–¥–∞—á–∏ –æ—Ç—á–µ—Ç–Ω–æ—Å—Ç–∏ –∏ —'),
  (0, '–£–≤–µ–ª–∏—á–µ–Ω–∏–µ|–ü–æ–≤—ã—à–µ–Ω–∏–µ –ø—Ä–æ–¥–∞', '111111@----.com', '112425441', '–º—ã –í–ê–ú –ü–û–ú–û–ñ–ï–ú –ø–æ–≤—ã—Å–∏—Ç—å –∫–æ–Ω–≤–µ—Ä—Å–∏—é –º–∏–Ω–∏–º—É–º –æ—Ç 40%, –±–µ–∑ –Ω–æ–≤—ã—Ö –∑–∞—Ç—Ä–∞—Ç –Ω–∞ —Ä–µ–∫–ª–∞–º—É –∏–ª–∏ –º–µ–Ω–µ–¥–∂–µ—Ä–æ–≤.  \n–≠—Ç–æ –Ω–æ–≤—ã–π –≤–∏–¥ –ø—Ä–∏–≤–ª–µ—á–µ–Ω–∏—è –∫–ª–∏–µ–Ω—Ç–æ–≤ –ø–æ—Ç–µ–Ω—Ü–∏–∞–ª—å–Ω—ã—Ö –≤ 2019 –≥–æ–¥—É. \n–£—Å–ø–µ–π —Å–¥–µ–ª–∞—Ç—å —Ç–æ, –æ —á–µ–º –Ω–µ –∑–Ω–∞—é—Ç –∫–æ–Ω–∫—É—Ä–µ–Ω—Ç—ã.\nhttp://www-mail-sajp.ru/1964'),
  (0, '–Ø –º–æ–≥—É –ø–æ–∏—Å–∫–æ–º –∫–ª–∏–µ–Ω—Ç–æ–≤ –¥–ª—è', '3333@3333.com', '20541795', '–ó–¥—Ä–∞–≤—Å—Ç–≤—É–π—Ç–µ!\n\n–°–ª—É—á–∞–π–Ω–æ –ø–æ—Å–µ—Ç–∏–ª –í–∞—à –≤–µ–± —Å–∞–π—Ç. –Ø –ø—Ä–æ—Ñ–µ—Å—Å–∏–æ–Ω–∞–ª—å–Ω–æ –∑–∞–Ω–∏–º–∞—é—Å—å –ª–∏–¥–æ–≥–µ–Ω–µ—Ä–∞—Ü–∏–µ–π.\n\n–ï—Å—Ç—å –∫ –í–∞–º –ø—Ä–µ–¥–ª–æ–∂–µ–Ω–∏–µ: —è –º–æ–≥—É –∑–∞–Ω—è—Ç—å—Å—è –ø–æ–∏—Å–∫–æ–º –∑–∞–∫–∞–∑–æ–≤ –¥–ª—è –í–∞—Å, –∏—Å–ø–æ–ª—å–∑—É—è —Å–≤–æ–∏ –≤–æ–∑–º–æ–∂–Ω–æ—Å—Ç–∏ –≤ –æ–±–º–µ–Ω –∑–∞ –≤–æ–∑–Ω–∞–≥—Ä–∞–∂–¥–µ–Ω–∏–µ.\n\n–ú–æ–∏ —É—Å–ª—É–≥–∏ - —Å–æ–≤—Å–µ–º –Ω–µ–¥–æ—Ä–æ–≥–æ: –æ—Ç 250 —Ä—É–±–ª–µ–π –∑–∞ –∑–∞–∫–∞–∑—á–∏–∫–∞.\n\n–ï—Å–ª–∏ –¥–∞–'),
  (0, '–º–∞–∫—Å–∏–º–∏–∞–Ω', 'galialameniuk@inbox.ru', '–ë–æ–Ω—É—Å –∑–∞ —Ä–µ–≥–∏—Å—Ç—Ä–∞—Ü–∏—é –æ—Ç 100—Ä—É–± –¥–æ 1000$ (–º–æ–∂–Ω–æ –≤—ã–≤–µ—Å—Ç–∏)', '–ö–æ–º–ø–∞–Ω–∏—è Whale Investments —Ä–∞–∑–¥–∞–µ—Ç –±–æ–Ω—É—Å—ã –∑–∞ —Ä–µ–≥–∏—Å—Ç—Ä–∞—Ü–∏—é –≤—Å–µ–º –Ω–æ–≤—ã–º —É—á–∞—Å—Ç–Ω–∏–∫–∞–º. \r\n–î–ª—è —Ä–µ–≥–∏—Å—Ç—Ä–∞—Ü–∏–∏ –Ω–µ —Ç—Ä–µ–±—É—é—Ç—Å—è –§–ò–û, –¥–æ–∫—É–º–µ–Ω—Ç—ã –∏ —Ç–µ–ª–µ—Ñ–æ–Ω. –¢–æ–ª—å–∫–æ –ø—Ä–∏–¥—É–º–∞—Ç—å –ª–æ–≥–∏–Ω, –ø–∞—Ä–æ–ª—å –∏ –≤–≤–µ—Å—Ç–∏ —Ä–∞–±–æ—Ç–∞—é—â—É—é –ø–æ—á—Ç—É. \r\n–¶–µ–ª—å - –ø—Ä–∏–≤–ª–µ—á–µ–Ω–∏–µ –Ω–æ–≤—ã—Ö –∫–ª–∏–µ–Ω—Ç–æ–≤ –∏ –∏–Ω–≤–µ—Å—Ç–æ—Ä–æ–≤. \r\n \r\n–û—Å–æ–±–µ–Ω–Ω–æ—Å—Ç–∏ –∫–æ–º–ø–∞–Ω–∏–∏ Whale Investments: \r\n–í—ã'),
  (0, '–ò–ª—å–º–∞—Ä', 'grozny_2001@mail.ru', '–†–ï–ö–õ–ê–ú–ê –í–ê–®–ò–• –£–°–õ–£–ì –ó–ê –ö–û–ü–ï–ô–ö–ò!', '–†–ï–ö–õ–ê–ú–ê –í–ê–®–ò–• –£–°–õ–£–ì –ó–ê –ö–û–ü–ï–ô–ö–ò! \r\n \r\n–†–ê–°–°–´–õ–ö–ê –ü–û –ö–û–ù–¢–ê–ö–¢ –§–û–†–ú–ê–ú –°–ê–ô–¢–û–í –í 1 200 000 –§–û–†–ú –†–û–°–°–ò–ò –ò –°–ù–ì - 1450 –†–£–ë–õ–ï–ô \r\n–†–ê–°–°–´–õ–ö–ê –ü–û –ö–û–ù–¢–ê–ö–¢ –§–û–†–ú–ê–ú –°–ê–ô–¢–û–í –õ–Æ–ë–û–ô –°–¢–†–ê–ù–´ - 1450 –†–£–ë–õ–ï–ô –ó–ê 1 –ú–õ–ù –°–û–û–ë–©–ï–ù–ò–ô \r\n \r\n–¶–ï–ù–´ —Å –£–ß–Å–¢–û–ú 50% —Å–∫–∏–¥–∫–∏ –¥–µ–π—Å—Ç–≤—É—é—Ç –¥–æ 15 –º–∞—Ä—Ç–∞! \r\n \r\n–û—Ç—á—ë—Ç –æ –ø—Ä–æ–¥–µ–ª–∞–Ω–Ω–æ–π —Ä–∞–±–æ—Ç–µ \r\n–ì–∞—Ä–∞–Ω—Ç–∏–∏ \r\n–í–æ–'),
  (0, '–≠—Å—Ç–µ–ª–ª–∞', 'gibddruss@mail.ru', '–ü–æ—Å—Ç–∞–Ω–æ–≤–∫–∞ –∞–≤—Ç–æ –Ω–∞ –≤–µ—á–Ω—ã–π —É—á–µ—Ç, —Å–º–µ–Ω–∞ —Å–æ–±—Å—Ç–≤–µ–Ω–Ω–∏–∫–∞, –¥—É–', '–ó–∞–ø—Ä–æ—Å –ø–æ –±–∞–∑–∞–º –∏ –ø–æ–¥–±–æ—Ä –¥–∞–Ω–Ω—ã—Ö –∏–∑ –±–∞–∑ –≥–æ—Å—É–¥–∞—Ä—Å—Ç–≤–µ–Ω–Ω—ã—Ö —Å—Ç—Ä—É–∫—Ç—É—Ä –ì–ò–ë–î–î, –ó–ê–ì–°, –ë–∞–Ω–∫–∏, –ü–∞—Å–ø–æ—Ä—Ç–Ω—ã–π —Å—Ç–æ–ª \r\n–ö–æ–º–ø–ª–µ–∫—Ç—ã –¥–ª—è –ø–µ—Ä–µ–¥–≤–∏–∂–µ–Ω–∏—è, –¥–≤–æ–π–Ω–∏–∫, –≤–µ—á–Ω—ã–π —É—á–µ—Ç, –ª–µ–≥–∞–ª–∏–∑–∞—Ü–∏—è —á–µ—Ä–µ–∑ —Ç–∞–º–æ–∂–Ω—é \r\n–í–æ–¥–∏—Ç–µ–ª—å—Å–∫–æ–µ —É–¥–æ—Å—Ç–æ–≤–µ—Ä–µ–Ω–∏–µ –Ω–∞ –∞–≤—Ç–æ, –≤–æ–¥–Ω—ã–π —Ç—Ä–∞–Ω—Å–ø–æ—Ä—Ç –∏ —Å–µ–ª—å—Ö–æ–∑—Ç–µ—Ö–Ω–∏–∫—É \r\n–ï–¥–∏–Ω—ã–µ –ù–æ—Ç–∞—Ä–∏–∞–ª—å–Ω—ã–µ –ë–'),
  (0, '–°–ª–æ–º–∞–ª—Å—è –Ω–æ—É—Ç–±—É–∫? http://www.crash-', '3333@1111.ru', '436392134', '–°–æ—Ö—Ä–∞–Ω–∏—Ç–µ —ç—Ç–æ –ø–∏—Å—å–º–æ –∏ –Ω–∞—à–∏ –∫–æ–æ—Ä–¥–∏–Ω–∞—Ç—ã! \n–ö–∞–∫ –∏–∑–≤–µ—Å—Ç–Ω–æ, –∫–æ–º–ø—å—é—Ç–µ—Ä—ã –ª–æ–º–∞—é—Ç—Å—è –≤ —Å–∞–º—ã–π –Ω–µ–ø–æ–¥—Ö–æ–¥—è—â–∏–π –º–æ–º–µ–Ω—Ç! \n–í—ã–µ–∑–¥–Ω–æ–π –∫–æ–º–ø—å—é—Ç–µ—Ä–Ω—ã–π —Å–µ—Ä–≤–∏—Å –ø—Ä–µ–¥–ª–∞–≥–∞–µ—Ç —É—Å–ª—É–≥–∏ –ø–æ —Å—Ä–æ—á–Ω–æ–º—É —Ä–µ–º–æ–Ω—Ç—É –∫–æ–º–ø—å—é—Ç–µ—Ä–æ–≤, –Ω–æ—É—Ç–±—É–∫–æ–≤ —Å –±–µ—Å–ø–ª–∞—Ç–Ω–æ–π –¥–∏–∞–≥–Ω–æ—Å—Ç–∏–∫–æ–π, –≥–∞—Ä–∞–Ω—Ç–∏–µ–π –¥–æ {3-—Ö –ª–µ—Ç –∏ –ø–æ —Å–∞–º–æ–π –≤—ã–≥–æ–¥–Ω–æ–π —Ü–µ–Ω–µ! –í—ã–µ–'),
  (0, '–ü–æ—Å—Ç–∏–Ω–≥ –ø–æ–ª–æ–∂–∏—Ç–µ–ª—å–Ω—ã—Ö –æ—Ç–∑—ã', '000@-------.ru', '8006138', '–ó–¥—Ä–∞–≤—Å—Ç–≤—É–π—Ç–µ!\n\n–ó–∞—à–µ–ª –Ω–∞ –í–∞—à —Å–∞–π—Ç, –æ—Ç–∑—ã–≤—ã –æ –í–∞—à–µ–π —Ñ–∏—Ä–º–µ.\n\n–Ø –∑–∞–Ω–∏–º–∞—é—Å—å –ø–æ—Å—Ç–∏–Ω–≥–æ–º –ø–æ–ª–æ–∂–∏—Ç–µ–ª—å–Ω—ã—Ö –∏ –Ω–µ–π—Ç—Ä–∞–ª—å–Ω—ã—Ö –æ—Ç–∑—ã–≤–æ–≤ –∏ —É–ø–æ–º–∏–Ω–∞–Ω–∏–π –Ω–∞ –ª—é–±—ã—Ö —Å–∞–π—Ç–∞—Ö:\n- –°–∞–π—Ç–∞—Ö –æ—Ç–∑–æ–≤–∏–∫–∞—Ö;\n- –§–æ—Ä—É–º–∞—Ö;\n- –ë–ª–æ–≥–∞—Ö;\n- –°–æ—Ü–∏–∞–ª—å–Ω—ã—Ö —Å–µ—Ç—è—Ö;\n- –õ—é–±—ã—Ö –¥—Ä—É–≥–∏—Ö —Å–∞–π—Ç–∞—Ö, –≥–¥–µ –ø—Ä–æ–∏—Å—Ö–æ–¥–∏—Ç –æ–±—Å—É–∂–¥–µ–Ω–∏–µ –í–∞—à–∏—Ö —Ç–æ–≤–∞—Ä–æ–≤ –∏ —É—Å–ª—É–≥.\n\n–†'),
  (0, '–í–∞–Ω–µ—Å—Å–∞', 'v0volk0v@yandex.ru', '–ó–∞—Ä–∞–±–æ—Ç–æ–∫ –≤ –∏–Ω—Ç–µ—Ä–Ω–µ—Ç–µ –¢–û–ü1!', '–î–æ–±—Ä—ã–π –¥–µ–Ω—å, –º–µ–Ω—è –∑–æ–≤—É—Ç –í–ª–∞–¥–∏–º–∏—Ä. \r\n–•–æ—á—É –ø–æ–¥–µ–ª–∏—Ç—å—Å—è –≤–æ–∑–º–æ–∂–Ω–æ—Å—Ç—å—é –∑–∞—Ä–∞–±–æ—Ç–∞—Ç—å, –≤—Å—è –ø–æ–¥—Ä–æ–±–Ω–∞—è –∏–Ω—Ñ–æ—Ä–º–∞—Ü–∏—è —É –º–µ–Ω—è –Ω–∞ —Å–∞–π—Ç–µ!!! \r\n–ë–µ–∑ —Ä–∏—Å–∫–æ–≤, –±–µ–∑ –Ω—É–¥–Ω—ã—Ö —Ä–µ–≥–∏—Å—Ç—Ä–∞—Ü–∏–π, –¥–µ–Ω—å–≥–∏ –º–≥–Ω–æ–≤–µ–Ω–Ω–æ - –∞ —Å–∫–æ–ª—å–∫–æ, –∑–∞–≤–∏—Å–∏—Ç —Ç–æ–ª—å–∫–æ –æ—Ç –í–∞—Å! \r\n–£–¥–∞—á–∏! \r\n \r\nhttps://zarabotok-qiwi-btc.ru/'),
  (0, '–ù–∏–∫–æ–Ω', 'distribution@ampersand-soft.ru', '–°–æ–ø—Ä–æ–≤–æ–∂–¥–µ–Ω–∏–µ –∏ —Ä–∞–∑—Ä–∞–±–æ—Ç–∫–∞ –ø—Ä–æ–≥—Ä–∞–º–º–Ω—ã—Ö –ø—Ä–æ–¥—É–∫—Ç–æ–≤ —Ñ–∏—Ä–', '–ó–¥—Ä–∞–≤—Å—Ç–≤—É–π—Ç–µ ! \r\n \r\n–ú—ã –∫–æ–º–∞–Ω–¥–∞ —Å–ø–µ—Ü–∏–∞–ª–∏—Å—Ç–æ–≤ –æ—Ç–≤–µ—á–∞—é—â–∏—Ö –∑–∞ —Å–ø–µ–∫—Ç—Ä —É—Å–ª—É–≥ –≤ —Å—Ñ–µ—Ä–µ 1–°. \r\n–û—Ç–≤–µ—Ç–∏–º –Ω–∞ –ª—é–±—ã–µ –í–∞—à–∏ –≤–æ–ø—Ä–æ—Å—ã –ø—Ä–æ —Ç–∏–ø–æ–≤—ã–µ –ø—Ä–æ–¥—É–∫—Ç—ã –∏–ª–∏ –ø—Ä–æ –ø—Ä–æ–≥—Ä–∞–º–º—ã —Å—Ç–æ—Ä–æ–Ω–Ω–∏—Ö –∫–æ–º–ø–∞–Ω–∏–π. \r\n–í—Å–µ–≥–¥–∞ –≥–æ—Ç–æ–≤—ã –∫ –¥–∏–∞–ª–æ–≥—É –∏ –∂–¥–µ–º –í–∞—à–∏—Ö –ø—Ä–µ–¥–ª–æ–∂–µ–Ω–∏–π. \r\n \r\n–ü–æ–º–æ–∂–µ–º –í–∞–º: \r\n–ù–∞—Å—Ç—Ä–æ–∏—Ç—å —É—á–µ—Ç –ø–æ –§–ò–§–û –∏–ª–∏ —Å—Ä–µ–¥–Ω–µ–≤–∑'),
  (0, '—Ç–∞–∏—Å—å—è', 'olesya77790@mail.ru', '–°–±–æ—Ä –ø–µ—Ä—Å–æ–Ω–∞–ª—å–Ω–æ–π –±–∞–∑—ã –∏–∑ —è–Ω–¥–µ–∫—Å –∫–∞—Ä—Ç –∑–∞ 990—Ä', '–°–±–æ—Ä –ø–µ—Ä—Å–æ–Ω–∞–ª—å–Ω–æ–π –±–∞–∑—ã –æ—Ä–≥–∞–Ω–∏–∑–∞—Ü–∏–π –∏–∑ —è–Ω–¥–µ–∫—Å –∫–∞—Ä—Ç –∑–∞ 990—Ä \r\n–í–∞–º –Ω—É–∂–Ω–æ –ª–∏—à—å —É–∫–∞–∑–∞—Ç—å –∫–ª—é—á–µ–≤—ã–µ —Å–ª–æ–≤–∞ –¥–ª—è –ø–æ–∏—Å–∫–∞ –∏ —Ä–µ–≥–∏–æ–Ω \r\n \r\n–ú—ã –ø—Ä–µ–¥–æ—Å—Ç–∞–≤–ª—è–µ–º –ª—é–±—ã–µ –±–∞–∑—ã –ø–æ —Ñ–∏–∑–∏—á–µ—Å–∫–∏–º –∏ —é—Ä–∏–¥–∏—á–µ—Å–∫–∏–º –ª–∏—Ü–∞–º –†–æ—Å—Å–∏–∏, –ë–µ–ª–∞—Ä—É—Å–∏,  –£–∫—Ä–∞–∏–Ω—ã –ò –°–ù–ì \r\n–û–±–Ω–æ–≤–ª–µ–Ω–∏–µ –±–∞–∑ –º–∞—Ä—Ç 2019! \r\n \r\n–ù–µ –æ—Ç–≤–µ—á–∞–π—Ç–µ –Ω–∞ —ç—Ç–æ —Å–æ–æ–±—â–µ–Ω–∏–µ —Å–æ '),
  (0, '–ú–∏—Ä–∞—Ç', 'advisorsite.online@yandex.ru', '–ö–∞–∫ —ç–∫–æ–Ω–æ–º–∏—Ç—å –Ω–∞ —Ä–µ–∫–ª–∞–º–µ —Å–∞–π—Ç–∞?', '–ü–ª–∞—Ç–∏—Ç–µ –¥–µ–Ω—å–≥–∏ –∑–∞ —Ä–µ–∫–ª–∞–º—É —Å–∞–π—Ç–∞ –Ω–æ –Ω–µ –ø–æ–Ω–∏–º–∞—Ç–µ—Ç–µ –µ–µ —ç—Ñ—Ñ–µ—Ç–∏–≤–Ω–æ—Å—Ç–∏? \r\n \r\n–í—ã—è—Å–Ω–∏–º —ç—Ñ—Ñ–µ–∫—Ç–∏–≤–Ω–æ—Å—Ç—å —Ç—Ä–∞—Ç \r\n–∫–∞–∂–¥–æ–≥–æ —Ä—É–±–ª—è –∏–∑ —Ä–µ–∫–ª–∞–º–Ω–æ–≥–æ –±—é–¥–∂–µ—Ç–∞! \r\n \r\n–í–ï–†–ù–ï–ú –î–ï–ù–¨–ì–ò, –ï–°–õ–ò –ù–ï –ü–û–ú–û–ñ–ï–ú –ò–• –°–≠–ö–û–ù–û–ú–ò–¢–¨! \r\n \r\n–í–∞—à —Å–æ–≤–µ—Ç–Ω–∏–∫ –¥–ª—è —Å–∞–π—Ç–∞ https://advisorsite.online/ \r\n \r\n–í–∏–¥–µ–æ–æ–±–∑–æ—Ä —Å–µ—Ä–≤–∏—Å–∞ (6 –º–∏–Ω—É—Ç) https://youtu.be/E9Ls28LPIqI \r\n \r\n'),
  (0, '–ò–ù–¢–ï–†–ù–ï–¢-–ú–ê–ì–ê–ó–ò–ù –ë–ê–ó –î–ê–ù–ù–´–', '1111111@-----.com', '14057362', '–ò–ù–¢–ï–†–ù–ï–¢-–ú–ê–ì–ê–ó–ò–ù –ë–ê–ó –õ–Æ–ë–´–• –ö–û–ú–ü–ê–ù–ò–ô –í –§–û–†–ú–ê–¢–ï MS EXEL\n\n–î–∞–Ω–Ω—ã–µ –±–∞–∑—ã —ç—Ç–æ - —Ö–æ—Ä–æ—à–∏–π –∏—Å—Ç–æ—á–Ω–∏–∫ –¥–ª—è:\n- —Ö–æ–ª–æ–¥–Ω–æ–≥–æ –æ–±–∑–≤–æ–Ω–∞ –ø–æ —Ñ–∏—Ä–º–∞–º;\n- –ª—é–±—ã—Ö –º–µ—Ç–æ–¥–æ–≤ –ø–æ—á—Ç–æ–≤—ã—Ö —Ä–∞—Å—Å—ã–ª–æ–∫;\n- –¥—Ä—É–≥–∏—Ö –º–∞—Ä–∫–µ—Ç–∏–Ω–≥–æ–≤—ã—Ö —Ü–µ–ª–µ–π.\n\n–ü—Ä–∏–æ–±—Ä–µ—Å—Ç–∏ –±–∞–∑—ã –¥–∞–Ω–Ω—ã—Ö –≤–æ–∑–º–æ–∂–Ω–æ –Ω–∞ —Å–∞–π—Ç–µ: http://www-bauma-com.ru/base'),
  (0, '79315910356', 'shoptxt@list.ru', '79315910356', '–ó–¥—Ä–∞–≤—Å—Ç–≤—É–π—Ç–µ, –≤—ã –ø–∏—à–µ—Ç–µ —Å—Ç–∞—Ç—å–∏ –Ω–∞ —Å–∞–π—Ç—ã —Å–∞–º–∏? –ú—ã –∑–∞–Ω–∏–º–∞–µ–º—Å—è –≤–æ—Å—Å—Ç–∞–Ω–æ–≤–ª–µ–Ω–∏–µ–º —É–Ω–∏–∫–∞–ª—å–Ω—ã—Ö —Å—Ç–∞—Ç—å–µ–π, –∏–∑ —É–¥–∞–ª–µ–Ω–Ω—ã—Ö –∏–∑ –∏–Ω—Ç–µ—Ä–Ω–µ—Ç–∞ —Å–∞–π—Ç–æ–≤. \r\n–ü—Ä–µ–¥–ª–∞–≥–∞–µ–º —Å–Ω–∞–±–∂–∞—Ç—å –≤–∞—Å –∫–æ–Ω—Ç–µ–Ω—Ç–æ–º. \r\n –°—Ç–∞—Ç—å–∏ —Ä–∞–∑–¥–∞–µ–º –±–µ—Å–ø–ª–∞—Ç–Ω–æ, –ø–µ—Ä–µ—Ö–æ–¥–∏—Ç–µ –∫ –Ω–∞–º - shoptxt.ru/cont2.php \r\n –û—Ç–ø–∏—Å–∞—Ç—å—Å—è –æ—Ç —Ä–∞—Å—Å—ã–ª–∫–∏ -http://shoptxt.ru/dell.php?dell=XN----7SBF'),
  (0, 'shoptxt@list.ru', 'shoptxt@list.ru', 'shoptxt@list.ru', '–ó–¥—Ä–∞–≤—Å—Ç–≤—É–π—Ç–µ, –≤—ã –ø–∏—à–µ—Ç–µ —Å—Ç–∞—Ç—å–∏ –Ω–∞ —Å–∞–π—Ç—ã —Å–∞–º–∏? –ú—ã –∑–∞–Ω–∏–º–∞–µ–º—Å—è –≤–æ—Å—Å—Ç–∞–Ω–æ–≤–ª–µ–Ω–∏–µ–º —É–Ω–∏–∫–∞–ª—å–Ω—ã—Ö —Å—Ç–∞—Ç—å–µ–π, –∏–∑ —É–¥–∞–ª–µ–Ω–Ω—ã—Ö –∏–∑ –∏–Ω—Ç–µ—Ä–Ω–µ—Ç–∞ —Å–∞–π—Ç–æ–≤. \r\n–ü—Ä–µ–¥–ª–∞–≥–∞–µ–º —Å–Ω–∞–±–∂–∞—Ç—å –≤–∞—Å –∫–æ–Ω—Ç–µ–Ω—Ç–æ–º. \r\n –°—Ç–∞—Ç—å–∏ —Ä–∞–∑–¥–∞–µ–º –±–µ—Å–ø–ª–∞—Ç–Ω–æ, –ø–µ—Ä–µ—Ö–æ–¥–∏—Ç–µ –∫ –Ω–∞–º - shoptxt.ru/cont2.php \r\n –û—Ç–ø–∏—Å–∞—Ç—å—Å—è –æ—Ç —Ä–∞—Å—Å—ã–ª–∫–∏ -http://shoptxt.ru/dell.php?dell=XN----7SBF'),
  (0, '–≠–ª–µ–∫—Ç—Ä–æ–Ω–Ω—ã–µ —Ä–∞—Å—Å—ã–ª–∫–∏: http://su', 'goyeteqg@hotmail.com', '949030', '–ü—Ä–µ–¥–ª–∞–≥–∞–µ–º —ç–ª–µ–∫—Ç—Ä–æ–Ω–Ω—ã–µ —Ä–∞—Å—Å—ã–ª–∫–∏ –ø–æ –∞—É–¥–∏—Ç–æ—Ä–∏–∏:\n- –õ—é–±—ã–µ –≥–æ—Ä–æ–¥–∞ –†–§\n- –ú–æ—Å–∫–≤–∞ –∏ –ú–æ—Å–∫–æ–≤—Å–∫–∞—è –û–±–ª–∞—Å—Ç—å\n- –°–ü–ë\n- –§–∏—Ä–º—ã –Ω–µ–æ–±—Ö–æ–¥–∏–º—ã—Ö –æ—Ç—Ä–∞—Å–ª–µ–π –±–∏–∑–Ω–µ—Å–∞\n- –í—Å–µ —Å—Ç—Ä–∞–Ω—ã –º–∏—Ä–∞\n\n–ü–æ—Å–µ—Ç–∏—Ç–µ –Ω–∞—à —Å–∞–π—Ç: http://www-akolet.ru/send'),
  (0, '–ü–æ—Å—Ç–∏–Ω–≥ —É–ø–æ–º–∏–Ω–∞–Ω–∏–π –∏ –æ—Ç–∑—ã–≤–', '111@------.com', '96540367', '–•–æ—á—É –ø—Ä–µ–¥–ª–æ–∂–∏—Ç—å –Ω–æ–≤—ã–π —ç—Ñ—Ñ–µ–∫—Ç–∏–≤–Ω—ã–π —Å–ø–æ—Å–æ–± –º–∞—Ä–∫–µ—Ç–∏–Ω–≥–∞ - \"—Ä–µ–∫–ª–∞–º–∞ —É–ø–æ–º–∏–Ω–∞–Ω–∏—è–º–∏ –∏ –æ—Ç–∑—ã–≤–∞–º–∏\" –Ω–∞ —Ñ–æ—Ä—É–º–∞—Ö, –±–ª–æ–≥–∞—Ö, —Å–µ—Ä–≤–∏—Å–∞—Ö –≤–æ–ø—Ä–æ—Å–æ–≤-–æ—Ç–≤–µ—Ç–æ–≤, —Å—Ç–∞—Ç—å—è—Ö, —Å–æ—Ü–∏–∞–ª—å–Ω—ã—Ö —Å–µ—Ç—è—Ö –∏ –Ω–∞ –ª—é–±—ã—Ö –¥—Ä—É–≥–∏—Ö —Å–∞–π—Ç–∞—Ö.\n\n–£–ø–æ–º–∏–Ω–∞–Ω–∏—è —Ä–∞–∑–º–µ—â–∞—é—Ç—Å—è –Ω–∞ —Å—Ç—Ä–∞–Ω–∏—Ü–∞—Ö —Å–∞–π—Ç–æ–≤, –Ω–∞ –∫–æ—Ç–æ—Ä—ã—Ö –∏–¥–µ—Ç –æ–±—Å—É–∂–¥–µ–Ω–∏–µ –í–∞—à–µ–≥–æ —Ç–æ–≤–∞—Ä–∞ '),
  (0, '–º—É—à–∞', 'gunszor@scryptmail.com', '–¢—Ä–∞–≤–º–∞—Ç-–ê–≤—Ç–æ–º–∞—Ç –∏–ª–∏ –ø–∏—Å—Ç–æ–ª–µ—Ç –ú–∞–∫–∞—Ä–æ–≤–∞ —Å –≥–ª—É—à–∏—Ç–µ–ª–µ–º', '–ó–≤–µ—Ä—Å–∫–∏ —É–±–æ–π–Ω—ã–µ —Ç—Ä–∞–≤–º–∞—Ç–∏—á–µ—Å–∫–∏–µ-–∞–≤—Ç–æ–º–∞—Ç–∏—á–µ—Å–∫–∏–µ 25-—Ç–∏ –∑–∞—Ä—è–¥–Ω—ã–µ –ø–∏—Å—Ç–æ–ª–µ—Ç—ã –±–µ–∑ –ª–∏—Ü–µ–Ω–∑–∏–π, —Ä–∞–∑—Ä–µ—à–µ–Ω–∏–π –∏ –ø—Ä–æ—á–µ–π —É–Ω—ã–ª–æ–π –º–∞—è—Ç—ã. –ë–æe–≤—ã–µ –ü–∏—Å—Ç–æ–ª–µ—Ç—ã –ú–∞–∫–∞—Ä–æ–≤–∞ —Å –≥–ª—É—à–∏—Ç–µ–ª—è–º–∏, –º–æ–¥–∏—Ñ–∏—Ü–∏—Ä–æ–≤–∞–Ω–Ω—ã–µ. –ó–∞—Ö–æ—Ç–µ–ª = –∫—É–ø–∏–ª. –ü—Ä–æ—Å—Ç–æ, –±—ã—Å—Ç—Ä–æ, –Ω–∞–¥–µ–∂–Ω–æ. \r\n–ü–æ–¥—Ä–æ–±–Ω–µ–π—à–∏–µ –≤–∏–¥–µ–æ–æ–±–∑–æ—Ä—ã –∏ –∏–Ω—Ñ–æ—Ä–º–∞—Ü–∏—é –æ –Ω–∞—à–µ–º –ø—Ä–µ–¥–ª–'),
  (0, '–î–µ–Ω–∏—Å', '111111@3333333.com', '900423425', '–ñ–µ–ª–∞–µ—Ç–µ –ø–æ–ª—É—á–∏—Ç—å –±–æ–ª—å—à–µ –Ω–æ–≤—ã—Ö –∑–∞–∫–∞–∑—á–∏–∫–æ–≤?\n\n–£ –Ω–∞—Å –≤ –Ω–∞–ª–∏—á–∏–∏ —Ä–∞–∑–Ω—ã–µ —Ä–µ–≥–∏–æ–Ω—ã:\n-\n- –ö–æ–º–ø–∞–Ω–∏–∏ –≤—Å–µ—Ö –æ—Ç—Ä–∞—Å–ª–µ–π\n- –¢–∞—Ä–≥–µ—Ç–∏–Ω–≥ –ø–æ —Å—Ç—Ä–∞–Ω–∞–º –º–∏—Ä–∞\n- –ú–æ–∂–Ω–æ —Å–æ–±—Ä–∞—Ç—å –Ω–µ–æ–±—Ö–æ–¥–∏–º—É—é –±–∞–∑—É –ø–æ –í–∞—à–µ–º—É —Ç—Ä–µ–±–æ–≤–∞–Ω–∏—é\n–¶–µ–Ω–∞ –æ—Ç–ø—Ä–∞–≤–∫–∏ 1000000 –ø–∏—Å–µ–º —Å–æ—Å—Ç–∞–≤–ª—è–µ—Ç –≤—Å–µ–≥–æ 3 900 —Ä—É–±–ª–µ–π.\n\n–¢–∞–∫–∂–µ –º–æ–∂–µ–º –ø—Ä–µ–¥–ª–æ–∂–∏—Ç—å –≤–∞—Ä–∏–∞–Ω—Ç—ã:\n- –ü—Ä–æ–'),
  (0, '–ü—Ä–æ–¥–∞–∂–∞ –∏ –æ–±—Å–ª—É–∂–∏–≤–∞–Ω–∏–µ –∫–∞—Å—', '------@---.ru', '5677036', '–ü—Ä–µ–¥–ª–∞–≥–∞–µ–º –ø—Ä–æ–¥–∞–∂—É –∏ –æ–±—Å–ª—É–∂–∏–≤–∞–Ω–∏–µ –∫–∞—Å—Å–æ–≤—ã—Ö –∞–ø–ø–∞—Ä–∞—Ç–æ–≤, –∞ —Ç–∞–∫–∂–µ –∑–∞–º–µ–Ω—É —Ñ–∏—Å–∫–∞–ª—å–Ω–æ–≥–æ –Ω–∞–∫–æ–ø–∏—Ç–µ–ª—è.\n\n- –î–æ—Å—Ç–∞–≤–∫–∞ –ø–æ –†–æ—Å—Å–∏–∏\n- –ï–∂–µ–¥–Ω–µ–≤–Ω–∞—è —Ç–µ—Ö–ø–æ–¥–¥–µ—Ä–∂–∫–∞\n- –í—ã–ø–æ–ª–Ω–µ–Ω–∏–µ –∑–∞–∫–∞–∑–∞ –≤ –ø–æ—Å—Ç–∞–≤–ª–µ–Ω–Ω—ã–π —Å—Ä–æ–∫\n- –î–æ—Å—Ç—É–ø–Ω—ã–µ —Ü–µ–Ω—ã\n- –ì–∞—Ä–∞–Ω—Ç–∏—è –Ω–∞ –≤—Å–µ —Ä–∞–±–æ—Ç—ã\n- –ò–Ω–¥–∏–≤–∏–¥—É–∞–ª—å–Ω—ã–π –ø–æ–¥—Ö–æ–¥\n- –°–∫–∏–¥–∫–∏ –ø–æ—Å—Ç–æ—è–Ω–Ω—ã–º –∫–ª–∏–µ–Ω—Ç–∞'),
  (0, '–ë–æ–∏—à—å—Å—è –æ–±–ª—ã—Å–µ–Ω–∏—è? http://www.5day', '0000@------.ru', '586566999', '–Ø, –î–º–∏—Ç—Ä–∏–π –ê–≥–∞–ø–æ–≤, —Ä–∞—Å—Å–∫–∞–∂—É —Ç–µ–±–µ, –∫–∞–∫ —è –æ—Å—Ç–∞–Ω–æ–≤–∏–ª –≤—ã–ø–∞–¥–µ–Ω–∏–µ —Å–≤–æ–∏—Ö –≤–æ–ª–æ—Å –≤—Å–µ–≥–æ –∑–∞ 5 –¥–Ω–µ–π!\n–¢–µ–±–µ –ø–æ–Ω–∞–¥–æ–±–∏—Ç—å—Å—è –≤—Å–µ–≥–æ –Ω–µ—Å–∫–æ–ª—å–∫–æ –º–∏–Ω—É—Ç –∫–∞–∂–¥—ã–π –¥–µ–Ω—å.\n–ü–µ—Ä–≤—ã–µ –∏–∑–º–µ–Ω–µ–Ω–∏—è —Å—Ç–∞–Ω—É—Ç –∑–∞–º–µ—Ç–Ω—ã —É–∂–µ —á–µ—Ä–µ–∑ —Ç—Ä–∏ –¥–Ω—è\nhttp://asmus-services.ru/1969'),
  (0, '–§–∞–Ω–∑–∏–ª—å', 'hosting.consultant.plus@gmail.com', '–•–æ—Å—Ç–∏–Ω–≥ —Å –±–µ—Å–ø–ª–∞—Ç–Ω—ã–º–∏ HTTPS', '–í–∞—à —Å–∞–π—Ç –¥–æ —Å–∏—Ö –ø–æ—Ä –Ω–µ –∏—Å–ø–æ–ª—å–∑—É–µ—Ç –±–µ–∑–æ–ø–∞—Å–Ω–æ–µ HTTPS —Å–æ–µ–¥–∏–Ω–µ–Ω–∏–µ? –í –±–ª–∏–∂–∞–π—à–µ–µ –≤—Ä–µ–º—è –í—ã —Ä–∏—Å–∫—É–µ—Ç–µ –ø–æ—Ç–µ—Ä—è—Ç—å –¥–æ 40% —Ç—Ä–∞—Ñ–∏–∫–∞! –û –≤–∞–∂–Ω–æ—Å—Ç–∏ –∏—Å–ø–æ–ª—å–∑–æ–≤–∞–Ω–∏—è –±–µ–∑–æ–ø–∞—Å–Ω–æ–≥–æ HTTPS —Å–æ–µ–¥–∏–Ω–µ–Ω–∏—è –∑–∞–≥–æ–≤–æ—Ä–∏–ª–∞ –¥–∞–∂–µ –ø–æ–∏—Å–∫–æ–≤–∞—è —Å–∏—Å—Ç–µ–º–∞ ¬´–Ø–Ω–¥–µ–∫—Å¬ª, –∫–æ—Ç–æ—Ä–∞—è –æ–±–µ—Å–ø–µ—á–∏–≤–∞–µ—Ç –æ—Å–Ω–æ–≤–Ω—ã–º —Ç—Ä–∞—Ñ–∏–∫–æ–º –±–æ–ª—å—à–∏–Ω—Å—Ç–≤–æ –†–æ—Å—Å–∏–π—Å–∫–'),
  (0, '–ü–æ—Å–ª–∞–Ω–∏–µ, –∫–æ—Ç–æ—Ä–æ–µ –í—ã —Å–µ–π—á–∞—Å', '111@----.com', '736260292', '–ù–∞—à–∞ —Ñ–∏—Ä–º–∞ –º–Ω–æ–≥–æ –ª–µ—Ç –∑–∞–Ω–∏–º–∞–µ—Ç—Å—è {—Ä–µ–∫–ª–∞–º–æ–π –≤ –∏–Ω—Ç–µ—Ä–Ω–µ—Ç–µ|–∏–Ω—Ç–µ—Ä–Ω–µ—Ç —Ä–µ–∫–ª–∞–º–æ–π|—Ä–∞—Å—Å—ã–ª–∫–∞–º–∏|—Ä–∞–∑–º–µ—â–µ–Ω–∏–µ–º —Ä–µ–∫–ª–∞–º—ã –≤ –∏–Ω—Ç–µ—Ä–Ω–µ—Ç–µ|–ª—é–±—ã–º–∏ –≤–∏–¥–∞–º–∏ —Ä–∞—Å—Å—ã–ª–æ–∫|—Ä–∞–∑–ª–∏—á–Ω—ã–º–∏ —Å–ø–æ—Å–æ–±–∞–º\n–¢–∞–∫–∞—è —Ä–∞—Å—Å—ã–ª–∫–∞ - –æ–±–µ—Å–ø–µ—á–∏—Ç –º–æ–º–µ–Ω—Ç–∞–ª—å–Ω—ã–π –ø–æ—Ç–æ–∫ –Ω–æ–≤—ã—Ö –ø–æ—Ç–µ–Ω—Ü–∏–∞–ª—å–Ω—ã—Ö –∫–ª–∏–µ–Ω—Ç–æ–≤.\n\n- –°–∞–º—ã–µ –Ω–∏–∑–∫–∏–µ —Ü–µ–Ω—ã –Ω–∞ —Ä—ã–Ω–∫–µ;\n- –í—ã –ø–æ'),
  (0, '–†—É–ª—è', 'pr999888777@mail.ru', 'http://–≤—Å–µ–∑–¥–æ—Ä–æ–≤—ã.—Ä—Ñ –û–ó–¥–æ—Ä–æ–≤–ª–µ–Ω–∏–µ –æ—Ç –ø—Ä–∏—Ä–æ–¥—ã', '–£–Ω–∏–∫–∞–ª—å–Ω—ã–µ —Ä–µ—Ü–µ–ø—Ç—ã –∑–¥–æ—Ä–æ–≤—å—è –¥—Ä–µ–≤–Ω–æ—Å—Ç–∏ —Å–æ –≤—Å–µ–≥–æ –º–∏—Ä–∞ ... \r\n–±—Ä–æ—Å–∏—Ç—å –∫—É—Ä–∏—Ç—å ? –û—á–∏—Å—Ç–∏—Ç—å –æ—Ä–≥–∞–Ω–∏–∑–º ? –õ–∏—à–Ω–∏–π –≤–µ—Å ? –¥–µ–ø—Ä–µ—Å—Å–∏—è? –ë–æ–ª—å–Ω—ã–µ —Å—É—Å—Ç–∞–≤—ã ? –ë–µ—Å—Å–æ–Ω–Ω–∏—Ü–∞ ? –ü—Ä–æ–±–ª–µ–º—ã —Å–æ –∑–¥–æ—Ä–æ–≤—å–µ–º –∏ –Ω–∏–∫—Ç–æ –Ω–µ –º–æ–∂–µ—Ç –ø–æ–º–æ—á—å ? \r\n–ü—Ä–æ–≥—Ä–∞–º–º–∞ –æ–∑–¥–æ—Ä–æ–≤–ª–µ–Ω–∏—è –†–§ –æ—Ç –ª—É—á—à–∏—Ö –ø—Ä–æ–∏–∑–≤–æ–¥–∏—Ç–µ–ª–µ–π , –ø—Ä–æ—Ñ–µ—Å—Å–æ—Ä–æ–≤ , –¥–æ–∫—Ç–æ—Ä–æ–≤ , –±–∏');
INSERT INTO altairmsg VALUES
  (0, 'skyreveryTeask', 'malinoleg91@mail.ru', '–ê—Ä–µ–Ω–¥–∞ —á–∞—Å—Ç–Ω–æ–≥–æ —Å–∞–º–æ–ª–µ—Ç–∞ —Å —ç–∫–∏–ø–∞–∂–µ–º', 'https://skyrevery.ru/yslygi/arenda-vertoleta/ - –ê—Ä–µ–Ω–¥–∞ –≤–µ—Ä—Ç–æ–ª–µ—Ç–∞        -  –ø–æ–¥—Ä–æ–±–Ω–µ–µ –Ω–∞ –Ω–∞—à–µ–º —Å–∞–π—Ç–µ https://skyrevery.ru - skyrevery.ru \r\nhttps://skyrevery.ru/ - –ê—Ä–µ–Ω–¥–∞ —á–∞—Å—Ç–Ω–æ–≥–æ —Å–∞–º–æ–ª–µ—Ç–∞ —Å —ç–∫–∏–ø–∞–∂–µ–º –≤ –∫–æ–º–ø–∞–Ω–∏–∏ SkyRevery ‚Äì —ç—Ç–æ –≤—ã–±–æ—Ä —Ç–µ—Ö, –∫—Ç–æ —Ü–µ–Ω–∏—Ç —Å–≤–æ–µ –≤—Ä–µ–º—è –∏ –∂–∏–≤–µ—Ç –ø–æ —Å–≤–æ–µ–º—É —Ä–∞—Å–ø–∏—Å–∞–Ω–∏—é! \r\n–ê—Ä–µ–Ω–¥–∞ —á–∞—Å—Ç–Ω–æ–≥–æ —Å–∞–º–æ–ª–µ—Ç–∞ –ø–æ–º–æ–≥–∞–µ—Ç —ç–∫–æ–Ω–æ–º–∏—Ç—'),
  (0, 'averena24Teask', 'valentinxomyakow89@mail.ru', '–ú–µ–¥–∫–Ω–∏–∂–∫–∏ –≤ –ö—Ä–∞—Å–Ω–æ—è—Ä—Å–∫–µ', 'http://averena24.ru - —Å–∞–Ω–∏—Ç–∞—Ä–Ω–∞—è –∫–Ω–∏–∂–∫–∞ –ø—Ä–æ–¥–ª–µ–Ω–∏–µ 1 –¥–µ–Ω—å  -  –ø–æ–¥—Ä–æ–±–Ω–µ–µ –Ω–∞ –Ω–∞—à–µ–º —Å–∞–π—Ç–µ https://averena24.ru - averena24.ru \r\n–õ–∏—á–Ω–∞—è https://averena24.ru - –º–µ–¥–∏—Ü–∏–Ω—Å–∫–∞—è –∫–Ω–∏–∂–∫–∞ (https://averena24.ru - —Å–∞–Ω–∏—Ç–∞—Ä–Ω–∞—è –∫–Ω–∏–∂–∫–∞) - –æ—Ñ–∏—Ü–∏–∞–ª—å–Ω—ã–π –¥–æ–∫—É–º–µ–Ω—Ç —Å—Ç—Ä–æ–≥–æ–π –æ—Ç—á–µ—Ç–Ω–æ—Å—Ç–∏. –í —Å–∞–Ω–∏—Ç–∞—Ä–Ω–æ–π –∫–Ω–∏–∂–∫–µ –æ—Ç—Ä–∞–∂–∞—é—Ç—Å—è –≤—Å–µ –¥–∞–Ω–Ω—ã–µ –æ —Ä–µ–∑—É–ª—å—Ç–∞—Ç–∞—Ö –ø–µ—Ä–∏–æ–¥'),
  (0, 'stroyCrarf', 'sappdoresym1966@plusgmail.ru', '–°—Ç—Ä–æ–∏—Ç–µ–ª—å—Å—Ç–≤–æ –≤ –ö—Ä—ã–º—É', '<a href=http://krym-stroy.ru>–°—Ç—Ä–æ–∏—Ç–µ–ª—å–Ω–∞—è –∫–æ–º–ø–∞–Ω–∏—è –≤ –ö—Ä—ã–º—É</a>  - –ø–æ–¥—Ä–æ–±–Ω–µ–µ –Ω–∞ —Å–∞–π—Ç–µ <a href=http://krym-stroy.ru>krym-stroy.ru</a>'),
  (0, '–ö–∞–∫ –∏–∑–±–µ–∂–∞—Ç—å —Å—É–±—Å–∏–¥–∏–∞—Ä–Ω–æ–π –', '3333333@333.com', '30195029', '–í—ã—à–ª–∞ –Ω–æ–≤–∞—è –∫–Ω–∏–≥–∞ –°—É–±—Å–∏–¥–∏–∞—Ä–Ω–∞—è –æ—Ç–≤–µ—Ç—Å—Ç–≤–µ–Ω–Ω–æ—Å—Ç—å: —Ç–µ–Ω–¥–µ–Ω—Ü–∏–∏ —Å–æ–≤—Ä–µ–º–µ–Ω–Ω–æ–≥–æ –º–µ–Ω–µ–¥–∂–º–µ–Ω—Ç–∞\n–ï—Å–ª–∏ –í—ã —Ö–æ—Ç–∏—Ç–µ –∑–∞—â–∏—Ç–∏—Ç—å —Å–µ–±—è –æ—Ç –ø—Ä–∏–≤–ª–µ—á–µ–Ω–∏—è –∫ —Å—É–±—Å–∏–¥–∏–∞—Ä–Ω–æ–π –æ—Ç–≤–µ—Ç—Å—Ç–≤–µ–Ω–Ω–æ—Å—Ç–∏\n–ï—Å–ª–∏ –≤—ã —Ö–æ—Ç–∏—Ç–µ –ø–æ–ª—É—á–∏—Ç—å –¥–æ–ª–≥ –∑–∞ —Å—á–µ—Ç –ø—Ä–∏–≤–ª–µ—á–µ–Ω–∏—è –∫ —Å—É–±—Å–∏–¥–∏–∞—Ä–Ω–æ–π –æ—Ç–≤–µ—Ç—Å—Ç–≤–µ–Ω–Ω–æ—Å—Ç–∏ –¥–æ–ª–∂–Ω–∏–∫–∞\n–ö–Ω–∏–≥–∞ —Ä–µ–∫–æ–º–µ–Ω–¥—É–µ—Ç—Å—è'),
  (0, '–ü—É—Ç–µ—à–µ—Å—Ç–≤–∏–µ –ø–æ –¥–∂—É–Ω–≥–ª—è–º —Å –≥', '-------@------.com', '9523434', '–ü—Ä–∏–≥–ª–∞—à–∞–µ–º —Å–æ–≤–µ—Ä—à–∏—Ç—å —ç–∫—Å–∫–ª—é–∑–∏–≤–Ω—ã–µ –ø—É—Ç–µ—à–µ—Å—Ç–≤–∏—è –ù–ï –î–õ–Ø –í–°–ï–•\n–£–≤–ª–µ–∫–∞—Ç–µ–ª—å–Ω—ã–µ –ø—É—Ç–µ—à–µ—Å—Ç–≤–∏—è –Ω–∞ –ö–∏–ª–∏–º–∞–Ω–¥–∂–∞—Ä–æ\n–ü–æ—Å–µ—Ç–∏—Ç–µ —Ñ–µ—Å—Ç–∏–≤–∞–ª—å –ü–∞–ø—É–∞ –∏ –ö–æ–º–æ–¥–æ \nhttp://exclusive-travels.ru'),
  (0, '–ü–æ—Å—Ç–∏–Ω–≥ –ø–æ–ª–æ–∂–∏—Ç–µ–ª—å–Ω—ã—Ö –æ—Ç–∑—ã', '------@3333333.com', '053014221', '–ó–¥—Ä–∞–≤—Å—Ç–≤—É–π—Ç–µ!\n\n–ó–∞—à–µ–ª –Ω–∞ –í–∞—à —Å–∞–π—Ç, –ø–æ—á–∏—Ç–∞–ª –æ—Ç–∑—ã–≤—ã –æ –í–∞—à–µ–π —Ñ–∏—Ä–º–µ.\n\n–Ø –∑–∞–Ω–∏–º–∞—é—Å—å —Ä–∞–∑–º–µ—â–µ–Ω–∏–µ–º –ø–æ–ª–æ–∂–∏—Ç–µ–ª—å–Ω—ã—Ö –æ—Ç–∑—ã–≤–æ–≤ –∏ —É–ø–æ–º–∏–Ω–∞–Ω–∏–π –Ω–∞ —Å–∞–π—Ç–∞—Ö:\n- –°–∞–π—Ç–∞—Ö –æ—Ç–∑—ã–≤–æ–≤;\n- –§–æ—Ä—É–º–∞—Ö;\n- –ë–ª–æ–≥–∞—Ö;\n- –°–æ—Ü–∏–∞–ª—å–Ω—ã—Ö —Å–µ—Ç—è—Ö;\n- –õ—é–±—ã—Ö –¥—Ä—É–≥–∏—Ö —Å–∞–π—Ç–∞—Ö, –≥–¥–µ –æ–±—Å—É–∂–¥–∞—é—Ç—Å—è –í–∞—à–∏ —Ç–æ–≤–∞—Ä—ã –∏ —É—Å–ª—É–≥–∏.\n\n–†–∞–∑–º–µ—â–µ–Ω–∏–µ –æ—Ç–∑—ã–≤–æ–≤ –≤–æ–∑–º–'),
  (0, '–ù–∞–π–¥–µ–º –ª–∏–¥—ã –¥–ª—è –í–∞—à–µ–π –æ—Ä–≥–∞–Ω', '1111@000000.ru', '19418250', '–ó–¥—Ä–∞–≤—Å—Ç–≤—É–π—Ç–µ!\n\n–ü—Ä–µ–¥–ª–∞–≥–∞—é –∏—Å–∫–∞—Ç—å \"–ª–∏–¥—ã\" –¥–ª—è –í–∞—à–µ–π —Ñ–∏—Ä–º—ã (–ø–æ—Ç–µ–Ω—Ü–∏–∞–ª—å–Ω–æ –∑–∞–∏–Ω—Ç–µ—Ä–µ—Å–æ–≤–∞–Ω–Ω—ã—Ö –ª—é–¥–µ–π).\n\n–ù–∞—à —Å–µ—Ä–≤–∏—Å –∑–∞–Ω–∏–º–∞–µ—Ç—Å—è –ø—Ä–æ–¥–∞–∂–µ–π –∑–∞—è–≤–æ–∫ –∑–∞–∏–Ω—Ç–µ—Ä–µ—Å–æ–≤—ã–≤–∞–≤—à–∏—Ö—Å—è –∑–∞–∫–∞–∑—á–∏–∫–æ–≤ –Ω–∞ –ª—é–±—ã–µ —É—Å–ª—É–≥–∏ –∏ —Ç–æ–≤–∞—Ä—ã.\n\n–î–∞–Ω–Ω–∞—è –∑–∞—è–≤–∫–∞ –Ω–∞–∑—ã–≤–∞–µ—Ç—Å—è - \"–õ–∏–¥\".\n\n–ù–∞—à–∏ –ø—Ä–µ–∏–º—É—â–µ—Å—Ç–≤–∞:\n- –í—Å–µ –ª–∏–¥—ã –ø—Ä–æ—Ö–æ–¥—è—Ç —Ä—É—á–Ω—É—é –º–æ–'),
  (0, '–ö–æ–Ω—Ñ–µ—Ä–µ–Ω—Ü-–∑–∞–ª –ê–°–ú-–•–æ–ª–¥–∏–Ω–≥–∞ ', '333@000.ru', '32421999', '01-02 –∞–ø—Ä–µ–ª—è 2019 –≥–æ–¥–∞ –≤ –∫–æ–Ω—Ñ–µ—Ä–µ–Ω—Ü-–∑–∞–ª–µ –ê–°–ú-–•–æ–ª–¥–∏–Ω–≥–∞ \n\n–ü—Ä–∞–∫—Ç–∏—á–µ—Å–∫–∏–π —Å–µ–º–∏–Ω–∞—Ä –Ω–∞ —Ç–µ–º—É:\n\n¬´–£–ß–†–ï–ñ–î–ï–ù–ò–Ø –ì–û–°–°–ï–ö–¢–û–†–ê: –æ—Å–æ–±–µ–Ω–Ω–æ—Å—Ç–∏ –æ—Ä–≥–∞–Ω–∏–∑–∞—Ü–∏–∏ –≤–Ω—É—Ç—Ä–µ–Ω–Ω–µ–≥–æ –∫–æ–Ω—Ç—Ä–æ–ª—è, –∞–Ω–∞–ª–∏–∑ –Ω–∞—Ä—É—à–µ–Ω–∏–π, –≤—ã—è–≤–ª–µ–Ω–Ω—ã—Ö  —Å—á–µ—Ç–Ω–æ–π –ø–∞–ª–∞—Ç–æ–π –∏ –∫–∞–∑–Ω–∞—á–µ–π—Å—Ç–≤–æ–º. –°–ª–æ–∂–Ω—ã–µ –≤–æ–ø—Ä–æ—Å—ã —Ä–∞—Å—á–µ—Ç–∞ –ù–î–§–õ –∏ —Å—Ç—Ä–∞—Ö–æ–≤—ã—Ö –≤–∑–Ω–æ—Å–æ–≤. –ü—Ä–∞–∫—Ç–∏–∫'),
  (0, '–û–∫–æ—Å—è—á–∫–∞ —Å—Ä—É–±–æ–≤ http://akolet-tseny.', '333@000000.com', '306317', '–Ø –±—Ä–∏–≥–∞–¥–∏—Ä –æ—Ç–¥–µ–ª–æ—á–Ω–∏–∫–æ–≤. –ù–∞—à –æ—Å–Ω–æ–≤–Ω–æ–π –≤–∏–¥ –¥–µ—è—Ç–µ–ª—å–Ω–æ—Å—Ç–∏ –∫–æ–Ω–æ–ø–∞—Ç–∫–∞, –æ–∫–æ—Å—è—á–∫–∞ –∏ –æ—Ç–¥–µ–ª–∫–∞ —Å—Ä—É–±–æ–≤\n–ü—Ä–æ–∏–∑–≤–æ–¥–∏–º —Ä–∞–±–æ—Ç—ã –≤ –ú–æ—Å–∫–æ–≤—Å–∫–æ–π –∏–ª–∏ –í–ª–∞–¥–∏–º–∏—Ä—Å–∫–æ–π –æ–±–ª–∞—Å—Ç–∏\n–†–µ–∞–ª—å–Ω–æ –≤—ã–≥–æ–¥–Ω—ã–µ —Ü–µ–Ω—ã, –∞ –∫–∞—á–µ—Å—Ç–≤–æ –ª—É—á—à–µ —á–µ–º —É –º–∞—Å—Ç–µ—Ä–æ–≤\n–ó–≤–æ–Ω–∏—Ç–µ http://mail-sajp198.ru/1973_2'),
  (0, 'reklamaCrarf', 'kashtanovalida878@mail.ru', '–†–µ–∫–ª–∞–º–Ω–æ-–ø—Ä–æ–∏–∑–≤–æ–¥—Å—Ç–≤–µ–Ω–Ω–∞—è –∫–æ–º–ø–∞–Ω–∏—è', '<a href=http://arma-nn.ru>–æ–±—ä–µ–º–Ω—ã–µ –±—É–∫–≤—ã</a>  - –ø–æ–¥—Ä–æ–±–Ω–µ–µ –Ω–∞ —Å–∞–π—Ç–µ –∞–ª–º–∞–∑–Ω–æ–≥–æ –±—É—Ä–µ–Ω–∏—è <a href=http://arma-nn.ru/>arma-nn.ru</a>'),
  (0, '–ü—Ä–∏–≥–ª–∞—à–∞–µ–º –Ω–∞ —Å–µ–º–∏–Ω–∞—Ä 04-05 –∞–', '----@000000.com', '5195871', '04-05 –∞–ø—Ä–µ–ª—è 2019 –≥–æ–¥–∞ –≤ –ú–æ—Å–∫–æ–≤—Å–∫–æ–π –¢–ü–ü\n\n–ü—Ä–∞–∫—Ç–∏—á–µ—Å–∫–∏–π —Å–µ–º–∏–Ω–∞—Ä –Ω–∞ —Ç–µ–º—É: \n\n¬´–ù–∞–ª–æ–≥–æ–≤—ã–π –∏ –±–∞–Ω–∫–æ–≤—Å–∫–∏–π –∫–æ–Ω—Ç—Ä–æ–ª—å –∑–∞ –º–µ–∂–¥—É–Ω–∞—Ä–æ–¥–Ω–æ–π –¥–µ—è—Ç–µ–ª—å–Ω–æ—Å—Ç—å—é –∫–æ–º–ø–∞–Ω–∏–π. –ü—Ä–∞–∫—Ç–∏–∫–∞ –≤–Ω—É—Ç—Ä–∏–≥—Ä—É–ø–ø–æ–≤–æ–≥–æ —Ñ–∏–Ω–∞–Ω—Å–∏—Ä–æ–≤–∞–Ω–∏—è, –º–µ–∂–¥—É–Ω–∞—Ä–æ–¥–Ω–æ–≥–æ –Ω–∞–ª–æ–≥–æ–≤–æ–≥–æ –ø–ª–∞–Ω–∏—Ä–æ–≤–∞–Ω–∏—è, –∫–æ–Ω—Ç—Ä–æ–ª—è –∑–∞ —Ç—Ä–∞–Ω—Å–≥—Ä–∞–Ω–∏—á–Ω—ã–º–∏ –æ–ø–µ—Ä–∞—Ü–∏—è–º–∏ –≤ 2019 –'),
  (0, 'Carley Wu', 'persedia2019@gmail.com', 'Carley Wu', ''),
  (0, '–ú–∞—Å—Å–æ–≤–æ–µ —Ä–∞—Å–ø—Ä–æ—Å—Ç—Ä–∞–Ω–µ–Ω–∏–µ —Ä', '-------@3333333.ru', '37725495', '–†–∞—Å–ø—Ä–æ—Å—Ç—Ä–∞–Ω–µ–Ω–∏–µ —ç–ª–µ–∫—Ç—Ä–æ–Ω–Ω—ã—Ö –æ–±—ä—è–≤–ª–µ–Ω–∏–π\n\n- –î–æ—Å—Ç—É–ø–Ω—ã–µ —Ü–µ–Ω—ã: –æ—Ç  39–û–û —Ä.;\n- –í—Å–µ–≥–¥–∞ —Ö–æ—Ä–æ—à–∏–π –æ—Ç–∫–ª–∏–∫;\n- –û–≥—Ä–æ–º–Ω—ã–π –≤—ã–±–æ—Ä —Ç–∞—Ä–∏—Ñ–Ω—ã—Ö –ø–ª–∞–Ω–æ–≤. \n\n–ó–≤–æ–Ω–∏—Ç–µ —Å–µ–π—á–∞—Å: \n8[92 5 ]5   –ß   2  =  –ó   9   =  8    7'),
  (0, '–ë–æ–ª—å—à–∞—è –∫–æ–ª–ª–µ–∫—Ü–∏—è –¥–µ–º–∏—Å–µ–∑–æ', '1111@1111.com', '8600905', '–®–≤–µ–π–Ω–∞—è –§–∞–±—Ä–∏–∫–∞ –ø—Ä–æ–¥–∞–µ—Ç –±–µ–∑ —Ç–æ—Ä–≥–æ–≤–æ–π –Ω–∞—Ü–µ–Ω–∫–∏ –±–æ–ª—å—à—É—é –∫–æ–ª–ª–µ–∫—Ü–∏—é –¥–µ–º–∏—Å–µ–∑–æ–Ω–Ω—ã—Ö –ø–∞–ª—å—Ç–æ, –∞ —Ç–∞–∫–∂–µ –ø–ª–∞—â–∏ –∏ –∫—É—Ä—Ç–∫–∏.\n–í –∏–Ω—Ç–µ—Ä–Ω–µ—Ç –º–∞–≥–∞–∑–∏–Ω–µ –ø—Ä–µ–¥—Å—Ç–∞–≤–ª–µ–Ω –≤–µ—Å—å –∞—Å—Å–æ—Ä—Ç–∏–º–µ–Ω—Ç –∫–æ–º–ø–∞–Ω–∏–∏ –ø–æ —Å–∫–ª–∞–¥—Å–∫–∏–º —Ü–µ–Ω–∞–º\n–ê –∫—Ä–æ–º–µ —Ç–æ–≥–æ —Å–µ–π—á–∞—Å –∏–¥–µ—Ç –ª–∏–∫–≤–∏–¥–∞—Ü–∏—è —à—É–± –∏–∑ –∏—Å–∫—É—Å—Å—Ç–≤–µ–Ω–Ω–æ–≥–æ –∫–∞—Ä–∞–∫—É–ª—è –ø–æ 3500 —Ä—É–±.\nhttp://www-mail'),
  (0, '–ü–æ—á—Ç–æ–≤—ã–µ —Ä–∞—Å—Å—ã–ª–∫–∏: http://super-me', 'moihkk@mail.com', '779545726', '–ü—Ä–µ–¥–ª–∞–≥–∞–µ–º —Ä–µ–∫–ª–∞–º–Ω—ã–µ —Ä–∞—Å—Å—ã–ª–∫–∏ –ø–æ –Ω–∞—à–∏–º –±–∞–∑–∞–º:\n- –†–∞—Å—Å—ã–ª–∫–∏ –ø–æ –ª—é–±—ã–º –≥–æ—Ä–æ–¥–∞–º\n- –ú–æ—Å–∫–≤–∞ –∏ –æ–±–ª–∞—Å—Ç—å\n- –°–ü–ë\n- –û—Ä–≥–∞–Ω–∏–∑–∞—Ü–∏–∏ –æ–ø—Ä–µ–¥–µ–ª–µ–Ω–Ω—ã—Ö —Å—Ñ–µ—Ä –¥–µ—è—Ç–µ–ª—å–Ω–æ—Å—Ç–∏\n- –°—Ç—Ä–∞–Ω—ã –º–∏—Ä–∞\n\n–ü–æ—Å–µ—Ç–∏—Ç–µ –Ω–∞—à —Å–∞–π—Ç: http://www-okbarsenal.ru/send'),
  (0, '79315910356', 'shoptxt@list.ru', '79315910356', '–ó–¥—Ä–∞–≤—Å—Ç–≤—É–π—Ç–µ, –≤—ã –ø–∏—à–µ—Ç–µ —Å—Ç–∞—Ç—å–∏ –Ω–∞ —Å–∞–π—Ç—ã —Å–∞–º–∏? –ú—ã –∑–∞–Ω–∏–º–∞–µ–º—Å—è –≤–æ—Å—Å—Ç–∞–Ω–æ–≤–ª–µ–Ω–∏–µ–º —É–Ω–∏–∫–∞–ª—å–Ω—ã—Ö —Å—Ç–∞—Ç—å–µ–π, –∏–∑ —É–¥–∞–ª–µ–Ω–Ω—ã—Ö –∏–∑ –∏–Ω—Ç–µ—Ä–Ω–µ—Ç–∞ —Å–∞–π—Ç–æ–≤. \r\n–ü—Ä–µ–¥–ª–∞–≥–∞–µ–º —Å–Ω–∞–±–∂–∞—Ç—å –≤–∞—Å –∫–æ–Ω—Ç–µ–Ω—Ç–æ–º. \r\n –°—Ç–∞—Ç—å–∏ —Ä–∞–∑–¥–∞–µ–º –±–µ—Å–ø–ª–∞—Ç–Ω–æ, –ø–µ—Ä–µ—Ö–æ–¥–∏—Ç–µ –∫ –Ω–∞–º - shoptxt.ru/cont2.php \r\n –û—Ç–ø–∏—Å–∞—Ç—å—Å—è –æ—Ç —Ä–∞—Å—Å—ã–ª–∫–∏ -http://shoptxt.ru/dell.php?dell=XN----7SBF'),
  (0, 'shoptxt@list.ru', 'shoptxt@list.ru', 'shoptxt@list.ru', '–ó–¥—Ä–∞–≤—Å—Ç–≤—É–π—Ç–µ, –≤—ã –ø–∏—à–µ—Ç–µ —Å—Ç–∞—Ç—å–∏ –Ω–∞ —Å–∞–π—Ç—ã —Å–∞–º–∏? –ú—ã –∑–∞–Ω–∏–º–∞–µ–º—Å—è –≤–æ—Å—Å—Ç–∞–Ω–æ–≤–ª–µ–Ω–∏–µ–º —É–Ω–∏–∫–∞–ª—å–Ω—ã—Ö —Å—Ç–∞—Ç—å–µ–π, –∏–∑ —É–¥–∞–ª–µ–Ω–Ω—ã—Ö –∏–∑ –∏–Ω—Ç–µ—Ä–Ω–µ—Ç–∞ —Å–∞–π—Ç–æ–≤. \r\n–ü—Ä–µ–¥–ª–∞–≥–∞–µ–º —Å–Ω–∞–±–∂–∞—Ç—å –≤–∞—Å –∫–æ–Ω—Ç–µ–Ω—Ç–æ–º. \r\n –°—Ç–∞—Ç—å–∏ —Ä–∞–∑–¥–∞–µ–º –±–µ—Å–ø–ª–∞—Ç–Ω–æ, –ø–µ—Ä–µ—Ö–æ–¥–∏—Ç–µ –∫ –Ω–∞–º - shoptxt.ru/cont2.php \r\n –û—Ç–ø–∏—Å–∞—Ç—å—Å—è –æ—Ç —Ä–∞—Å—Å—ã–ª–∫–∏ -http://shoptxt.ru/dell.php?dell=XN----7SBF'),
  (0, '–ë–ê–ó–´ –õ–Æ–ë–´–• –ü–†–ï–î–ü–†–ò–Ø–¢–ò–ô –í –§–û', '0000@00000.ru', '945717', '–ò–ù–¢–ï–†–ù–ï–¢-–ú–ê–ì–ê–ó–ò–ù –ë–ê–ó –î–ê–ù–ù–´–• –†–û–°–°–ò–ô–°–ö–ò–• –ü–†–ï–î–ü–†–ò–Ø–¢–ò–ô –í –¢–ê–ë–õ–ò–¶–ê–• MS EXEL\n\n–ù–∞—à–∏ –±–∞–∑—ã –∏–¥–µ–∞–ª—å–Ω–æ –ø—Ä–∏–≥–æ–¥–Ω—ã –¥–ª—è:\n- —Ö–æ–ª–æ–¥–Ω–æ–≥–æ –æ–±–∑–≤–æ–Ω–∞ –ø–æ —Ñ–∏—Ä–º–∞–º;\n- –ª—é–±—ã—Ö —Å–ø–æ—Å–æ–±–æ–≤ —Ä–∞—Å—Å—ã–ª–æ–∫;\n- –ª—é–±—ã—Ö –∏–Ω—ã—Ö —Ä–µ–∫–ª–∞–º–Ω—ã—Ö —Ü–µ–ª–µ–π.\n\n–ü–æ–ª–Ω—ã–π –∫–∞—Ç–∞–ª–æ–≥ –ø—Ä–µ–¥—Å—Ç–∞–≤–ª–µ–Ω –Ω–∞ —Å–∞–π—Ç–µ: http://skidka-34.ru/base'),
  (0, 'IrenHoano', 'iren_24@mail.com', 'volunteerism', 'Hello, I want to work in your company on a voluntary basis, can you offer me anything? \r\na little about me: https://about.me/iren'),
  (0, '–í–ª–∞—Å', '------@0000.ru', '249246567', '–Ø –ø—Ä–æ—Ñ–µ—Å—Å–∏–æ–Ω–∞–ª—å–Ω–æ –∑–∞–Ω–∏–º–∞—é—Å—å –æ—Ä–≥–∞–Ω–∏–∑–∞—Ü–∏–µ–π —Ä–∞—Å—Å—ã–ª–æ–∫.\n\n--\n- –í—Å–µ –≥–æ—Ä–æ–¥–∞ –†–æ—Å—Å–∏–∏\n-\n-\n- –ò–Ω–¥–∏–≤–∏–¥—É–∞–ª—å–Ω–æ —Å–æ–±–µ—Ä–µ–º –±–∞–∑—É –ø–æ –Ω–µ–æ–±—Ö–æ–¥–∏–º—ã–º –∫—Ä–∏—Ç–µ—Ä–∏—è–º\n–¶–µ–Ω–∞ 1000000 –æ—Ç–ø—Ä–∞–≤–ª–µ–Ω–Ω—ã—Ö –ø–∏—Å–µ–º - 3 900 —Ä—É–±–ª–µ–π.\n\n–¢–∞–∫–∂–µ –ø—Ä–µ–¥–ª–∞–≥–∞–µ–º:\n- –ü—Ä–æ–≤–µ–¥–µ–Ω–∏–µ –æ–±–∑–≤–æ–Ω–∞ –∫–æ–º–ø–∞–Ω–∏–π - 250-450 —Ä—É–±–ª–µ–π –∑–∞ –Ω–∞–π–¥–µ–Ω–Ω–æ–≥–æ –∫–ª–∏–µ–Ω—Ç–∞\n-\n- –ú–∞—Å—Å–æ–≤—ã–π –ø–æ—Å—Ç–∏–Ω'),
  (0, 'E-MAIL –†@CC–´–õ–ö–ò: [92 5 ] 5    –û   2  ~  6  1', '----@00000.ru', '375466', '–†–∞—Å—Å—ã–ª–∫–∏ –í–∞—à–∏—Ö –ø—Ä–µ–¥–ª–æ–∂–µ–Ω–∏–π –≤ –∏–Ω—Ç–µ—Ä–Ω–µ—Ç–µ.\n\n–í–æ–∑–º–æ–∂–Ω—ã–µ –±–∞–∑—ã –¥–∞–Ω–Ω—ã—Ö:\n- –ú–æ—Å–∫–≤–∞ –∏ –°–∞–Ω–∫—Ç-–ü–µ—Ç–µ—Ä–±—É—Ä–≥;\n- –ì–æ—Ä–æ–¥–∞ –†–§;\n- –ö–æ–º–ø–∞–Ω–∏–∏ –ª—é–±—ã—Ö –æ—Ç—Ä–∞—Å–ª–µ–π –¥–µ—è—Ç–µ–ª—å–Ω–æ—Å—Ç–∏;\n- –õ—é–±—ã–µ —Å—Ç—Ä–∞–Ω—ã.\n\n–õ—é–±—ã–µ —Ñ–æ—Ä–º—ã –æ–ø–ª–∞—Ç—ã.\n–ë—ã—Å—Ç—Ä—ã–π —ç—Ñ—Ñ–µ–∫—Ç.\n–°–∞–º—ã–µ –Ω–∏–∑–∫–∏–µ —Ü–µ–Ω—ã –Ω–∞ —Ä—ã–Ω–∫–µ.\n–ü–æ–¥—Ä–æ–±–Ω—ã–π –æ—Ç—á–µ—Ç –≤ –í–∞—à–µ–º –ª–∏—á–Ω–æ–º –∫–∞–±–∏–Ω–µ—Ç–µ.\n\n( 4 9 5)  5  –ß  5 ~ '),
  (0, '–ü–∞–≤–µ–ª', '333333@0000.ru', '561243', '–ú–∞—Å—Å–æ–≤—ã–µ —Ä–∞—Å—Å—ã–ª–∫–∏ –í–∞—à–∏—Ö –ø–∏—Å–µ–º\n\n–ú–æ–∂–µ–º –ø—Ä–µ–¥–ª–æ–∂–∏—Ç—å:\n- –ú–æ—Å–∫–≤–∞ –∏ –ú–û, –°–∞–Ω–∫—Ç-–ü–µ—Ç–µ—Ä–±—É—Ä–≥ –∏ –¥—Ä—É–≥–∏–µ –≥–æ—Ä–æ–¥–∞\n-\n- –ë–∞–∑—ã –ª—é–±—ã—Ö —Å—Ç—Ä–∞–Ω –º–∏—Ä–∞\n- –ú–æ–∂–µ–º —Å–∫–æ–º–ø–æ–Ω–æ–≤–∞—Ç—å –±–∞–∑—É –∏—Å—Ö–æ–¥—è –∏–∑ –Ω–µ–æ–±—Ö–æ–¥–∏–º—ã—Ö –∫—Ä–∏—Ç–µ—Ä–∏–µ–≤\n–û—Ç–ø—Ä–∞–≤–∫–∞ –Ω–∞ 1 000 000 —è—â–∏–∫–æ–≤ - 3 900 —Ä—É–±–ª–µ–π.\n\n–ï—â–µ –≤—ã–ø–æ–ª–Ω—è–µ–º:\n- –ü—Ä–æ–≤–µ–¥–µ–Ω–∏–µ –æ–±–∑–≤–æ–Ω–∞ –ø–æ –ø—Ä–µ–¥–ø—Ä–∏—è—Ç–∏—è–º - 300 - 350 —'),
  (0, 'AlvinTub', 'bptgreece@gmail.com', '–ü–ê–†–¢–ù–ï–†–°–¢–í–û', '–ü–†–ò–ë–´–õ–¨–ù–û–ï –ó–î–û–†–û–í–¨–ï ! –£–õ–£–ß–®–ò–¢–ï –°–í–û–ï –ó–î–û–†–û–í–¨–ï –ù–ê 100 % –ò –§–ò–ù–ê–ù–°–û–í–´–ï –î–û–•–û–î–´ –ù–ê 150 !!! \r\n \r\n–ö–û–ú–ü–ê–ù–ò–Ø BUSINESS PROCESS TECHNOLOGIES –ü–†–ï–î–õ–ê–ì–ê–ï–¢ –í–°–ï–ú –ó–ê–ò–ù–¢–ï–†–ï–°–û–í–ê–ù–ù–´–ú –í –£–õ–£–ß–®–ï–ù–ò–ò –ö–ê–ß–ï–°–¢–í–ê –ñ–ò–ó–ù–ò –ò –§–ò–ù–ê–ù–°–û–í–û–ì–û –ë–õ–ê–ì–û–ü–û–õ–£–ß–ò–Ø –°–û–¢–†–£–î–ù–ò–ß–ï–°–¢–í–û –í –°–§–ï–†–ï –ù–û–í–ï–ô–®–ò–• –¢–ï–•–ù–û–õ–û–ì–ò–ô –ë–ò–û–†–ï–ó–û–ù–ê–ù–°–ê ! \r\n \r\n–í–ï–õ–ò–ö–û–õ–ï–ü–ù–´–ï –†'),
  (0, '–ö–∞—á–µ—Å—Ç–≤–µ–Ω–Ω—ã–µ —Ä–∞—Å—Å—ã–ª–∫–∏ —Ä–µ–∫–ª', '3333@000.ru', '6964038', '–ö–∞—á–µ—Å—Ç–≤–µ–Ω–Ω—ã–µ —Ä–∞—Å—Å—ã–ª–∫–∏ –í–∞—à–∏—Ö –ø–∏—Å–µ–º\n\n–ù–∞—à–∏ –±–∞–∑—ã –¥–∞–Ω–Ω—ã—Ö:\n- –ú–æ—Å–∫–≤–∞ –∏ –°–∞–Ω–∫—Ç-–ü–µ—Ç–µ—Ä–±—É—Ä–≥;\n- –ì–æ—Ä–æ–¥–∞ –†–§;\n- –ö–æ–º–ø–∞–Ω–∏–∏ –ª—é–±—ã—Ö —Å—Ñ–µ—Ä –±–∏–∑–Ω–µ—Å–∞;\n- –°—Ç—Ä–∞–Ω—ã –º–∏—Ä–∞;\n- –ò–Ω–¥–∏–≤–∏–¥—É–∞–ª—å–Ω—ã–µ –±–∞–∑—ã –¥–∞–Ω–Ω—ã—Ö –ø–æ–¥ –í–∞—à –∑–∞–∫–∞–∑. \n\n–û–±—Ä–∞—â–∞–π—Ç–µ—Å—å –ø–æ –ª—é–±—ã–º –≤–æ–ø—Ä–æ—Å–∞–º: +7 (495) 5   –ß 2 =  –ó  9 = 8 7'),
  (0, 'reklamaCrarf', 'semizhonowakseniya199639@mail.ru', '–†–µ–∫–ª–∞–º–Ω–æ-–ø—Ä–æ–∏–∑–≤–æ–¥—Å—Ç–≤–µ–Ω–Ω–∞—è –∫–æ–º–ø–∞–Ω–∏—è', '<a href=http://moriart-nn.ru>—Ä–µ–∫–ª–∞–º–∞ –Ω–∞ –∑–∞–∫–∞–∑ –Ω–∏–∂–Ω–∏–π –Ω–æ–≤–≥–æ—Ä–æ–¥</a>  - –ø–æ–¥—Ä–æ–±–Ω–µ–µ –Ω–∞ —Å–∞–π—Ç–µ –∞–ª–º–∞–∑–Ω–æ–≥–æ –±—É—Ä–µ–Ω–∏—è <a href=http://moriart-nn.ru/>moriart-nn.ru</a>'),
  (0, '–®–æ—Ö—Ä—É—Ö', 'mailto:malegirov@bk.ru', '–•–æ—Ç–∏—Ç–µ –±–æ–ª—å—à–µ –∫–ª–∏–µ–Ω—Ç–æ–≤?', '–ó–¥—Ä–∞–≤—Å—Ç–≤—É–π—Ç–µ, –ø—Ä–æ—Å—Ç–∏—Ç–µ, —á—Ç–æ –¥–æ–Ω–æ—à—É –∏–Ω—Ñ–æ—Ä–º–∞—Ü–∏—é —Ç–∞–∫–∏–º –æ–±—Ä–∞–∑–æ–º, –Ω–æ –≤–ø–æ–ª–Ω–µ –≤–æ–∑–º–æ–∂–Ω–æ, –æ–Ω–∞ –í–∞–º –ø–æ–º–æ–∂–µ—Ç. \r\n–ü—Ä–µ–¥–ª–∞–≥–∞–µ–º —É—Å–ª—É–≥–∏ –ø–æ —Å–æ–∑–¥–∞–Ω–∏—é –Ω–æ–≤—ã—Ö —Å–∞–π—Ç–æ–≤, –∞ —Ç–∞–∫–∂–µ –∏–∑–º–µ–Ω–µ–Ω–∏—é –∏ –æ–ø—Ç–∏–º–∏–∑–∞—Ü–∏–∏ —É–∂–µ –∏–º–µ—é—â–∏—Ö—Å—è (—Ä–∞–∑–Ω–æ–æ–±—Ä–∞–∑–Ω—ã–µ –ø—Ä–∞–≤–∫–∏ –∏ –ø—Ä–æ—á–µ–µ). –ß—Ç–æ –≤ —Å–≤–æ—é –æ—á–µ—Ä–µ–¥—å –ø—Ä–∏ –ø—Ä–∞–≤–∏–ª—å–Ω–æ–º –ø–æ–¥—Ö–æ–¥–µ –ø–æ–∑–≤–æ–ª–∏—Ç –'),
  (0, 'skyreveryTeask', 'malinoleg91@mail.ru', '–ê—Ä–µ–Ω–¥–∞ —á–∞—Å—Ç–Ω–æ–≥–æ —Å–∞–º–æ–ª–µ—Ç–∞ —Å —ç–∫–∏–ø–∞–∂–µ–º', 'https://skyrevery.ru/airplanes/phenom-300/ - –ß–∞—Å—Ç–Ω—ã–π —Å–∞–º–æ–ª–µ—Ç Phenom 300        -  –ø–æ–¥—Ä–æ–±–Ω–µ–µ –Ω–∞ –Ω–∞—à–µ–º —Å–∞–π—Ç–µ https://skyrevery.ru - skyrevery.ru \r\nhttps://skyrevery.ru/ - –ê—Ä–µ–Ω–¥–∞ —á–∞—Å—Ç–Ω–æ–≥–æ —Å–∞–º–æ–ª–µ—Ç–∞ —Å —ç–∫–∏–ø–∞–∂–µ–º –≤ –∫–æ–º–ø–∞–Ω–∏–∏ SkyRevery ‚Äì —ç—Ç–æ –≤—ã–±–æ—Ä —Ç–µ—Ö, –∫—Ç–æ —Ü–µ–Ω–∏—Ç —Å–≤–æ–µ –≤—Ä–µ–º—è –∏ –∂–∏–≤–µ—Ç –ø–æ —Å–≤–æ–µ–º—É —Ä–∞—Å–ø–∏—Å–∞–Ω–∏—é! \r\n–ê—Ä–µ–Ω–¥–∞ —á–∞—Å—Ç–Ω–æ–≥–æ —Å–∞–º–æ–ª–µ—Ç–∞ –ø–æ–º–æ–≥–∞–µ—Ç —ç–∫–æ–Ω–æ–'),
  (0, 'AvtoCrarf', 'razgonovmiroslav19882266@mail.ru', '–ò–Ω—Ç–µ—Ä–Ω–µ—Ç-–º–∞–≥–∞–∑–∏–Ω sbk-torg.ru –∞–≤—Ç–æ—Ö–∏–º–∏–∏–∏ –∏ –∞–∫—Å–µ—Å—É–∞—Ä–æ–≤', '–ò–Ω—Ç–µ—Ä–Ω–µ—Ç-–º–∞–≥–∞–∑–∏–Ω sbk-torg.ru –ø—Ä–µ–¥–ª–∞–≥–∞–µ—Ç –∫—É–ø–∏—Ç—å –∞–≤—Ç–æ–º–æ–±–∏–ª—å–Ω—ã–µ –º–∞—Å–µ–ª–∞, –∞–Ω—Ç–∏—Ñ—Ä–æ–∑, —Ç–æ—Å–æ–ª, –ø—Ä–∏—Å–æ–¥–∫–∏, —Ñ–∏–ª—å—Ç—Ä—ã, –∞–≤—Ç–æ–∫–æ—Å–º–µ—Ç–∏–∫—É, –∞–≤—Ç–æ—Ñ–∏–ª—å—Ç—Ä—ã, –Ω–µ–∑–∞–º–µ—Ä–∑–∞–π–∫—É. –í –Ω–∞–ª–∏—á–∏–∏ –Ω–∞ —Å–∫–ª–∞–¥–µ –≤ –ù–∏–∂–Ω–µ–º –ù–æ–≤–≥–æ—Ä–æ–¥–µ \r\n \r\n \r\nhttp://sbk-torg.ru/Avtomobilnye-masla/ELF.html - –º–æ—Ç–æ—Ä–Ω–æ–µ –º–∞—Å–ª–æ ELF –∫—É–ø–∏—Ç—å –≤ –Ω–∏–∂–Ω–µ–º –Ω–æ–≤–≥–æ—Ä–æ–¥–µ'),
  (0, '79315910356', 'shoptxt@list.ru', '79315910356', '–ó–¥—Ä–∞–≤—Å—Ç–≤—É–π—Ç–µ, –≤—ã –ø–∏—à–µ—Ç–µ —Å—Ç–∞—Ç—å–∏ –Ω–∞ —Å–∞–π—Ç—ã —Å–∞–º–∏? –ú—ã –∑–∞–Ω–∏–º–∞–µ–º—Å—è –≤–æ—Å—Å—Ç–∞–Ω–æ–≤–ª–µ–Ω–∏–µ–º —É–Ω–∏–∫–∞–ª—å–Ω—ã—Ö —Å—Ç–∞—Ç—å–µ–π, –∏–∑ —É–¥–∞–ª–µ–Ω–Ω—ã—Ö –∏–∑ –∏–Ω—Ç–µ—Ä–Ω–µ—Ç–∞ —Å–∞–π—Ç–æ–≤. \r\n–ü—Ä–µ–¥–ª–∞–≥–∞–µ–º —Å–Ω–∞–±–∂–∞—Ç—å –≤–∞—Å –∫–æ–Ω—Ç–µ–Ω—Ç–æ–º. \r\n –°—Ç–∞—Ç—å–∏ —Ä–∞–∑–¥–∞–µ–º –±–µ—Å–ø–ª–∞—Ç–Ω–æ, –ø–µ—Ä–µ—Ö–æ–¥–∏—Ç–µ –∫ –Ω–∞–º - shoptxt.ru/cont2.php \r\n –û—Ç–ø–∏—Å–∞—Ç—å—Å—è –æ—Ç —Ä–∞—Å—Å—ã–ª–∫–∏ -http://shoptxt.ru/dell.php?dell=XN----7SBF'),
  (0, 'shoptxt@list.ru', 'shoptxt@list.ru', 'shoptxt@list.ru', '–ó–¥—Ä–∞–≤—Å—Ç–≤—É–π—Ç–µ, –≤—ã –ø–∏—à–µ—Ç–µ —Å—Ç–∞—Ç—å–∏ –Ω–∞ —Å–∞–π—Ç—ã —Å–∞–º–∏? –ú—ã –∑–∞–Ω–∏–º–∞–µ–º—Å—è –≤–æ—Å—Å—Ç–∞–Ω–æ–≤–ª–µ–Ω–∏–µ–º —É–Ω–∏–∫–∞–ª—å–Ω—ã—Ö —Å—Ç–∞—Ç—å–µ–π, –∏–∑ —É–¥–∞–ª–µ–Ω–Ω—ã—Ö –∏–∑ –∏–Ω—Ç–µ—Ä–Ω–µ—Ç–∞ —Å–∞–π—Ç–æ–≤. \r\n–ü—Ä–µ–¥–ª–∞–≥–∞–µ–º —Å–Ω–∞–±–∂–∞—Ç—å –≤–∞—Å –∫–æ–Ω—Ç–µ–Ω—Ç–æ–º. \r\n –°—Ç–∞—Ç—å–∏ —Ä–∞–∑–¥–∞–µ–º –±–µ—Å–ø–ª–∞—Ç–Ω–æ, –ø–µ—Ä–µ—Ö–æ–¥–∏—Ç–µ –∫ –Ω–∞–º - shoptxt.ru/cont2.php \r\n –û—Ç–ø–∏—Å–∞—Ç—å—Å—è –æ—Ç —Ä–∞—Å—Å—ã–ª–∫–∏ -http://shoptxt.ru/dell.php?dell=XN----7SBF');
INSERT INTO altairmsg VALUES
  (0, '–ü–æ—Å—Ç–∏–Ω–≥ –ø–æ–ª–æ–∂–∏—Ç–µ–ª—å–Ω—ã—Ö –æ—Ç–∑—ã', '1111111@-----.com', '138674', '–ó–¥—Ä–∞–≤—Å—Ç–≤—É–π—Ç–µ!\n\n–ó–∞—à–µ–ª –Ω–∞ –í–∞—à —Å–∞–π—Ç, –ø–æ—á–∏—Ç–∞–ª –æ—Ç–∑—ã–≤—ã –æ –í–∞—Å.\n\n–Ø –∑–∞–Ω–∏–º–∞—é—Å—å —Ä–∞–∑–º–µ—â–µ–Ω–∏–µ–º –ø–æ–ª–æ–∂–∏—Ç–µ–ª—å–Ω—ã—Ö –∏ –Ω–µ–π—Ç—Ä–∞–ª—å–Ω—ã—Ö –æ—Ç–∑—ã–≤–æ–≤ –∏ —É–ø–æ–º–∏–Ω–∞–Ω–∏–π –Ω–∞ —Å–∞–π—Ç–∞—Ö:\n- –°–∞–π—Ç–∞—Ö –æ—Ç–∑–æ–≤–∏–∫–∞—Ö;\n- –§–æ—Ä—É–º–∞—Ö;\n- –ë–ª–æ–≥–∞—Ö;\n- –°–æ—Ü–∏–∞–ª—å–Ω—ã—Ö —Å–µ—Ç—è—Ö;\n- –õ—é–±—ã—Ö –¥—Ä—É–≥–∏—Ö —Å–∞–π—Ç–∞—Ö, –≥–¥–µ –æ–±—Å—É–∂–¥–∞—é—Ç—Å—è –í–∞—à–∏ —Ç–æ–≤–∞—Ä—ã –∏ —É—Å–ª—É–≥–∏.\n\n–†–∞–∑–º–µ—â–µ–Ω–∏–µ –ø–æ—Å—Ç–'),
  (0, '–ü—É—Ç–µ—à–µ—Å—Ç–≤—É–µ–º –ø–æ –¥–∂—É–Ω–≥–ª—è–º —Å ', '0000@00000.com', '421092627', '–ü—Ä–∏–≥–ª–∞—à–∞–µ–º —Å–æ–≤–µ—Ä—à–∏—Ç—å —ç–∫—Å–∫–ª—é–∑–∏–≤–Ω—ã–µ –ø—É—Ç–µ—à–µ—Å—Ç–≤–∏—è –ù–ï –î–õ–Ø –í–°–ï–•\n–£–≤–ª–µ–∫–∞—Ç–µ–ª—å–Ω—ã–µ –ø—É—Ç–µ—à–µ—Å—Ç–≤–∏—è –≤ –ö–µ–Ω–∏—é\n–ü–æ—Å–µ—Ç–∏—Ç–µ –ø–ª–µ–º–µ–Ω–∞ –ü–∞–ø—É–∞ –∏ –ö–æ–º–æ–¥–æ \nhttp://exclusive-travels.ru'),
  (0, '–ò–ù–¢–ï–†–ù–ï–¢-–ú–ê–ì–ê–ó–ò–ù –ë–ê–ó –õ–Æ–ë–´–• ', '111111@---.com', '569736724', '–ú–ê–ì–ê–ó–ò–ù –ë–ê–ó –†–û–°–°–ò–ô–°–ö–ò–• –û–†–ì–ê–ù–ò–ó–ê–¶–ò–ô –í –§–û–†–ú–ê–¢–ï EXEL\n\n–ë–∞–∑—ã –¥–∞–Ω–Ω—ã—Ö –∏–¥–µ–∞–ª—å–Ω–æ –ø–æ–¥—Ö–æ–¥—è—Ç –¥–ª—è:\n- —Ö–æ–ª–æ–¥–Ω–æ–≥–æ –æ–±–∑–≤–æ–Ω–∞ –¥–ª—è –í–∞—à–µ–≥–æ –º–µ–Ω–µ–¥–∂–µ—Ä–∞ –ø–æ –ø—Ä–æ–¥–∞–∂–∞–º;\n- –ª—é–±—ã—Ö –º–µ—Ç–æ–¥–æ–≤ —Ä–∞—Å—Å—ã–ª–æ–∫;\n- –ª—é–±—ã—Ö –¥—Ä—É–≥–∏—Ö —Ä–µ–∫–ª–∞–º–Ω—ã—Ö —Ü–µ–ª–µ–π.\n\n–ü–æ–ª–Ω—ã–π –∫–∞—Ç–∞–ª–æ–≥ –Ω–∞ —Å–∞–π—Ç–µ: http://www-kompasdv.ru/base'),
  (0, 'Gloria Harris', 'persedia2019@gmail.com', 'Gloria Harris', ''),
  (0, '–ü–æ—á—Ç–æ–≤—ã–µ —Ä–∞—Å—Å—ã–ª–∫–∏: http://moscooov', 'hqtac@hotmail.com', '1803769', '–ü—Ä–µ–¥–ª–∞–≥–∞–µ–º –ø–æ—á—Ç–æ–≤—ã–µ —Ä–∞—Å—Å—ã–ª–∫–∏ –ø–æ –Ω–∞—à–∏–º –±–∞–∑–∞–º:\n- –õ—é–±—ã–µ –≥–æ—Ä–æ–¥–∞ –†–æ—Å—Å–∏–∏\n- –ú–æ—Å–∫–≤–∞ –∏ –æ–±–ª–∞—Å—Ç—å\n- –°–ü–ë\n- –ö–æ–º–ø–∞–Ω–∏–∏ –∫–æ–Ω–∫—Ä–µ—Ç–Ω—ã—Ö –æ—Ç—Ä–∞—Å–ª–µ–π –ø—Ä–æ–º—ã—à–ª–µ–Ω–Ω–æ—Å—Ç–∏\n- –õ—é–±—ã–µ —Å—Ç—Ä–∞–Ω—ã –º–∏—Ä–∞\n\n–ù–∞—à —Å–∞–π—Ç: http://exo-ecobox.ru/send'),
  (0, '–ü–æ—Å—Ç–∏–Ω–≥ –ø–æ–ª–æ–∂–∏—Ç–µ–ª—å–Ω—ã—Ö –∏ –Ω–µ–', '-------@-------.ru', '9109486', '–ó–¥—Ä–∞–≤—Å—Ç–≤—É–π—Ç–µ!\n\n–ó–∞—à–µ–ª –Ω–∞ –í–∞—à —Å–∞–π—Ç, –ø–æ–∏—Å–∫–∞–ª –æ—Ç–∑—ã–≤—ã –æ –í–∞—Å.\n\n–Ø –∑–∞–Ω–∏–º–∞—é—Å—å —Ä–∞–∑–º–µ—â–µ–Ω–∏–µ–º –ø–æ–ª–æ–∂–∏—Ç–µ–ª—å–Ω—ã—Ö –æ—Ç–∑—ã–≤–æ–≤ –∏ —É–ø–æ–º–∏–Ω–∞–Ω–∏–π –Ω–∞ —Å–∞–π—Ç–∞—Ö:\n- –°–∞–π—Ç–∞—Ö –æ—Ç–∑—ã–≤–æ–≤;\n- –§–æ—Ä—É–º–∞—Ö;\n- –ë–ª–æ–≥–∞—Ö;\n- –°–æ—Ü–∏–∞–ª—å–Ω—ã—Ö —Å–µ—Ç—è—Ö;\n- –õ—é–±—ã—Ö –¥—Ä—É–≥–∏—Ö —Ä–µ—Å—É—Ä—Å–∞—Ö, –≥–¥–µ –ø—Ä–æ–∏—Å—Ö–æ–¥–∏—Ç –æ–±—Å—É–∂–¥–µ–Ω–∏–µ –í–∞—à–∏—Ö —Ç–æ–≤–∞—Ä–æ–≤ –∏ —É—Å–ª—É–≥.\n\n–†–∞–∑–º–µ—â–µ–Ω–∏–µ –ø–æ—Å—Ç–æ–≤ –'),
  (0, '–î–µ–ª–∞–π—Ç–µ —Å—Ç–∞–≤–∫–∏ –∏ –ø–æ–±–µ–∂–¥–∞–π—Ç–', '-------@---.ru', '3193762', '–ë—É–∫–º–µ–∫–µ—Ä—Å–∫–∞—è –∫–æ–º–ø–∞–Ω–∏—è –¥–∞—Ä–∏—Ç –≤—Å–µ–º —Ç–µ–º, –∫—Ç–æ —Å–¥–µ–ª–∞–µ—Ç —Å—Ç–∞–≤–∫—É, +200% –∫ –ø–æ–ø–æ–ª–Ω–µ–Ω–∏—é!\n–ù–µ –Ω—É–∂–Ω–∞ –≤–µ—Ä–∏—Ñ–∏–∫–∞—Ü–∏—è. \n–í—ã–≤–æ–¥ –º–æ–º–µ–Ω—Ç–∞–ª—å–Ω—ã–π!\n\n–ù–∞—á–∞—Ç—å –∏–≥—Ä—É –º–æ–∂–Ω–æ –Ω–∞ —Å–∞–π—Ç–µ:\nhttp://wfp-onlines.ru/1982-shambala-stavki.php'),
  (0, '–Ø –º–æ–≥—É –∑–∞–Ω—è—Ç—å—Å—è –ø–æ–∏—Å–∫–æ–º –∑–∞–∫', '000@1111111.com', '836543726', '–ó–¥—Ä–∞–≤—Å—Ç–≤—É–π—Ç–µ!\n\n–°–ª—É—á–∞–π–Ω–æ –∑–∞—à–µ–ª –Ω–∞ –í–∞—à –≤–µ–± —Å–∞–π—Ç. –Ø –±–æ–ª–µ–µ 10 –ª–µ—Ç –∑–∞–Ω–∏–º–∞—é—Å—å –ø—Ä–æ–¥–∞–∂–µ–π –ª–∏–¥–æ–≤.\n\n–ï—Å—Ç—å –∫ –í–∞–º –ø—Ä–µ–¥–ª–æ–∂–µ–Ω–∏–µ: —è –º–æ–≥—É –∑–∞–Ω—è—Ç—å—Å—è –ø–æ–∏—Å–∫–æ–º –∫–ª–∏–µ–Ω—Ç–æ–≤ –¥–ª—è –í–∞—à–µ–≥–æ –ø—Ä–µ–¥–ø—Ä–∏—è—Ç–∏—è, –∏—Å–ø–æ–ª—å–∑—É—è –∏–Ω—Ç–µ—Ä–Ω–µ—Ç-—Ä–µ–∫–ª–∞–º—É –≤ –æ–±–º–µ–Ω –∑–∞ –≤–æ–∑–Ω–∞–≥—Ä–∞–∂–¥–µ–Ω–∏–µ.\n\n–ú–æ–∏ —É—Å–ª—É–≥–∏ - —Å—Ç–æ—è—Ç –Ω–µ–¥–æ—Ä–æ–≥–æ: –æ—Ç 250 —Ä—É–±–ª–µ–π –∑–∞ –∑–∞–∫–∞–∑—á–∏–∫'),
  (0, '—Å–∫–æ—Ä–æ—á—Ç–µ–Ω–∏–µ  http://master-reading.ru', '-------@00000.com', '135759', '–í–∞—à —Ä–µ–±–µ–Ω–æ–∫ –Ω–∞—É—á–∏—Ç—å—Å—è –Ω–µ —Ç–æ–ª—å–∫–æ –±—ã—Å—Ç—Ä–æ —á–∏—Ç–∞—Ç—å, –Ω–æ –∏ –∑–∞–ø–æ–º–∏–Ω–∞—Ç—å —Ç–æ —á—Ç–æ –æ–Ω –ø—Ä–æ—á–∏—Ç–∞–ª\n–ó–∞–ø–∏—à–∏—Ç–µ—Å—å –Ω–∞ –≤–≤–æ–¥–Ω–æ–µ –∑–∞–Ω—è—Ç–∏–µ –∏ –ø–æ–ª—É—á–∏—Ç–µ —á–µ—Ç—ã—Ä–µ –∑–∞–Ω—è—Ç–∏—è –±–µ—Å–ø–ª–∞—Ç–Ω–æ!\n–ü–æ—Å–º–æ—Ç—Ä–∏—Ç–µ –æ—Ç–∑—ã–≤—ã —Ä–µ–∞–ª—å–Ω—ã—Ö –ª—é–¥–µ–π –Ω–∞ —Å–∞–π—Ç–µ\nhttp://www.master-reading.ru'),
  (0, '–ü–µ—Ç—Ä', '333@0000.com', '166274682', '–°–æ–æ–±—â–µ–Ω–∏–µ, –∫–æ—Ç–æ—Ä–æ–µ –í—ã —Å–µ–π—á–∞—Å —á–∏—Ç–∞–µ—Ç–µ ‚Äì —ç—Ç–æ –∏–Ω—Ç–µ—Ä–Ω–µ—Ç —Ä–∞—Å—Å—ã–ª–∫–∞\n\n--\n- –ú–æ—Å–∫–≤–∞ –∏ –æ–±–ª–∞—Å—Ç—å, –°–∞–Ω–∫—Ç - –ü–µ—Ç–µ—Ä–±—É—Ä–≥ –∞ —Ç–∞–∫–∂–µ –≥–æ—Ä–æ–¥–∞\n- –ö–æ–º–ø–∞–Ω–∏–∏ —Ä–∞–∑–Ω—ã—Ö –æ—Ç—Ä–∞—Å–ª–µ–π\n- –õ—é–±—ã–µ —Å—Ç—Ä–∞–Ω—ã –º–∏—Ä–∞\n- –ú–æ–∂–µ–º —Å—Ñ–æ—Ä–º–∏—Ä–æ–≤–∞—Ç—å –±–∞–∑—É –ø–æ –í–∞—à–µ–º—É –∫—Ä–∏—Ç–µ—Ä–∏—é\n–û—Ç–ø—Ä–∞–≤–∫–∞ –Ω–∞ 1 –º–∏–ª–ª–∏–æ–Ω —è—â–∏–∫–æ–≤ —Å–æ—Å—Ç–∞–≤–∏—Ç –≤—Å–µ–≥–æ 3900 —Ä—É–±–ª–µ–π.\n\n–ï—â–µ –ø—Ä–µ–¥–ª–∞–≥–∞–'),
  (0, '–†–∞–∑–º–µ—â–µ–Ω–∏–µ –ø–æ–ª–æ–∂–∏—Ç–µ–ª—å–Ω—ã—Ö –∏', '3333333@----.com', '108955911', '–ó–¥—Ä–∞–≤—Å—Ç–≤—É–π—Ç–µ!\n\n–ó–∞—à–µ–ª –Ω–∞ –í–∞—à —Å–∞–π—Ç, –ø–æ–∏—Å–∫–∞–ª –æ—Ç–∑—ã–≤—ã –æ –í–∞—à–µ–π —Ñ–∏—Ä–º–µ.\n\n–Ø –ø—Ä–æ—Ñ–µ—Å—Å–∏–æ–Ω–∞–ª—å–Ω–æ –∑–∞–Ω–∏–º–∞—é—Å—å –ø–æ—Å—Ç–∏–Ω–≥–æ–º –ø–æ–ª–æ–∂–∏—Ç–µ–ª—å–Ω—ã—Ö –æ—Ç–∑—ã–≤–æ–≤ –Ω–∞ –ª—é–±—ã—Ö —Å–∞–π—Ç–∞—Ö:\n- –°–∞–π—Ç–∞—Ö –æ—Ç–∑–æ–≤–∏–∫–∞—Ö;\n- –§–æ—Ä—É–º–∞—Ö;\n- –ë–ª–æ–≥–∞—Ö;\n- –°–æ—Ü–∏–∞–ª—å–Ω—ã—Ö —Å–µ—Ç—è—Ö;\n- –õ—é–±—ã—Ö –¥—Ä—É–≥–∏—Ö —Å–∞–π—Ç–∞—Ö, –≥–¥–µ –ø—Ä–æ–∏—Å—Ö–æ–¥–∏—Ç –æ–±—Å—É–∂–¥–µ–Ω–∏–µ –í–∞—à–∏—Ö —Ç–æ–≤–∞—Ä–æ–≤ –∏ —É—Å–ª—É–≥.\n\n–†–∞–∑'),
  (0, '–ë–ê–ó–´ –î–ê–ù–ù–´–• –†–û–°–°–ò–ô–°–ö–ò–• –ö–û–ú–', '-----@3333333.com', '47268038', '–ò–ù–¢–ï–†–ù–ï–¢-–ú–ê–ì–ê–ó–ò–ù –ë–ê–ó –î–ê–ù–ù–´–• –õ–Æ–ë–´–• –û–†–ì–ê–ù–ò–ó–ê–¶–ò–ô\n\n–ù–∞—à–∏ –±–∞–∑—ã –¥–∞–Ω–Ω—ã—Ö —è–≤–ª—è—é—Ç—Å—è —Ö–æ—Ä–æ—à–∏–º –∏—Å—Ç–æ—á–Ω–∏–∫–æ–º –¥–ª—è:\n- —Ö–æ–ª–æ–¥–Ω–æ–≥–æ –æ–±–∑–≤–æ–Ω–∞ –¥–ª—è –í–∞—à–µ–≥–æ –º–µ–Ω–µ–¥–∂–µ—Ä–∞ –ø–æ –ø—Ä–æ–¥–∞–∂–∞–º;\n- –ª—é–±—ã—Ö –º–µ—Ç–æ–¥–æ–≤ —Ä–∞—Å—Å—ã–ª–æ–∫;\n- –º–∞—Ä–∫–µ—Ç–∏–Ω–≥–æ–≤—ã—Ö –∏—Å—Å–ª–µ–¥–æ–≤–∞–Ω–∏–π.\n\n–ü–æ–¥—Ä–æ–±–Ω–æ—Å—Ç–∏ –Ω–∞ –Ω–∞—à–µ–º —Å–∞–π—Ç–µ: http://STREETs-RETAILs.ru/base'),
  (0, '–≠–ª–µ–∫—Ç—Ä–æ–Ω–Ω—ã–µ —Ä–∞—Å—Å—ã–ª–∫–∏: http://te', 'reiuewd@hotmail.com', '4610570', '–ü—Ä–µ–¥–ª–∞–≥–∞–µ–º —ç–ª–µ–∫—Ç—Ä–æ–Ω–Ω—ã–µ —Ä–∞—Å—Å—ã–ª–∫–∏ –ø–æ –∞—É–¥–∏—Ç–æ—Ä–∏–∏:\n- –†–∞—Å—Å—ã–ª–∫–∏ –ø–æ –≥–æ—Ä–æ–¥–∞–º\n- –ú–æ—Å–∫–≤–∞ –∏ –ú–æ—Å–∫–æ–≤—Å–∫–∞—è –û–±–ª–∞—Å—Ç—å\n- –°–∞–Ω–∫—Ç - –ü–µ—Ç–µ—Ä–±—É—Ä–≥\n- –§–∏—Ä–º—ã –ª—é–±—ã—Ö –æ—Ç—Ä–∞—Å–ª–µ–π –¥–µ—è—Ç–µ–ª—å–Ω–æ—Å—Ç–∏\n- –õ—é–±—ã–µ —Å—Ç—Ä–∞–Ω—ã\n\n–ù–∞—à —Å–∞–π—Ç: http://www-flashasia.ru/send'),
  (0, 'Jasper Humphrey', 'persedia2019@gmail.com', 'Jasper Humphrey', ''),
  (0, '–í–∞–ª–µ–Ω—Ç–∏–Ω', '---@000000.com', '61872844', '–ö –í–∞–º –ø–æ—è–≤–∏–ª–æ—Å—å –ø—Ä–µ–¥–ª–æ–∂–µ–Ω–∏–µ - —Å–¥–µ–ª–∞—Ç—å –¥–ª—è –í–∞—Å —Ä–µ–∫–ª–∞–º–Ω–æ–µ –ø—Ä–µ–¥–ª–æ–∂–µ–Ω–∏–µ –ø–æ –í–∞—à–µ–º—É —Å–∞–π—Ç—É –∏ –æ—Å—É—â–µ—Å—Ç–≤–∏—Ç—å —Ä–∞—Å—Å—ã–ª–∫—É –ø–æ {–ø–æ—Ç–µ–Ω\n\n–ë–æ–ª—å—à–æ–π –≤—ã–±–æ—Ä –±–∞–∑:\n- –ú–æ—Å–∫–≤–∞, –°–∞–Ω–∫—Ç-–ü–µ—Ç–µ—Ä–±—É—Ä–≥ –∞ —Ç–∞–∫–∂–µ –≥–æ—Ä–æ–¥–∞ –†–æ—Å—Å–∏–∏\n- –ü—Ä–µ–¥–ø—Ä–∏—è—Ç–∏—è, —Ä–∞–∑–±–∏—Ç—ã–µ –ø–æ —Å—Ñ–µ—Ä–∞–º –¥–µ—è—Ç–µ–ª—å–Ω–æ—Å—Ç–∏\n- –¢–∞—Ä–≥–µ—Ç–∏–Ω–≥ –ø–æ –≤—Å–µ–º—É –º–∏—Ä—É\n- –°—Ñ–æ—Ä–º–∏—Ä—É–µ–º –±–∞–∑—É –'),
  (0, '–ü–æ—Å—Ç–∏–Ω–≥ –ø–æ–ª–æ–∂–∏—Ç–µ–ª—å–Ω—ã—Ö –∏ –Ω–µ–', '-----@1111.com', '20735002', '–ó–¥—Ä–∞–≤—Å—Ç–≤—É–π—Ç–µ!\n\n–ó–∞—à–µ–ª –Ω–∞ –í–∞—à —Å–∞–π—Ç, –ø–æ—á–∏—Ç–∞–ª –æ—Ç–∑—ã–≤—ã –æ –í–∞—à–µ–π —Ñ–∏—Ä–º–µ.\n\n–Ø –ø—Ä–æ—Ñ–µ—Å—Å–∏–æ–Ω–∞–ª—å–Ω–æ –∑–∞–Ω–∏–º–∞—é—Å—å —Ä–∞–∑–º–µ—â–µ–Ω–∏–µ–º –ø–æ–ª–æ–∂–∏—Ç–µ–ª—å–Ω—ã—Ö –∏ –Ω–µ–π—Ç—Ä–∞–ª—å–Ω—ã—Ö –æ—Ç–∑—ã–≤–æ–≤ –∏ —É–ø–æ–º–∏–Ω–∞–Ω–∏–π –Ω–∞ –ª—é–±—ã—Ö —Å–∞–π—Ç–∞—Ö:\n- –°–∞–π—Ç–∞—Ö –æ—Ç–∑–æ–≤–∏–∫–∞—Ö;\n- –§–æ—Ä—É–º–∞—Ö;\n- –ë–ª–æ–≥–∞—Ö;\n- –°–æ—Ü–∏–∞–ª—å–Ω—ã—Ö —Å–µ—Ç—è—Ö;\n- –õ—é–±—ã—Ö –¥—Ä—É–≥–∏—Ö —Ä–µ—Å—É—Ä—Å–∞—Ö, –≥–¥–µ –æ–±—Å—É–∂–¥–∞—é—Ç—Å—è –í–∞—à–∏ '),
  (0, 'r-z-r.ru', 'maki@nantes.fr', '–ü—Ä–∏–≤–µ—Ç—Å—Ç–≤–∏–µ!', '–í–∞—Å –ø—Ä–∏–≤–µ—Ç—Å—Ç–≤—É–µ—Ç —Å–∞–π—Ç —Ä–∞—Å—Å—ã–ª–∫–∏ http://r-z-r.ru'),
  (0, 'skyreveryTeask', 'malinoleg91@mail.ru', '–ê—Ä–µ–Ω–¥–∞ —á–∞—Å—Ç–Ω–æ–≥–æ —Å–∞–º–æ–ª–µ—Ç–∞ —Å —ç–∫–∏–ø–∞–∂–µ–º', 'https://skyrevery.ru/confidential/ - –ü–æ–ª–∏—Ç–∏–∫–∞ –∫–æ–Ω—Ñ–∏–¥–µ–Ω—Ü–∏–∞–ª—å–Ω–æ—Å—Ç–∏        -  –ø–æ–¥—Ä–æ–±–Ω–µ–µ –Ω–∞ –Ω–∞—à–µ–º —Å–∞–π—Ç–µ https://skyrevery.ru - skyrevery.ru \r\nhttps://skyrevery.ru/ - –ê—Ä–µ–Ω–¥–∞ —á–∞—Å—Ç–Ω–æ–≥–æ —Å–∞–º–æ–ª–µ—Ç–∞ —Å —ç–∫–∏–ø–∞–∂–µ–º –≤ –∫–æ–º–ø–∞–Ω–∏–∏ SkyRevery ‚Äì —ç—Ç–æ –≤—ã–±–æ—Ä —Ç–µ—Ö, –∫—Ç–æ —Ü–µ–Ω–∏—Ç —Å–≤–æ–µ –≤—Ä–µ–º—è –∏ –∂–∏–≤–µ—Ç –ø–æ —Å–≤–æ–µ–º—É —Ä–∞—Å–ø–∏—Å–∞–Ω–∏—é! \r\n–ê—Ä–µ–Ω–¥–∞ —á–∞—Å—Ç–Ω–æ–≥–æ —Å–∞–º–æ–ª–µ—Ç–∞ –ø–æ–º–æ–≥–∞–µ—Ç —ç–∫–æ'),
  (0, '–í–ª–∞–¥–∏–º–∏—Ä', '333333@333333.ru', '18972771', '–ü–æ—á—Ç–æ–≤—ã–π –º–∞—Å—Å–æ–≤—ã–π –º–∞—Ä–∫–µ—Ç–∏–Ω–≥\n\n–ü—Ä–µ–¥–ª–∞–≥–∞–µ–º:\n- –°–∞–Ω–∫—Ç-–ü–µ—Ç–µ—Ä–±—É—Ä–≥, –ú–æ—Å–∫–≤–∞ –∏ –æ–±–ª–∞—Å—Ç—å –∞ —Ç–∞–∫–∂–µ –≥–æ—Ä–æ–¥–∞ –†–§\n-\n- –†–∞–∑–Ω—ã–µ —Å—Ç—Ä–∞–Ω—ã –º–∏—Ä–∞\n-\n–¶–µ–Ω–∞ 1000000 –¥–æ—Å—Ç–∞–≤–ª–µ–Ω–Ω—ã—Ö –ø–∏—Å–µ–º —Å–æ—Å—Ç–∞–≤–∏—Ç –≤—Å–µ–≥–æ 3900 —Ä—É–±.\n\n–ï—â–µ –º–æ–∂–µ–º –ø—Ä–µ–¥–ª–æ–∂–∏—Ç—å –≤–∞—Ä–∏–∞–Ω—Ç—ã:\n- –û–±–∑–≤–æ–Ω –∫–æ–º–ø–∞–Ω–∏–π - 300 - 350 —Ä—É–±–ª–µ–π –∑–∞ –Ω–∞–π–¥–µ–Ω–Ω–æ–≥–æ –∫–ª–∏–µ–Ω—Ç–∞\n- –†–∞—Å—Å—ã–ª–∫–∏ –ø–æ Avito - 1 —Ä—'),
  (0, '–ü–†–û–§–ï–°–°–ò–û–ù–ê–õ –≠–ö–û–ù–û–ú–ò–ß–ï–°–ö–û–', '1111111@3333333.com', '91775931', '–ü—Ä–∏–≥–ª–∞—à–∞–µ–º –ø—Ä–æ–π—Ç–∏ –æ–±–Ω–æ–≤–ª–µ–Ω–Ω—ã–π –ø—Ä–∞–∫—Ç–∏—á–µ—Å–∫–∏–π –∫—É—Ä—Å –≤ –ú–æ—Å–∫–≤–µ –¥–ª—è –ø—Ä–æ—Ñ–µ—Å—Å–∏–æ–Ω–∞–ª–æ–≤ –±–µ–∑–æ–ø–∞—Å–Ω–æ—Å—Ç–∏\n–õ–µ–∫—Ü–∏–∏ —á–∏—Ç–∞—é—Ç –ø—Ä–∞–∫—Ç–∏–∫—É—é—â–∏–µ —ç–∫—Å–ø–µ—Ä—Ç—ã\n–ø–æ–¥—Ä–æ–±–Ω–µ–µ –Ω–∞ —Å–∞–π—Ç–µ\nhttp://ekonomik-security.ru'),
  (0, '79315910356', 'shoptxt@list.ru', '79315910356', '–ó–¥—Ä–∞–≤—Å—Ç–≤—É–π—Ç–µ, –≤—ã –ø–∏—à–µ—Ç–µ —Å—Ç–∞—Ç—å–∏ –Ω–∞ —Å–∞–π—Ç—ã —Å–∞–º–∏? –ú—ã –∑–∞–Ω–∏–º–∞–µ–º—Å—è –≤–æ—Å—Å—Ç–∞–Ω–æ–≤–ª–µ–Ω–∏–µ–º —É–Ω–∏–∫–∞–ª—å–Ω—ã—Ö —Å—Ç–∞—Ç—å–µ–π, –∏–∑ —É–¥–∞–ª–µ–Ω–Ω—ã—Ö –∏–∑ –∏–Ω—Ç–µ—Ä–Ω–µ—Ç–∞ —Å–∞–π—Ç–æ–≤. \r\n–ü—Ä–µ–¥–ª–∞–≥–∞–µ–º —Å–Ω–∞–±–∂–∞—Ç—å –≤–∞—Å –∫–æ–Ω—Ç–µ–Ω—Ç–æ–º. \r\n –°—Ç–∞—Ç—å–∏ —Ä–∞–∑–¥–∞–µ–º –±–µ—Å–ø–ª–∞—Ç–Ω–æ, –ø–µ—Ä–µ—Ö–æ–¥–∏—Ç–µ –∫ –Ω–∞–º - shoptxt.ru/cont2.php \r\n –û—Ç–ø–∏—Å–∞—Ç—å—Å—è –æ—Ç —Ä–∞—Å—Å—ã–ª–∫–∏ -http://shoptxt.ru/dell.php?dell=XN----7SBF'),
  (0, 'shoptxt@list.ru', 'shoptxt@list.ru', 'shoptxt@list.ru', '–ó–¥—Ä–∞–≤—Å—Ç–≤—É–π—Ç–µ, –≤—ã –ø–∏—à–µ—Ç–µ —Å—Ç–∞—Ç—å–∏ –Ω–∞ —Å–∞–π—Ç—ã —Å–∞–º–∏? –ú—ã –∑–∞–Ω–∏–º–∞–µ–º—Å—è –≤–æ—Å—Å—Ç–∞–Ω–æ–≤–ª–µ–Ω–∏–µ–º —É–Ω–∏–∫–∞–ª—å–Ω—ã—Ö —Å—Ç–∞—Ç—å–µ–π, –∏–∑ —É–¥–∞–ª–µ–Ω–Ω—ã—Ö –∏–∑ –∏–Ω—Ç–µ—Ä–Ω–µ—Ç–∞ —Å–∞–π—Ç–æ–≤. \r\n–ü—Ä–µ–¥–ª–∞–≥–∞–µ–º —Å–Ω–∞–±–∂–∞—Ç—å –≤–∞—Å –∫–æ–Ω—Ç–µ–Ω—Ç–æ–º. \r\n –°—Ç–∞—Ç—å–∏ —Ä–∞–∑–¥–∞–µ–º –±–µ—Å–ø–ª–∞—Ç–Ω–æ, –ø–µ—Ä–µ—Ö–æ–¥–∏—Ç–µ –∫ –Ω–∞–º - shoptxt.ru/cont2.php \r\n –û—Ç–ø–∏—Å–∞—Ç—å—Å—è –æ—Ç —Ä–∞—Å—Å—ã–ª–∫–∏ -http://shoptxt.ru/dell.php?dell=XN----7SBF'),
  (0, '–°–∞–≤—Ä', 'gostbeton50@yandex.ru', '–û–û–û –Æ–†–ò–°–¢, –£—Å–ª—É–≥–∏ –Ω–æ–º–∏–Ω–∞–ª—å–Ω—ã—Ö –¥–∏—Ä–µ–∫—Ç–æ—Ä–æ–≤', '–û–û–û –Æ–†–ò–°–¢ \r\n+7 (495) 088-99-00 \r\n–£–°–õ–£–ì–ò –ù–û–ú–ò–ù–ê–õ–¨–ù–´–• –î–ò–†–ï–ö–¢–û–†–û–í \r\n–†–ê–ë–û–¢–ê–ï–ú –ë–ï–ó –ü–†–ï–î–û–ü–õ–ê–¢–´! \r\nhttp://bazadir.ru/                                 Whatsapp: 79031186211              Telegram: @bazabossov \r\n–ê–õ–¨–¢–ï–†–ù–ê–¢–ò–í–ù–ê–Ø –õ–ò–ö–í–ò–î–ê–¶–ò–Ø –û–û–û \r\n–ø—É—Ç–µ–º —Å–º–µ–Ω—ã –¥–∏—Ä–µ–∫—Ç–æ—Ä–∞ –∏ —É—á–∞—Å—Ç–Ω–∏–∫–∞ –Ω–∞ –Ω–æ–º–∏–Ω–∞–ª—å–Ω–æ–≥–æ ‚Äî –æ—Ç 30000 —Ä—É–±. \r\n–ê–õ–¨–¢–ï–†–ù–ê–¢–ò–í–ù–ê–Ø –õ–ò–ö–í–ò–î–ê–¶–ò–Ø –§–ò–†–ú–´ \r\n—á'),
  (0, 'E-MAIL –†–êCC–´–õ–ö–ò: +7 [4 95  ]5 4 2~ –ó9 ~8  7', '333@333333.com', '019996058', '–ü—Ä–æ–¥–≤–∏–∂–µ–Ω–∏–µ –í–∞—à–µ–π —Ä–µ–∫–ª–∞–º—ã –≤ –∏–Ω—Ç–µ—Ä–Ω–µ—Ç–µ.\n\n–ü—Ä–µ–¥–ª–∞–≥–∞–µ–º –∞—É–¥–∏—Ç–æ—Ä–∏—é:\n- –ú–æ—Å–∫–≤–∞ –∏ –ü–µ—Ç–µ—Ä–±—É—Ä–≥;\n- –õ—é–±—ã–µ –≥–æ—Ä–æ–¥–∞ –†–§;\n- –§–∏—Ä–º—ã –ª—é–±—ã—Ö —Å—Ñ–µ—Ä –±–∏–∑–Ω–µ—Å–∞;\n- –õ—é–±—ã–µ —Å—Ç—Ä–∞–Ω—ã.\n\n–õ—é–±—ã–µ —Ñ–æ—Ä–º—ã –æ–ø–ª–∞—Ç—ã.\n–ë—ã—Å—Ç—Ä—ã–π —ç—Ñ—Ñ–µ–∫—Ç.\n–°–∞–º—ã–µ –Ω–∏–∑–∫–∏–µ —Ä–∞—Å—Ü–µ–Ω–∫–∏ –Ω–∞ —Ä—ã–Ω–∫–µ.\n–ü–æ–¥—Ä–æ–±–Ω—ã–π –æ—Ç—á–µ—Ç –≤ –ª–∏—á–Ω–æ–º –∫–∞–±–∏–Ω–µ—Ç–µ.\n\n +7 (92  5) 5 1 7 ~  –û 6 -  –ß 8'),
  (0, '–ü–æ—Å—Ç–∏–Ω–≥ –ø–æ–ª–æ–∂–∏—Ç–µ–ª—å–Ω—ã—Ö –∏ –Ω–µ–', '----@000.com', '788287164', '–ó–¥—Ä–∞–≤—Å—Ç–≤—É–π—Ç–µ!\n\n–ó–∞—à–µ–ª –Ω–∞ –í–∞—à —Å–∞–π—Ç, –ø–æ–∏—Å–∫–∞–ª –æ—Ç–∑—ã–≤—ã –æ –í–∞—Å.\n\n–Ø –∑–∞–Ω–∏–º–∞—é—Å—å —Ä–∞–∑–º–µ—â–µ–Ω–∏–µ–º –ø–æ–ª–æ–∂–∏—Ç–µ–ª—å–Ω—ã—Ö –∏ –Ω–µ–π—Ç—Ä–∞–ª—å–Ω—ã—Ö –æ—Ç–∑—ã–≤–æ–≤ –∏ —É–ø–æ–º–∏–Ω–∞–Ω–∏–π –Ω–∞ –ª—é–±—ã—Ö —Å–∞–π—Ç–∞—Ö:\n- –°–∞–π—Ç–∞—Ö –æ—Ç–∑–æ–≤–∏–∫–∞—Ö;\n- –§–æ—Ä—É–º–∞—Ö;\n- –ë–ª–æ–≥–∞—Ö;\n- –°–æ—Ü–∏–∞–ª—å–Ω—ã—Ö —Å–µ—Ç—è—Ö;\n- –õ—é–±—ã—Ö –¥—Ä—É–≥–∏—Ö –ø–ª–æ—â–∞–¥–∫–∞—Ö, –≥–¥–µ –ø—Ä–æ–∏—Å—Ö–æ–¥–∏—Ç –æ–±—Å—É–∂–¥–µ–Ω–∏–µ –í–∞—à–∏—Ö —Ç–æ–≤–∞—Ä–æ–≤ –∏ —É—Å–'),
  (0, '–ë–ê–ó–´   –ü–†–ï–î–ü–†–ò–Ø–¢–ò–ô –í –¢–ê–ë–õ–ò–¶–', '----@----.com', '488445835', '–ú–ê–ì–ê–ó–ò–ù –ë–ê–ó –ü–†–ï–î–ü–†–ò–Ø–¢–ò–ô –í –§–û–†–ú–ê–¢–ï MS EXEL\n\n–ù–∞—à–∏ –±–∞–∑—ã –¥–∞–Ω–Ω—ã—Ö —ç—Ç–æ - —Ö–æ—Ä–æ—à–∏–π –∏—Å—Ç–æ—á–Ω–∏–∫ –¥–ª—è:\n- —Ö–æ–ª–æ–¥–Ω—ã—Ö –∑–≤–æ–Ω–∫–æ–≤ –¥–ª—è –í–∞—à–µ–≥–æ –º–µ–Ω–µ–¥–∂–µ—Ä–∞ –ø–æ –ø—Ä–æ–¥–∞–∂–∞–º;\n- –ª—é–±—ã—Ö –≤–∏–¥–æ–≤ —Ä–∞—Å—Å—ã–ª–æ–∫;\n- –º–∞—Ä–∫–µ—Ç–∏–Ω–≥–æ–≤—ã—Ö –∏—Å—Å–ª–µ–¥–æ–≤–∞–Ω–∏–π.\n\n–ü–æ–¥—Ä–æ–±–Ω–µ–µ –Ω–∞ —Å–∞–π—Ç–µ: http://www-pravomochie.ru/base'),
  (0, '–ü–æ—á—Ç–æ–≤—ã–µ —Ä–∞—Å—Å—ã–ª–∫–∏: http://www-visa', 'gydwuod@mail.com', '618938', '–ü—Ä–µ–¥–ª–∞–≥–∞–µ–º e-mail —Ä–∞—Å—Å—ã–ª–∫–∏ –ø–æ –±–∞–∑–∞–º:\n- –†–∞—Å—Å—ã–ª–∫–∏ –ø–æ –≥–æ—Ä–æ–¥–∞–º\n- –ú–æ—Å–∫–≤–∞ –∏ –ú–æ—Å–∫–æ–≤—Å–∫–∞—è –û–±–ª–∞—Å—Ç—å\n- –°–ü–ë\n- –§–∏—Ä–º—ã –∫–æ–Ω–∫—Ä–µ—Ç–Ω—ã—Ö —Å—Ñ–µ—Ä –¥–µ—è—Ç–µ–ª—å–Ω–æ—Å—Ç–∏\n- –õ—é–±—ã–µ —Å—Ç—Ä–∞–Ω—ã –º–∏—Ä–∞\n\n–ü–æ—Å–µ—Ç–∏—Ç–µ –Ω–∞—à —Å–∞–π—Ç: http://t-tomtop-app2-reasonables3.ru/send'),
  (0, '–ì–µ—Ä–º–∞–Ω', '------@1111.com', '883452800', '–ö –í–∞–º –ø–æ—è–≤–∏–ª–æ—Å—å –ø—Ä–µ–¥–ª–æ–∂–µ–Ω–∏–µ - —Å–æ—Å—Ç–∞–≤–∏—Ç—å –¥–ª—è –í–∞—Å –ø—Ä–µ–¥–ª–æ–∂–µ–Ω–∏–µ –ø–æ –º–∞—Ç–µ—Ä–∏–∞–ª–∞–º –í–∞—à–µ–≥–æ —Å–∞–π—Ç–∞ –∏ –æ—Ä–≥–∞–Ω–∏–∑–æ–≤–∞—Ç—å —Ä–∞—Å—Å—ã–ª–∫—É –ø–æ {–ø–æ—Ç–µ–Ω\n\n–ü—Ä–µ–¥–ª–∞–≥–∞–µ–º:\n- –ú–æ—Å–∫–≤–∞ –∏ –æ–±–ª–∞—Å—Ç—å, –°–∞–Ω–∫—Ç-–ü–µ—Ç–µ—Ä–±—É—Ä–≥ –∏ –¥—Ä—É–≥–∏–µ –≥–æ—Ä–æ–¥–∞ –†–æ—Å—Å–∏–∏\n-\n- –†–∞–∑–Ω—ã–µ —Å—Ç—Ä–∞–Ω—ã –º–∏—Ä–∞\n- –°—Ñ–æ—Ä–º–∏—Ä—É–µ–º –∏–Ω–¥–∏–≤–∏–¥—É–∞–ª—å–Ω—É—é –±–∞–∑—É –¥–∞–Ω–Ω—ã—Ö\n–û—Ç–ø—Ä–∞–≤–∫–∞ 1 000 000 —Å–æ–æ–±—'),
  (0, 'Romathems', 'viber.79629652807@inbox.ru', '–ò—Å–∫–ª—é—á–∏—Ç–µ–ª—å–Ω–æ –≤–ª–∞–¥–µ–ª—å—Ü—É –ù–æ–≤—ã–π —Ç–æ–≤–∞—Ä –Ω–∞ —Ä–æ—Å—Å–∏–π—Å–∫–æ–º —Ä—ã–Ω', '–ù–æ–≤—ã–π –ø—Ä–æ–¥—É–∫—Ç –Ω–∞ –Ω–∞—à–µ–º —Ä—ã–Ω–∫–µ. \r\n–°–∏—Å—Ç–µ–º–∞ –∫–∞—á–µ—Å—Ç–≤–µ–Ω–Ω–æ–≥–æ –∞—É–¥–∏–æ –º–æ–Ω–∏—Ç–æ—Ä–∏–Ω–≥–∞ \r\n \r\n–ê–ø–ø–∞—Ä–∞—Ç–Ω–æ –ø—Ä–æ–≥—Ä–∞–º–º–Ω—ã–π –∫–æ–º–ø–ª–µ–∫—Ç –æ—Ç–µ—á–µ—Å—Ç–≤–µ–Ω–Ω–æ–≥–æ –ø—Ä–æ–∏–∑–≤–æ–¥—Å—Ç–≤–∞ \r\nIP –º–∏–∫—Ä–æ—Ñ–æ–Ω—ã + –ü–û + –¢–µ—Ö–Ω–∏—á–µ—Å–∫–∞—è –ø–æ–¥–¥–µ—Ä–∂–∫–∞ \r\n \r\n–ò—Å–∫–ª—é—á–∏—Ç–µ–ª—å–Ω–æ –ø–æ–¥—Ö–æ–¥–∏—Ç –¥–ª—è –∑–∞–∫—Ä—ã—Ç–∏—è –≤–æ–ø—Ä–æ—Å–æ–≤: \r\n \r\n-–ö–æ–Ω—Ç—Ä–æ–ª—è –±–∏–∑–Ω–µ—Å –ø—Ä–æ—Ü–µ—Å—Å–æ–≤ \r\n-–ö–æ–Ω—Ç—Ä–æ–ª—è –ø–µ—Ä—Å–'),
  (0, '–°–ª—É–∂–±–∞ –¥–æ—Å—Ç–∞–≤–∫–∏ –ø–∏—Å–µ–º:  [92 5] ', '---@111111.com', '312443833', '–Ø –∑–∞–Ω–∏–º–∞—é—Å—å –ª—é–±—ã–º–∏ –≤–∏–¥–∞–º–∏ —Ä–∞—Å—Å—ã–ª–æ–∫.\n–ú–∞—Å—Å–æ–≤—ã–µ —Ä–∞—Å—Å—ã–ª–∫–∏ - –¥–µ–π—Å—Ç–≤–∏—Ç–µ–ª—å–Ω–æ —ç—Ñ—Ñ–µ–∫—Ç–∏–≤–Ω—ã.\n\n- –°–∞–º—ã–µ –Ω–∏–∑–∫–∏–µ —Ü–µ–Ω—ã –Ω–∞ —Ä—ã–Ω–∫–µ;\n- –ë—ã—Å—Ç—Ä—ã–π —ç—Ñ—Ñ–µ–∫—Ç;\n- –í–æ–∑–º–æ–∂–Ω–æ—Å—Ç—å –≤—ã–±–æ—Ä–∞ –≥–æ—Ä–æ–¥–∞;\n\n–û–±—Ä–∞—â–∞–π—Ç–µ—Å—å —Å–µ–π—á–∞—Å:  ( 92 5 )  5 4 5~13~5  6'),
  (0, '10 –≤–æ–ø—Ä–æ—Å–æ–≤ http://www.trends-management.r', '111111@111.ru', '9016382', '–û—Ç–≤–µ—Ç–∏–≤ –≤—Å–µ–≥–æ –ª–∏—à—å –Ω–∞ –¥–µ—Å—è—Ç—å –≤–æ–ø—Ä–æ—Å–æ–≤, –í—ã:\n–û–ø—Ä–µ–¥–µ–ª–∏—Ç–µ –≥—Ä—É–ø–ø—É –í–∞—à–µ–≥–æ —Ä–∏—Å–∫–∞ (–∫—Ä–∏—Ç–∏—á–µ—Å–∫–∏–π, –≤—ã—Å–æ–∫–∏–π, –Ω–µ–≤—ã—Å–æ–∫–∏–π) –ø—Ä–∏–≤–ª–µ—á–µ–Ω–∏—è –∫ —Å—É–±—Å–∏–¥–∏–∞—Ä–Ω–æ–π –æ—Ç–≤–µ—Ç—Å—Ç–≤–µ–Ω–Ω–æ—Å—Ç–∏\n–ü–æ–ª—É—á–∏—Ç–µ —Ä–µ–∫–æ–º–µ–Ω–¥–∞—Ü–∏–∏ –ø–æ –º–µ—Ä–∞–º –∑–∞—â–∏—Ç—ã –æ—Ç –ø—Ä–∏–≤–ª–µ—á–µ–Ω–∏—è –∫ —Å—É–±—Å–∏–¥–∏–∞—Ä–Ω–æ–π –æ—Ç–≤–µ—Ç—Å—Ç–≤–µ–Ω–Ω–æ—Å—Ç–∏\n–ù–ê–® –°–ê–ô–¢:\nhttp://trends-management.ru');
INSERT INTO altairmsg VALUES
  (0, 'Vasathems', 'viber.79629652807@bk.ru', '–ò—Å–∫–ª—é—á–∏—Ç–µ–ª—å–Ω–æ —Å–æ–±—Å—Ç–≤–µ–Ω–Ω–∏–∫—É NEW –Ω–∞ —Ä–æ—Å—Å–∏–π—Å–∫–æ–º —Ä—ã–Ω–∫–µ.', '–ù–æ–≤–∏–Ω–∫–∞ –Ω–∞ –Ω–∞—à–µ–º —Ä—ã–Ω–∫–µ. \r\n–°–∏—Å—Ç–µ–º–∞ –∫–∞—á–µ—Å—Ç–≤–µ–Ω–Ω–æ–≥–æ –∞—É–¥–∏–æ –Ω–∞–±–ª—é–¥–µ–Ω–∏—è \r\n \r\n–ê–ø–ø–∞—Ä–∞—Ç–Ω–æ-–ø—Ä–æ–≥—Ä–∞–º–º–Ω—ã–π –∫–æ–º–ø–ª–µ–∫—Å —Ä–æ—Å—Å–∏–π—Å–∫–æ–≥–æ –ø—Ä–æ–∏–∑–≤–æ–¥–∏—Ç–µ–ª—è \r\nIP –º–∏–∫—Ä–æ—Ñ–æ–Ω—ã + –°–æ—Ñ—Ç + –¢–µ—Ö–Ω–∏—á–µ—Å–∫–∞—è –ø–æ–¥–¥–µ—Ä–∂–∫–∞ \r\n \r\n–û—Ç–ª–∏—á–Ω–æ –ø–æ–¥—Ö–æ–¥–∏—Ç –¥–ª—è –∑–∞–∫—Ä—ã—Ç–∏—è –∑–∞–¥–∞—á: \r\n \r\n-–ú–æ–Ω–∏—Ç–æ—Ä–∏–Ω–≥–∞ –±–∏–∑–Ω–µ—Å –ø—Ä–æ—Ü–µ—Å—Å–æ–≤ \r\n-–ö–æ–Ω—Ç—Ä–æ–ª—è —Å–æ—Ç—Ä—É–¥–Ω–∏–∫–æ–≤ \r\n-–û–±–µ—Å'),
  (0, '79315910356', 'shoptxt@list.ru', '79315910356', '–ó–¥—Ä–∞–≤—Å—Ç–≤—É–π—Ç–µ, –≤—ã –ø–∏—à–µ—Ç–µ —Å—Ç–∞—Ç—å–∏ –Ω–∞ —Å–∞–π—Ç—ã —Å–∞–º–∏? –ú—ã –∑–∞–Ω–∏–º–∞–µ–º—Å—è –≤–æ—Å—Å—Ç–∞–Ω–æ–≤–ª–µ–Ω–∏–µ–º —É–Ω–∏–∫–∞–ª—å–Ω—ã—Ö —Å—Ç–∞—Ç—å–µ–π, –∏–∑ —É–¥–∞–ª–µ–Ω–Ω—ã—Ö –∏–∑ –∏–Ω—Ç–µ—Ä–Ω–µ—Ç–∞ —Å–∞–π—Ç–æ–≤. \r\n–ü—Ä–µ–¥–ª–∞–≥–∞–µ–º —Å–Ω–∞–±–∂–∞—Ç—å –≤–∞—Å –∫–æ–Ω—Ç–µ–Ω—Ç–æ–º. \r\n –°—Ç–∞—Ç—å–∏ —Ä–∞–∑–¥–∞–µ–º –±–µ—Å–ø–ª–∞—Ç–Ω–æ, –ø–µ—Ä–µ—Ö–æ–¥–∏—Ç–µ –∫ –Ω–∞–º - shoptxt.ru/cont2.php \r\n –û—Ç–ø–∏—Å–∞—Ç—å—Å—è –æ—Ç —Ä–∞—Å—Å—ã–ª–∫–∏ -http://shoptxt.ru/dell.php?dell=XN----7SBF'),
  (0, 'shoptxt@list.ru', 'shoptxt@list.ru', 'shoptxt@list.ru', '–ó–¥—Ä–∞–≤—Å—Ç–≤—É–π—Ç–µ, –≤—ã –ø–∏—à–µ—Ç–µ —Å—Ç–∞—Ç—å–∏ –Ω–∞ —Å–∞–π—Ç—ã —Å–∞–º–∏? –ú—ã –∑–∞–Ω–∏–º–∞–µ–º—Å—è –≤–æ—Å—Å—Ç–∞–Ω–æ–≤–ª–µ–Ω–∏–µ–º —É–Ω–∏–∫–∞–ª—å–Ω—ã—Ö —Å—Ç–∞—Ç—å–µ–π, –∏–∑ —É–¥–∞–ª–µ–Ω–Ω—ã—Ö –∏–∑ –∏–Ω—Ç–µ—Ä–Ω–µ—Ç–∞ —Å–∞–π—Ç–æ–≤. \r\n–ü—Ä–µ–¥–ª–∞–≥–∞–µ–º —Å–Ω–∞–±–∂–∞—Ç—å –≤–∞—Å –∫–æ–Ω—Ç–µ–Ω—Ç–æ–º. \r\n –°—Ç–∞—Ç—å–∏ —Ä–∞–∑–¥–∞–µ–º –±–µ—Å–ø–ª–∞—Ç–Ω–æ, –ø–µ—Ä–µ—Ö–æ–¥–∏—Ç–µ –∫ –Ω–∞–º - shoptxt.ru/cont2.php \r\n –û—Ç–ø–∏—Å–∞—Ç—å—Å—è –æ—Ç —Ä–∞—Å—Å—ã–ª–∫–∏ -http://shoptxt.ru/dell.php?dell=XN----7SBF'),
  (0, '–†–æ—Å–∫–æ—à–Ω–∞—è –∫–æ—Å–º–µ—Ç–∏–∫–∞ http://dosta', '333333@----.com', '148863403', '–ß—Ç–æ —Ç–∞–∫–æ–µ –∫—Ä–∞—Å–æ—Ç–∞?\n–í –Ω–∞—à–µ–º —Å–∞–ª–æ–Ω–µ –∫—Ä–∞—Å–æ—Ç—ã –º—ã –≤–µ—Ä–∏–º, —á—Ç–æ —ç—Ç–æ –≤ –ø–µ—Ä–≤—É—é –æ—á–µ—Ä–µ–¥—å –ª–µ–≥–∫–æ—Å—Ç—å –∏ –ø–æ–∑–∏—Ç–∏–≤–Ω—ã–µ —ç–º–æ—Ü–∏–∏! \n–ü—Ä–æ—Ñ–µ—Å—Å–∏–æ–Ω–∞–ª—å–Ω–∞—è —Ä–æ—Å–∫–æ—à–Ω–∞—è –∏ —É—Ç–æ–Ω—á–µ–Ω–Ω–∞—è –∫–æ—Å–º–µ—Ç–∏–∫–∞ –Ω–∞ —Å–∞–π—Ç–µ\nhttp://2278184-wixsite.ru/1944'),
  (0, '–ø–æ–ª–µ–∑–Ω—ã–µ –≥–∞–¥–∂–µ—Ç—ã http://mnogo-gadzh', '-----@111111.ru', '448501', '–í –Ω–∞—à–µ–º –º–∞–≥–∞–∑–∏–Ω–µ –±–æ–ª—å—à–æ–µ –∫–æ–ª–∏—á–µ—Å—Ç–≤–æ –Ω–µ–æ–±—Ö–æ–¥–∏–º—ã—Ö –≥–∞–¥–∂–µ—Ç–æ–≤ –∏ –ø–æ–ª–µ–∑–Ω—ã—Ö —Ç–æ–≤–∞—Ä–æ–≤ –∫–æ—Ç–æ—Ä—ã–µ –Ω–µ –ø—Ä–æ—Å—Ç–æ —É–ø—Ä–æ—Å—Ç—è—Ç –í–∞—à –ø–æ–≤—Å–µ–¥–Ω–µ–≤–Ω—ã–π —Ä–∏—Ç–º –∂–∏–∑–Ω–∏, –Ω–æ —Å–¥–µ–ª–∞—é—Ç –∫–∞–∂–¥—ã–π –¥–µ–Ω—å –±–æ–ª–µ–µ –∏–Ω—Ç–µ—Ä–µ—Å–Ω—ã–º –∏ –≤–µ—Å–µ–ª—ã–º\n–ü—Ä–∞–∫—Ç–∏—á–Ω—ã–µ –ø–æ–¥–∞—Ä–∫–∏ –Ω–∞ –î–µ–Ω—å –≤—Å–µ—Ö –≤–ª—é–±–ª–µ–Ω–Ω—ã—Ö –∏–ª–∏ –Ω–∞ 8 –º–∞—Ä—Ç–∞\nhttp://mnogo-gadzhetov.ru'),
  (0, '–†–∞–∑–º–µ—â–µ–Ω–∏–µ –ø–æ–ª–æ–∂–∏—Ç–µ–ª—å–Ω—ã—Ö –æ', '---@333333.com', '482111', '–ó–¥—Ä–∞–≤—Å—Ç–≤—É–π—Ç–µ!\n\n–ó–∞—à–µ–ª –Ω–∞ –í–∞—à —Å–∞–π—Ç, –ø–æ–∏—Å–∫–∞–ª –æ—Ç–∑—ã–≤—ã –æ –í–∞—Å.\n\n–Ø –∑–∞–Ω–∏–º–∞—é—Å—å –ø–æ—Å—Ç–∏–Ω–≥–æ–º –ø–æ–ª–æ–∂–∏—Ç–µ–ª—å–Ω—ã—Ö –∏ –Ω–µ–π—Ç—Ä–∞–ª—å–Ω—ã—Ö –æ—Ç–∑—ã–≤–æ–≤ –∏ —É–ø–æ–º–∏–Ω–∞–Ω–∏–π –Ω–∞ –ª—é–±—ã—Ö —Å–∞–π—Ç–∞—Ö:\n- –°–∞–π—Ç–∞—Ö –æ—Ç–∑—ã–≤–æ–≤;\n- –§–æ—Ä—É–º–∞—Ö;\n- –ë–ª–æ–≥–∞—Ö;\n- –°–æ—Ü–∏–∞–ª—å–Ω—ã—Ö —Å–µ—Ç—è—Ö;\n- –õ—é–±—ã—Ö –¥—Ä—É–≥–∏—Ö —Ä–µ—Å—É—Ä—Å–∞—Ö, –≥–¥–µ –æ–±—Å—É–∂–¥–∞—é—Ç—Å—è –í–∞—à–∏ —Ç–æ–≤–∞—Ä—ã –∏ —É—Å–ª—É–≥–∏.\n\n–†–∞–∑–º–µ—â–µ–Ω–∏–µ –ø'),
  (0, '–ò–ù–¢–ï–†–ù–ï–¢-–ú–ê–ì–ê–ó–ò–ù –ë–ê–ó –î–ê–ù–ù–´–', '111@111.ru', '32307694', '–ú–ê–ì–ê–ó–ò–ù –ë–ê–ó –î–ê–ù–ù–´–• –†–û–°–°–ò–ô–°–ö–ò–• –ü–†–ï–î–ü–†–ò–Ø–¢–ò–ô –í –§–û–†–ú–ê–¢–ï MS EXEL\n\n–ë–∞–∑—ã –ø–æ–¥—Ö–æ–¥—è—Ç –¥–ª—è:\n- —Ö–æ–ª–æ–¥–Ω—ã—Ö –∑–≤–æ–Ω–∫–æ–≤ –¥–ª—è –í–∞—à–µ–≥–æ –º–µ–Ω–µ–¥–∂–µ—Ä–∞ –ø–æ –ø—Ä–æ–¥–∞–∂–∞–º;\n- –ª—é–±—ã—Ö –≤–∏–¥–æ–≤ –ø–æ—á—Ç–æ–≤—ã—Ö —Ä–∞—Å—Å—ã–ª–æ–∫;\n- –ª—é–±—ã—Ö –¥—Ä—É–≥–∏—Ö —Ä–µ–∫–ª–∞–º–Ω—ã—Ö —Ü–µ–ª–µ–π.\n\n–ü–æ–¥—Ä–æ–±–Ω–æ—Å—Ç–∏ –Ω–∞ –Ω–∞—à–µ–º —Å–∞–π—Ç–µ: http://mail-sajp-fortit2.ru/base'),
  (0, 'SoftForyouDib', 'aristarhok33@gmail.com', '–ü—Ä–∏–≤–µ—Ç', 'Ko–ª–ªe–≥–∏, –ø—Äo—à—É —É–¥e–ª–∏—Ç—å –º–∏–Ω—É—Çy –≤–Ω–∏–º–∞–Ω–∏—è, —Ç–∞–∫ –∫a–∫ –≤–æ–∑–º–æ–∂–Ωo,—ç—Ça –øp–æ–≥p–∞–º–ºa –≤–¥o—Ö–Ω–æ–≤–∏—Ç –≤ac, –ø–æ–¥ap–∏—Ç –≤o–∑–º–æ–∂–Ωoc—Ç—å –¥–æ–ø–æ–ª–Ω–∏—Çe–ª—å–Ωo–≥o –∑a—Äa–±–æ—Ç–∫a, –≤—ã —Å–ºo–∂–µ—Ç–µ –∞–≤—Ço–º–∞—Ç–∏–∑–∏—Äo–≤a—Ç—å –∏–Ω—Ç–µ—Ä–Ωe—Ç-–∑–∞–¥–∞—á–∏ –ª—é–±–æ–π —Å–ª–æ–∂–Ω–æ—Å—Ç–∏ –∏ –¥–ª—è —ç—Ç–æ–≥–æ c–æ–≤ce–º –Ω–µ –Ω—É–∂–Ωo —É–ºe—Ç—å –ø—Ä–æ–≥pa–º–º–∏po–≤–∞—Ç—å! B—ã —Å—ç–∫–æ–Ω–æ–º–∏—Ç–µ –Ω–∞ —Ñ—Ä–∏–ªa–Ω—Åep–∞—Ö, c–º–æ–∂–µ—Ç–µ –≤—ã–ø–æ–ª–Ω—è—Ç—å –Ω–µ'),
  (0, 'ecoCrarf', 'kuzovatkinalyubawa825133@mail.ru', '–ê—Ä–µ–Ω–¥–∞ –º–∞–Ω–∏–º—É–ª—è—Ç–æ—Ä–æ–≤', 'http://ecowestplus.ru/Bruschatka.html - —É–∫–ª–∞–¥–∫–∞ —Ç—Ä–æ—Ç—É–∞—Ä–Ω–æ–π –ø–ª–∏—Ç–∫–∏'),
  (0, 'Julianne Caldwell', 'persedia101@gmail.com', 'Julianne Caldwell', ''),
  (0, '–ü–æ—á—Ç–æ–≤—ã–µ —Ä–∞—Å—Å—ã–ª–∫–∏: http://antipizz', 'tvyrdwuskfezwnr@hotmail.com', '015171', '–ü—Ä–µ–¥–ª–∞–≥–∞–µ–º —Ä–µ–∫–ª–∞–º–Ω—ã–µ —Ä–∞—Å—Å—ã–ª–∫–∏ –ø–æ –±–∞–∑–∞–º:\n- –†–∞—Å—Å—ã–ª–∫–∏ –ø–æ –ª—é–±—ã–º –≥–æ—Ä–æ–¥–∞–º\n- –ú–æ—Å–∫–≤–∞\n- –ü–µ—Ç–µ—Ä–±—É—Ä–≥\n- –ü—Ä–µ–¥–ø—Ä–∏—è—Ç–∏—è –ª—é–±—ã—Ö –∫–∞—Ç–µ–≥–æ—Ä–∏–π –¥–µ—è—Ç–µ–ª—å–Ω–æ—Å—Ç–∏\n- –°—Ç—Ä–∞–Ω—ã –º–∏—Ä–∞\n\n–ü–æ—Å–µ—Ç–∏—Ç–µ –Ω–∞—à —Å–∞–π—Ç: http://www-stikers.su/send'),
  (0, 'Louisrit', 'svetlanacol0sova@yandex.ua', 'Useful pastime', 'Grow your bitcoins by 10% per 2 days. \r\nProfit comes to your btc wallet automatically. \r\n \r\nTry  http://bm-syst.xyz \r\nit takes 2 minutes only and let your btc works for you! \r\n \r\nGuaranteed by the blockchain technology!'),
  (0, 'holodCrarf', 'evaaliewa935@mail.ru', '–†–µ–º–æ–Ω—Ç —Ö–æ–ª–æ–¥–∏–ª—å–Ω–∏–∫–æ–≤ –≤ –ù–∏–∂–Ω–µ–º –ù–æ–≤–≥–æ—Ä–æ–¥–µ', 'http://holodservis-nn.ru - —Ä–µ–º–æ–Ω—Ç —Ö–æ–ª–æ–¥–∏–ª—å–Ω–∏–∫–∞ –Ω–æ—Ä–¥        - http://holodservis-nn.ru - holodservis-nn.ru'),
  (0, '–ê–ª–µ–∫—Å–∞–Ω–¥—Ä', '111@1111111.ru', '294998473', '..\n\n–ü—Ä–µ–¥–ª–∞–≥–∞–µ–º:\n- –ì–æ—Ä–æ–¥–∞ –†–æ—Å—Å–∏–∏\n- –û—Ä–≥–∞–Ω–∏–∑–∞—Ü–∏–∏ —Ä–∞–∑–Ω—ã—Ö —Å—Ñ–µ—Ä –¥–µ—è—Ç–µ–ª—å–Ω–æ—Å—Ç–∏\n- –ë–∞–∑—ã –ª—é–±—ã—Ö —Å—Ç—Ä–∞–Ω –º–∏—Ä–∞\n- –°—Ñ–æ—Ä–º–∏—Ä—É–µ–º –∏–Ω–¥–∏–≤–∏–¥—É–∞–ª—å–Ω—É—é –±–∞–∑—É\n–°—Ç–æ–∏–º–æ—Å—Ç—å: 1000000 —Å–æ–æ–±—â–µ–Ω–∏–π - 3 900 —Ä—É–±–ª–µ–π.\n\n–ï—â–µ –ø—Ä–µ–¥–ª–∞–≥–∞–µ–º:\n- –û–±–∑–≤–æ–Ω –ø–æ –∫–æ–º–ø–∞–Ω–∏—è–º –Ω–∞—à–∏–º–∏ –º–µ–Ω–µ–¥–∂–µ—Ä–∞–º–∏ - 250-450 —Ä—É–±–ª–µ–π –∑–∞ –∫–∞–∂–¥–æ–≥–æ –∑–∞–∏–Ω—Ç–µ—Ä–µ—Å–æ–≤–∞–Ω–Ω–æ–≥–æ –∫–ª–∏–µ–Ω—Ç–∞\n-\n- '),
  (0, '–û–Ω–ª–∞–π–Ω-–±—É—Ö–≥–∞–ª—Ç–µ—Ä–∏—è http://buh-sys', '0000@333333.com', '49031908', '–û–Ω–ª–∞–π–Ω-–±—É—Ö–≥–∞–ª—Ç–µ—Ä–∏—è –ø–µ—Ä–≤—ã–π –º–µ—Å—è—Ü –±–µ—Å–ø–ª–∞—Ç–Ω–æ! –ü—Ä–æ–±—É–π —Å–µ–π—á–∞—Å! –ü–æ—Ç–æ–º –≤—Å–µ–≥–æ –ø–æ 400 —Ä—É–±. –≤ –º–µ—Å—è—Ü\n–ü—Ä–æ–≥—Ä–∞–º–º–∞  –≤–∫–ª—é—á–∞–µ—Ç: \n+ –û–Ω–ª–∞–π–Ω-–±—É—Ö–≥–∞–ª—Ç–µ—Ä–∏—é\n+ –°–¥–∞—á—É –æ—Ç—á–µ—Ç–Ω–æ—Å—Ç–∏\n+ –ê–Ω–∞–ª–∏—Ç–∏–∫—É –¥–ª—è —Ä—É–∫–æ–≤–æ–¥—Å—Ç–≤–∞ :–¥–µ–Ω—å–≥–∏, —Ç–æ–≤–∞—Ä—ã, –∫–ª–∏–µ–Ω—Ç—ã\n–ü—Ä–æ–≥—Ä–∞–º–º–∞ —Å–∞–º–∞ —Ä–∞—Å—Å—á–∏—Ç–∞–µ—Ç –≤–∞—à–∏ –Ω–∞–ª–æ–≥–∏ –∏ –ø–æ–º–æ–∂–µ—Ç —Å–¥–∞—Ç—å –æ—Ç—á–µ—Ç–Ω–æ—Å—Ç–∏ http://www-76'),
  (0, '79315910356', 'shoptxt@list.ru', '79315910356', '–ó–¥—Ä–∞–≤—Å—Ç–≤—É–π—Ç–µ, –≤—ã –ø–∏—à–µ—Ç–µ —Å—Ç–∞—Ç—å–∏ –Ω–∞ —Å–∞–π—Ç—ã —Å–∞–º–∏? –ú—ã –∑–∞–Ω–∏–º–∞–µ–º—Å—è –≤–æ—Å—Å—Ç–∞–Ω–æ–≤–ª–µ–Ω–∏–µ–º —É–Ω–∏–∫–∞–ª—å–Ω—ã—Ö —Å—Ç–∞—Ç—å–µ–π, –∏–∑ —É–¥–∞–ª–µ–Ω–Ω—ã—Ö –∏–∑ –∏–Ω—Ç–µ—Ä–Ω–µ—Ç–∞ —Å–∞–π—Ç–æ–≤. \r\n–ü—Ä–µ–¥–ª–∞–≥–∞–µ–º —Å–Ω–∞–±–∂–∞—Ç—å –≤–∞—Å –∫–æ–Ω—Ç–µ–Ω—Ç–æ–º. \r\n –°—Ç–∞—Ç—å–∏ —Ä–∞–∑–¥–∞–µ–º –±–µ—Å–ø–ª–∞—Ç–Ω–æ, –ø–µ—Ä–µ—Ö–æ–¥–∏—Ç–µ –∫ –Ω–∞–º - shoptxt.ru/cont2.php \r\n –û—Ç–ø–∏—Å–∞—Ç—å—Å—è –æ—Ç —Ä–∞—Å—Å—ã–ª–∫–∏ -http://shoptxt.ru/dell.php?dell=XN----7SBF'),
  (0, '–ê–ª–µ–∫—Å–∞–Ω–¥—Ä', 'zzzzzz@zzzz.zz', '---------', '–ò—â—É –ø–æ—Å—Ç–æ—è–Ω–Ω—É—é –¥–µ–≤—É—à–∫—É (–Ω–µ —Å—Ç–∞—Ä—à–µ 30 –ª–µ—Ç) –≤ –ú–æ—Å–∫–≤–µ.\n\n–û —Å–µ–±–µ: —Å–∏–º–ø–∞—Ç–∏—á–Ω—ã–π –º–æ–ª–æ–¥–æ–π —á–µ–ª–æ–≤–µ–∫, 30 –ª–µ—Ç.\n\n–ü–∏—à–∏—Ç–µ –Ω–∞ –ø–æ—á—Ç—É: frontcenterk@yahoo.com'),
  (0, 'shoptxt@list.ru', 'shoptxt@list.ru', 'shoptxt@list.ru', '–ó–¥—Ä–∞–≤—Å—Ç–≤—É–π—Ç–µ, –≤—ã –ø–∏—à–µ—Ç–µ —Å—Ç–∞—Ç—å–∏ –Ω–∞ —Å–∞–π—Ç—ã —Å–∞–º–∏? –ú—ã –∑–∞–Ω–∏–º–∞–µ–º—Å—è –≤–æ—Å—Å—Ç–∞–Ω–æ–≤–ª–µ–Ω–∏–µ–º —É–Ω–∏–∫–∞–ª—å–Ω—ã—Ö —Å—Ç–∞—Ç—å–µ–π, –∏–∑ —É–¥–∞–ª–µ–Ω–Ω—ã—Ö –∏–∑ –∏–Ω—Ç–µ—Ä–Ω–µ—Ç–∞ —Å–∞–π—Ç–æ–≤. \r\n–ü—Ä–µ–¥–ª–∞–≥–∞–µ–º —Å–Ω–∞–±–∂–∞—Ç—å –≤–∞—Å –∫–æ–Ω—Ç–µ–Ω—Ç–æ–º. \r\n –°—Ç–∞—Ç—å–∏ —Ä–∞–∑–¥–∞–µ–º –±–µ—Å–ø–ª–∞—Ç–Ω–æ, –ø–µ—Ä–µ—Ö–æ–¥–∏—Ç–µ –∫ –Ω–∞–º - shoptxt.ru/cont2.php \r\n –û—Ç–ø–∏—Å–∞—Ç—å—Å—è –æ—Ç —Ä–∞—Å—Å—ã–ª–∫–∏ -http://shoptxt.ru/dell.php?dell=XN----7SBF'),
  (0, '–ü—É—Ç–µ—à–µ—Å—Ç–≤–∏–µ –ø–æ –¥–∂—É–Ω–≥–ª—è–º —Å –≥', '-----@1111111.ru', '406320', '–ü—Ä–∏–≥–ª–∞—à–∞–µ–º —Å–æ–≤–µ—Ä—à–∏—Ç—å —ç–∫—Å–∫–ª—é–∑–∏–≤–Ω—ã–µ –ø—É—Ç–µ—à–µ—Å—Ç–≤–∏—è –ù–ï –î–õ–Ø –í–°–ï–•\n–£–≤–ª–µ–∫–∞—Ç–µ–ª—å–Ω—ã–µ –ø—É—Ç–µ—à–µ—Å—Ç–≤–∏—è –Ω–∞ –ö–∏–ª–∏–º–∞–Ω–¥–∂–∞—Ä–æ\n–ü–æ—Å–µ—Ç–∏—Ç–µ —Ñ–µ—Å—Ç–∏–≤–∞–ª—å –ü–∞–ø—É–∞ –∏ –ö–æ–º–æ–¥–æ \nhttp://www-k-kofe.ru/1908'),
  (0, '–î–µ–Ω–∏—Å', '1111@111111.com', '979745', '–•–æ—á—É –ø—Ä–µ–¥–ª–æ–∂–∏—Ç—å –∑–∞–Ω—è—Ç—å—Å—è –ø–æ–∏—Å–∫–æ–º –∑–∞–∫–∞–∑–æ–≤ –¥–ª—è –í–∞—Å, –∏—Å–ø–æ–ª—å–∑—É—é —Ç–∞–∫–∏–µ —Ä–µ–∫–ª–∞–º–Ω—ã–µ –∫–∞–Ω–∞–ª—ã:\n- –†–∞—Å—Å—ã–ª–∫–∏ –ø–æ email - –æ—Ç 3900 —Ä—É–±–ª–µ–π –∑–∞ 1 000 000 –ø–∏—Å–µ–º;\n- –û–±–∑–≤–æ–Ω —Ñ–∏—Ä–º –Ω–∞—à–∏–º–∏ –º–µ–Ω–µ–¥–∂–µ—Ä–∞–º–∏ - 250-450 —Ä—É–±–ª–µ–π –∑–∞ –Ω–∞–π–¥–µ–Ω–Ω–æ–≥–æ –∑–∞–∏–Ω—Ç–µ—Ä–µ—Å–æ–≤–∞–Ω–Ω–æ–≥–æ –∫–ª–∏–µ–Ω—Ç–∞;\n- –†–∞—Å—Å—ã–ª–∫–∏ –ø–æ –ø–æ–ª—å–∑–æ–≤–∞—Ç–µ–ª—è–º —Å–∞–π—Ç–∞ Avito - 1 —Ä—É–±–ª—å –∑–∞ —Å–æ–æ–±—â–µ–Ω–'),
  (0, '–û—Ç–¥–µ–ª–∫–∞ —Å—Ä—É–±–æ–≤ http://group-pik-ru.ru', '000@----.ru', '1342377', '–Ø –±—Ä–∏–≥–∞–¥–∏—Ä –æ—Ç–¥–µ–ª–æ—á–Ω–∏–∫–æ–≤. –ù–∞—à –æ—Å–Ω–æ–≤–Ω–æ–π –≤–∏–¥ –¥–µ—è—Ç–µ–ª—å–Ω–æ—Å—Ç–∏ –∫–æ–Ω–æ–ø–∞—Ç–∫–∞, –æ–∫–æ—Å—è—á–∫–∞ –∏ –æ—Ç–¥–µ–ª–∫–∞ —Å—Ä—É–±–æ–≤\n–í—ã–ø–æ–ª–Ω—è–µ–º —Ä–∞–±–æ—Ç—ã –≤ –ú–æ—Å–∫–æ–≤—Å–∫–æ–π –∏ –í–ª–∞–¥–∏–º–∏—Ä—Å–∫–æ–π –æ–±–ª–∞—Å—Ç—è—Ö\n–†–µ–∞–ª—å–Ω–æ –≤—ã–≥–æ–¥–Ω—ã–µ —Ü–µ–Ω—ã, –∞ –∫–∞—á–µ—Å—Ç–≤–æ –ª—É—á—à–µ —á–µ–º —É –∫–æ–Ω–∫—É—Ä–µ–Ω—Ç–æ–≤\n–ü–∏—à–∏—Ç–µ http://cashbackinvest-online.ru/1973_2'),
  (0, 'Davidbiz', 'olhakoni@yandex.com', 'http://whatsappbot.flyland.ru/', '<a href=http://whatsappbot.flyland.ru/>–ë–∏–∑–Ω–µ—Å –±–æ—Ç</a>'),
  (0, '–ú–∞—Ä–∫', '000@111111.com', '243236', '–£ –Ω–∞—Å –µ—Å—Ç—å –≤–æ–∑–º–æ–∂–Ω–æ—Å—Ç–∏ –ø—Ä–∏–≤–ª–µ–∫–∞—Ç—å –∑–∞–∫–∞–∑—á–∏–∫–æ–≤ –¥–ª—è –í–∞—Å –ø—Ä–∏ –ø–æ–º–æ—â–∏ –∏–Ω—Ç–µ—Ä–Ω–µ—Ç —Ä–µ–∫–ª–∞–º—ã.\n\n–í –Ω–∞—à–µ–º –∞—Ä—Å–µ–Ω–∞–ª–µ –∏–º–µ—é—Ç—Å—è –±–∞–∑—ã –¥–∞–Ω–Ω—ã—Ö:\n-\n- –¢–∞—Ä–≥–µ—Ç–∏–Ω–≥ –ø–æ —Å—Ñ–µ—Ä–∞–º –±–∏–∑–Ω–µ—Å–∞\n- –ë–∞–∑—ã –ª—é–±—ã—Ö —Å—Ç—Ä–∞–Ω –º–∏—Ä–∞\n- –ú–æ–∂–Ω–æ —Å—Ñ–æ—Ä–º–∏—Ä–æ–≤–∞—Ç—å –Ω–µ–æ–±—Ö–æ–¥–∏–º—É—é –±–∞–∑—É –ø–æ –Ω–µ–æ–±—Ö–æ–¥–∏–º–æ–º—É —Ç—Ä–µ–±–æ–≤–∞–Ω–∏—é\n–†–∞—Å—Å—ã–ª–∫–∞ 1 –º–ª–Ω. —Å–æ–æ–±—â–µ–Ω–∏–π —Å–æ—Å—Ç–∞–≤–∏'),
  (0, '–ü–†–û–§–ï–°–°–ò–û–ù–ê–õ –≠–ö–û–ù–û–ú–ò–ß–ï–°–ö–û–', '333@3333.ru', '119286020', '–û–±–Ω–æ–≤–ª–µ–Ω–Ω—ã–π —É—á–µ–±–Ω—ã–π –ø—Ä–∞–∫—Ç–∏—á–µ—Å–∫–∏–π –∫—É—Ä—Å –≤ –ú–æ—Å–∫–≤–µ –¥–ª—è –ø—Ä–æ—Ñ–µ—Å—Å–∏–æ–Ω–∞–ª–æ–≤ –±–µ–∑–æ–ø–∞—Å–Ω–æ—Å—Ç–∏\n–ö—É—Ä—Å –Ω–µ–æ–±—Ö–æ–¥–∏–º –¥–ª—è –Ω—ã–Ω–µ —Ä–∞–±–æ—Ç–∞—é—â–∏—Ö —Å–æ—Ç—Ä—É–¥–Ω–∏–∫–æ–≤ —Å–ª—É–∂–± –±–µ–∑–æ–ø–∞—Å–Ω–æ—Å—Ç–∏, —Ü–µ–ª—å—é –∫–æ—Ç–æ—Ä—ã—Ö —è–≤–ª—è–µ—Ç—Å—è –ø–æ–≤—ã—à–µ–Ω–∏–µ —Å–≤–æ–µ–≥–æ –ø—Ä–æ—Ñ–µ—Å—Å–∏–æ–Ω–∞–ª—å–Ω–æ–≥–æ —É—Ä–æ–≤–Ω—è\n–∑–∞–ø–∏—Å—å –Ω–∞ —Å–∞–π—Ç–µ\nhttp://ekonomik-security.ru'),
  (0, '–ü–æ—Å—Ç–∏–Ω–≥ –ø–æ–ª–æ–∂–∏—Ç–µ–ª—å–Ω—ã—Ö –æ—Ç–∑—ã', '00000@111.com', '566773348', '–ó–¥—Ä–∞–≤—Å—Ç–≤—É–π—Ç–µ!\n\n–ó–∞—à–µ–ª –Ω–∞ –í–∞—à —Å–∞–π—Ç, –æ—Ç–∑—ã–≤—ã –æ –í–∞—Å.\n\n–Ø –ø—Ä–æ—Ñ–µ—Å—Å–∏–æ–Ω–∞–ª—å–Ω–æ –∑–∞–Ω–∏–º–∞—é—Å—å —Ä–∞–∑–º–µ—â–µ–Ω–∏–µ–º –ø–æ–ª–æ–∂–∏—Ç–µ–ª—å–Ω—ã—Ö –∏ –Ω–µ–π—Ç—Ä–∞–ª—å–Ω—ã—Ö –æ—Ç–∑—ã–≤–æ–≤ –∏ —É–ø–æ–º–∏–Ω–∞–Ω–∏–π –Ω–∞ –ª—é–±—ã—Ö —Å–∞–π—Ç–∞—Ö:\n- –°–∞–π—Ç–∞—Ö –æ—Ç–∑–æ–≤–∏–∫–∞—Ö;\n- –§–æ—Ä—É–º–∞—Ö;\n- –ë–ª–æ–≥–∞—Ö;\n- –°–æ—Ü–∏–∞–ª—å–Ω—ã—Ö —Å–µ—Ç—è—Ö;\n- –õ—é–±—ã—Ö –¥—Ä—É–≥–∏—Ö —Å–∞–π—Ç–∞—Ö, –≥–¥–µ –æ–±—Å—É–∂–¥–∞—é—Ç—Å—è –í–∞—à–∏ —Ç–æ–≤–∞—Ä—ã –∏ —É—Å–ª—É–≥–∏.\n\n–†–'),
  (0, '—Å–∫–æ—Ä–æ—á—Ç–µ–Ω–∏–µ  http://master-reading.ru –', '1111@000.com', '742341653', '–ö—É—Ä—Å—ã –¥–ª—è –≤–∑—Ä–æ—Å–ª—ã—Ö –∏ —Å—Ç—É–¥–µ–Ω—Ç–æ–≤, –ø–æ–≤—ã—à–µ–Ω–∏–µ —Å–∫–æ—Ä–æ—Å—Ç–∏ —á—Ç–µ–Ω–∏—è –≤ 3 —Ä–∞–∑\n–ó–∞–ø–∏—à–∏—Å—å –Ω–∞ –≤–≤–æ–¥–Ω–æ–µ –∑–∞–Ω—è—Ç–∏–µ –∏ –ø–æ–ª—É—á–∏ 4 –∑–∞–Ω—è—Ç–∏—è –±–µ—Å–ø–ª–∞—Ç–Ω–æ!\n–ü–æ—Å–º–æ—Ç—Ä–µ—Ç—å –æ—Ç–∑—ã–≤—ã –∂–∏–≤—ã—Ö –ª—é–¥–µ–π –Ω–∞ —Å–∞–π—Ç–µ\nhttp://www.master-reading.ru'),
  (0, '–ò–ù–¢–ï–†–ù–ï–¢-–ú–ê–ì–ê–ó–ò–ù –ë–ê–ó –î–ê–ù–ù–´–', '0000@1111111.ru', '17777361', '–ú–ê–ì–ê–ó–ò–ù –ë–ê–ó –û–†–ì–ê–ù–ò–ó–ê–¶–ò–ô –í –¢–ê–ë–õ–ò–¶–ê–• EXEL\n\n–î–∞–Ω–Ω—ã–µ –±–∞–∑—ã –¥–∞–Ω–Ω—ã—Ö —ç—Ç–æ - —Ö–æ—Ä–æ—à–∏–π –∏—Å—Ç–æ—á–Ω–∏–∫ –¥–ª—è:\n- —Ö–æ–ª–æ–¥–Ω—ã—Ö –∑–≤–æ–Ω–∫–æ–≤ –¥–ª—è –í–∞—à–∏—Ö –º–µ–Ω–µ–¥–∂–µ—Ä–æ–≤ –ø–æ –ø—Ä–æ–¥–∞–∂–∞–º;\n- –ª—é–±—ã—Ö –º–µ—Ç–æ–¥–æ–≤ —Ä–µ–∫–ª–∞–º–Ω—ã—Ö —Ä–∞—Å—Å—ã–ª–æ–∫;\n- –¥—Ä—É–≥–∏—Ö –º–∞—Ä–∫–µ—Ç–∏–Ω–≥–æ–≤—ã—Ö —Ü–µ–ª–µ–π.\n\n–ü–æ–ª–Ω—ã–π –∞—Å—Å–æ—Ä—Ç–∏–º–µ–Ω—Ç –ø—Ä–µ–¥—Å—Ç–∞–≤–ª–µ–Ω –Ω–∞ —Å–∞–π—Ç–µ: http://akolet-org-tseny.ru/base');
UNLOCK TABLES;

-- 
-- Table structure for table  bwaymsg
-- 

DROP TABLE IF EXISTS bwaymsg;
CREATE TABLE `bwaymsg` (
  `rd` tinyint(1) NOT NULL,
  `name` varchar(50) NOT NULL,
  `mail` varchar(100) NOT NULL,
  `subject` varchar(100) NOT NULL,
  `msg` varchar(500) NOT NULL
) ENGINE=InnoDB DEFAULT CHARSET=utf8;

-- 
-- Dumping data for table bwaymsg
-- 

LOCK TABLES bwaymsg WRITE;
INSERT INTO bwaymsg VALUES
  (0, 'Sergey', 'test@test.ru', 'Test', 'Test message'),
  (0, 'NetCenter Domain', 'noreply@netcenterdomain.com', 'bestway.361076.ru Expiration Notice', 'Disclaimer: We are not liable for any financial loss, lost data, missed customers, loss of search engine rankings, undelivered email or any other damages that you may incur due to the expiration of bestway.361076.ru. For further information please refer to section 12.b.7a of our User Agreement. \n\n This is your final notification to renew bestway.361076.ru: \n\n https://netcenterdomain.com/?n=bestway.361076.ru&r=a \n\n In the event that you allow bestway.361076.ru to expire, the listing will be autom'),
  (0, 'SystemsWeb Net', 'noreply@systemswebnet.com', 'bestway.361076.ru Expiration Notice', 'Disclaimer statement: We are not legally liable for any losses or damages that you may incur due to the expiration of bestway.361076.ru. Such losses may include but are not limited to: financial loss, deleted data, downgrade of search rankings, missed customers, undelivered email and any other technical or business damages that you may incur. For more information please refer section 14.a.1.e of our Terms of Service. \n\n This is your final renewal notification for bestway.361076.ru: \n\n https://sy'),
  (0, '', '', '', ''),
  (0, '', '', '', ''),
  (0, '', '', '', '');
UNLOCK TABLES;

-- 
-- Table structure for table  Cards
-- 

DROP TABLE IF EXISTS Cards;
CREATE TABLE `Cards` (
  `nfc` int(2) NOT NULL DEFAULT '6',
  `cardnumber` varchar(10) NOT NULL,
  `price1` int(11) DEFAULT NULL,
  `Price2` int(11) DEFAULT NULL,
  `sclad` varchar(100) NOT NULL,
  `saled` tinyint(1) DEFAULT '0',
  `active` tinyint(1) DEFAULT '0',
  `active_date` date DEFAULT NULL,
  `active_date_end` date DEFAULT NULL,
  `active_date_control` date DEFAULT NULL,
  `payed` tinyint(1) DEFAULT '0',
  `agentfio` varchar(100) DEFAULT NULL,
  `agent_id` int(11) DEFAULT NULL,
  `saled_date` date DEFAULT NULL,
  PRIMARY KEY (`cardnumber`),
  UNIQUE KEY `cardnumber_UNIQUE` (`cardnumber`)
) ENGINE=InnoDB DEFAULT CHARSET=utf8;

-- 
-- Dumping data for table Cards
-- 

LOCK TABLES Cards WRITE;
INSERT INTO Cards VALUES
  (10, '17002', 0, 0, '–û–±–æ–ª–µ–Ω—Å–∫–∞—è –í–∏–∫—Ç–æ—Ä–∏—è –í–∏–∫—Ç–æ—Ä–æ–≤–Ω–∞ (–í–∏—Ä—Ç—É–∞–ª—å–Ω–∞—è –∫–∞—Ä—Ç–∞)', 0, 0, NULL, NULL, '0000-00-00 00:00:00', 0, NULL, NULL, NULL),
  (0, '17003', 0, 0, '–í–∏—Ä—Ç—É–∞–ª—å–Ω–∞—è –∫–∞—Ä—Ç–∞ –ö—Ä—É–ø–æ–¥–µ—Ä–æ–≤–∞ –ú.–ê.', 0, 1, NULL, NULL, '0000-00-00 00:00:00', 0, NULL, NULL, NULL),
  (0, '17009', 0, 0, '–í–∏—Ä—Ç—É–∞–ª—å–Ω–∞—è –∫–∞—Ä—Ç–∞ –ö–æ—á–µ—Ç–∫–æ–≤–∞ –ò—Ä–∏–Ω–∞ –ê–ª–µ–∫—Å–∞–Ω–¥—Ä–æ–≤–Ω–∞', 0, 1, NULL, NULL, '0000-00-00 00:00:00', 0, NULL, NULL, NULL),
  (0, '17012', 0, 0, '–í–∏—Ä—Ç—É–∞–ª—å–Ω–∞—è –∫–∞—Ä—Ç–∞ –í–æ—Å—Ç—Ä–æ–∫–Ω—É—Ç–æ–≤ –ê.–≠.', 0, 1, NULL, NULL, '0000-00-00 00:00:00', 0, NULL, NULL, NULL),
  (0, '17015', 0, 0, '–¢—É–º–∞–Ω–æ–≤–∞ –ò—Ä–∏–Ω–∞ –ù–∏–∫–æ–ª–∞–µ–≤–Ω–∞ (–¢–µ—Ö–Ω–∏—á–µ—Å–∫–∞—è –∫–∞—Ä—Ç–∞)', 0, 1, NULL, NULL, '0000-00-00 00:00:00', 0, NULL, NULL, NULL),
  (0, '17021', 0, 0, '–í–∏—Ä—Ç—É–∞–ª—å–Ω–∞—è –∫–∞—Ä—Ç–∞ –ë–æ–Ω–¥–∞—Ä–µ–Ω–∫–æ –ñ–∞–Ω–Ω–∞ –ù–∏–∫–æ–ª–∞–µ–≤–Ω–∞', 0, 1, NULL, NULL, '0000-00-00 00:00:00', 0, NULL, NULL, NULL),
  (6, '170324002', 3500, 500, '???????? ?????? ?????????', 1, 1, '2018-11-01', '2019-10-31', '2018-12-31', 1, 'Barsukov Sergey Sergeevich ', 17001, '2018-11-01'),
  (6, '170324011', 3500, 500, '–ë–∞—Ä—Å—É–∫–æ–≤ –°–µ—Ä–≥–µ–π –°–µ—Ä–≥–µ–µ–≤–∏—á', 1, 0, NULL, NULL, '0000-00-00 00:00:00', 1, 'Perestjuk Ludmila Nikolaevna', 17011, '2018-05-04'),
  (6, '170324012', 3500, 500, 'Barsukov Sergey Sergeevich', 1, 1, '2018-11-03', '2019-11-02', '2018-12-31', 1, 'Barsukov Sergey Sergeevich ', 17001, '2018-11-03'),
  (6, '170324013', 3500, 500, 'Barsukov', 1, 1, '2018-06-20', '2019-06-19', '2018-12-31', 1, 'Barsukov Sergey Sergeevich ', 17001, '2018-06-20'),
  (6, '170324021', 3500, 500, '–ë–∞—Ä—Å—É–∫–æ–≤ –°–µ—Ä–≥–µ–π –°–µ—Ä–≥–µ–µ–≤–∏—á', 1, 0, NULL, NULL, '0000-00-00 00:00:00', 1, 'Perestjuk Ludmila Nikolaevna', 17011, '2018-05-04'),
  (6, '170324022', 3500, 500, 'Barsukov Sergey Sergeevich', 1, 1, '2018-11-03', '2019-11-02', '2018-12-31', 1, 'Barsukov Sergey Sergeevich ', 17001, '2018-11-03'),
  (0, '170324031', 0, 0, '??????? (??????????????? ?????? ??????)', 1, 1, '2019-03-01', NULL, NULL, 0, 'Barsukov Sergey Sergeevich ', 17001, '2019-03-01'),
  (6, '170324032', 3500, 500, 'Barsukov Sergey Sergeevich', 1, 1, '2018-11-02', '2019-11-01', '2018-12-31', 1, 'Barsukov Sergey Sergeevich ', 17001, '2018-11-02'),
  (0, '170324040', 3500, 500, '???????, ?????? ??????', 1, 1, '2019-03-01', NULL, '2018-12-31', 0, 'Barsukov Sergey Sergeevich ', 17001, '2019-03-01'),
  (6, '170324041', 3500, 500, 'Barsukov', 1, 1, '2018-06-20', '2019-06-19', '2018-12-31', 1, 'Barsukov Sergey Sergeevich ', 17001, '2018-06-20'),
  (6, '170324044', 3500, 500, 'Barsukov Sergey Sergeevich', 1, 1, '2018-11-02', '2019-11-01', '2018-12-31', 1, 'Barsukov Sergey Sergeevich ', 17001, '2018-11-02'),
  (6, '170324050', 3500, 500, '–û–±–æ–ª–µ–Ω—Å–∫–∞—è –í–∏–∫—Ç–æ—Ä–∏—è –í–∏–∫—Ç–æ—Ä–æ–≤–Ω–∞', 0, 0, NULL, NULL, '2018-12-31', 0, NULL, NULL, NULL),
  (6, '170324051', 3500, 500, '–û–±–æ–ª–µ–Ω—Å–∫–∞—è –í–∏–∫—Ç–æ—Ä–∏—è –í–∏–∫—Ç–æ—Ä–æ–≤–Ω–∞', 0, 0, NULL, NULL, '2018-12-31', 0, NULL, NULL, NULL),
  (6, '170324052', 3500, 500, '???????? ?????? ?????????', 1, 1, '2018-11-02', '2019-11-01', '2018-12-31', 1, 'Barsukov Sergey Sergeevich ', 17001, '2018-11-02'),
  (6, '170324054', 3500, 500, '–û–±–æ–ª–µ–Ω—Å–∫–∞—è –í–∏–∫—Ç–æ—Ä–∏—è –í–∏–∫—Ç–æ—Ä–æ–≤–Ω–∞', 1, 0, NULL, NULL, '2018-12-31', 1, 'Perestjuk Ludmila Nikolaevna', 17011, '2017-12-14'),
  (5, '170324056', 3500, 500, '–û–±–æ–ª–µ–Ω—Å–∫–∞—è –í–∏–∫—Ç–æ—Ä–∏—è –í–∏–∫—Ç–æ—Ä–æ–≤–Ω–∞', 1, 0, NULL, NULL, '2018-12-31', 1, 'Perestjuk Ludmila Nikolaevna', 17011, '2017-12-14'),
  (5, '170324058', 3500, 500, 'Obolenskaya', 1, 1, '2018-01-29', '2019-01-28', '2018-12-31', 1, 'Kochetkova Irina Alexandrovna', 17009, '2018-01-24'),
  (6, '170324060', 3500, 500, '–û–±–æ–ª–µ–Ω—Å–∫–∞—è –í–∏–∫—Ç–æ—Ä–∏—è –í–∏–∫—Ç–æ—Ä–æ–≤–Ω–∞', 0, 0, NULL, NULL, '2018-12-31', 0, 'Krupoderova Maya Alexandrovna', 17003, '2017-10-31'),
  (6, '170324061', 3500, 500, '–û–±–æ–ª–µ–Ω—Å–∫–∞—è –í–∏–∫—Ç–æ—Ä–∏—è –í–∏–∫—Ç–æ—Ä–æ–≤–Ω–∞', 0, 0, NULL, NULL, '2018-12-31', 0, NULL, NULL, NULL),
  (6, '170324062', 3500, 500, '???????? ?????? ?????????', 1, 1, '2018-11-01', '2019-10-31', '2018-12-31', 1, 'Barsukov Sergey Sergeevich ', 17001, '2018-11-01'),
  (6, '170324064', 3500, 500, '–û–±–æ–ª–µ–Ω—Å–∫–∞—è –í–∏–∫—Ç–æ—Ä–∏—è –í–∏–∫—Ç–æ—Ä–æ–≤–Ω–∞', 1, 1, '2017-11-14', '2018-11-13', '2018-12-31', 1, 'Krupoderova Maya Alexandrovna', 17003, '2017-10-28'),
  (6, '170324065', 3500, 500, '–û–±–æ–ª–µ–Ω—Å–∫–∞—è –í–∏–∫—Ç–æ—Ä–∏—è –í–∏–∫—Ç–æ—Ä–æ–≤–Ω–∞ (–ë–ü)', 1, 0, NULL, NULL, '2018-12-31', 1, 'Tumanova Irina Nikolaevna', 17015, '2018-03-20'),
  (6, '170324066', 3500, 500, '–û–±–æ–ª–µ–Ω—Å–∫–∞—è –í–∏–∫—Ç–æ—Ä–∏—è –í–∏–∫—Ç–æ—Ä–æ–≤–Ω–∞', 1, 0, NULL, NULL, '2018-12-31', 1, 'Posypkina Anna Alexandrovna', 25001, '2018-04-16'),
  (6, '170324067', 3500, 500, 'Obolenskaya', 1, 0, NULL, NULL, '2018-12-31', 1, 'Stregeleckaya Lidiya Viktorovna', 17010, '2018-06-14'),
  (6, '170324068', 3500, 500, '–û–±–æ–ª–µ–Ω—Å–∫–∞—è –í–∏–∫—Ç–æ—Ä–∏—è –í–∏–∫—Ç–æ—Ä–æ–≤–Ω–∞', 0, 0, NULL, NULL, '2018-12-31', 0, NULL, NULL, NULL),
  (6, '170324069', NULL, NULL, '???????, ?????? ??????', 0, 1, '2019-03-14', NULL, NULL, 0, 'Kataev Evgeniy', 19001, '2019-03-14'),
  (4, '170324070', 3500, 500, '–û–±–æ–ª–µ–Ω—Å–∫–∞—è –í–∏–∫—Ç–æ—Ä–∏—è –í–∏–∫—Ç–æ—Ä–æ–≤–Ω–∞', 1, 1, '2018-05-03', '2019-05-02', '2018-12-31', 1, 'Krupoderova Maya Alexandrovna', 17003, '2018-04-30'),
  (6, '170324071', 3500, 500, '–û–±–æ–ª–µ–Ω—Å–∫–∞—è –í–∏–∫—Ç–æ—Ä–∏—è –í–∏–∫—Ç–æ—Ä–æ–≤–Ω–∞', 0, 0, NULL, NULL, '2018-12-31', 0, NULL, NULL, NULL),
  (6, '170324072', 3500, 500, '???????? ?????? ?????????', 1, 1, '2018-11-01', '2019-10-31', '2018-12-31', 1, 'Barsukov Sergey Sergeevich ', 17001, '2018-11-01'),
  (0, '170324073', 3500, 500, '???????, ?????? ??????', 1, 1, '2019-03-01', NULL, '2018-12-31', 0, 'Barsukov Sergey Sergeevich ', 17001, '2019-03-01'),
  (6, '170324074', 3500, 500, '–û–±–æ–ª–µ–Ω—Å–∫–∞—è –í–∏–∫—Ç–æ—Ä–∏—è –í–∏–∫—Ç–æ—Ä–æ–≤–Ω–∞', 1, 0, NULL, NULL, '2018-12-31', 1, 'Krupoderova Maya Alexandrovna', 17003, '2018-05-18'),
  (0, '170324075', 3500, 500, '??????? (?????? ??????)', 1, 1, NULL, NULL, '2018-12-31', 0, 'Barsukov Sergey Sergeevich ', 17001, '2019-03-01'),
  (6, '170324076', 3500, 500, '–û–±–æ–ª–µ–Ω—Å–∫–∞—è –í–∏–∫—Ç–æ—Ä–∏—è –í–∏–∫—Ç–æ—Ä–æ–≤–Ω–∞', 1, 0, NULL, NULL, '2018-12-31', 1, 'Perestjuk Ludmila Nikolaevna', 17011, '2018-04-02'),
  (0, '170324077', 3500, 500, '??????? (?????? ??????)', 1, 1, '2019-03-01', NULL, '2018-12-31', 0, 'Barsukov Sergey Sergeevich ', 17001, '2019-03-01'),
  (6, '170324078', 3500, 500, '–û–±–æ–ª–µ–Ω—Å–∫–∞—è –í–∏–∫—Ç–æ—Ä–∏—è –í–∏–∫—Ç–æ—Ä–æ–≤–Ω–∞', 0, 0, NULL, NULL, '2018-12-31', 0, NULL, NULL, NULL),
  (6, '170324079', 3500, 500, 'Obolenskaya', 0, 0, NULL, NULL, '2018-12-31', 0, NULL, NULL, NULL),
  (0, '170324080', 3500, 500, '???????, ?????? ??????', 1, 1, '2019-03-01', NULL, '2018-12-31', 0, 'Barsukov Sergey Sergeevich ', 17001, '2019-03-01'),
  (6, '170324081', 3500, 500, '–û–±–æ–ª–µ–Ω—Å–∫–∞—è –í–∏–∫—Ç–æ—Ä–∏—è –í–∏–∫—Ç–æ—Ä–æ–≤–Ω–∞', 0, 0, NULL, NULL, '2018-12-31', 0, NULL, NULL, NULL),
  (6, '170324082', 3500, 500, '???????? ?????? ?????????', 1, 1, '2018-11-01', '2019-10-31', '2018-12-31', 1, 'Barsukov Sergey Sergeevich ', 17001, '2018-11-01'),
  (6, '170324084', 3500, 500, '–û–±–æ–ª–µ–Ω—Å–∫–∞—è –í–∏–∫—Ç–æ—Ä–∏—è –í–∏–∫—Ç–æ—Ä–æ–≤–Ω–∞', 0, 0, NULL, NULL, '2018-12-31', 0, NULL, NULL, NULL),
  (6, '170324086', 3500, 500, '–û–±–æ–ª–µ–Ω—Å–∫–∞—è –í–∏–∫—Ç–æ—Ä–∏—è –í–∏–∫—Ç–æ—Ä–æ–≤–Ω–∞', 0, 0, NULL, NULL, '2018-12-31', 0, NULL, NULL, NULL),
  (6, '170324088', 3500, 500, '–û–±–æ–ª–µ–Ω—Å–∫–∞—è –í–∏–∫—Ç–æ—Ä–∏—è –í–∏–∫—Ç–æ—Ä–æ–≤–Ω–∞', 0, 0, NULL, NULL, '2018-12-31', 0, NULL, NULL, NULL),
  (6, '170324090', 3500, 500, '–ë–∞—Ä—Å—É–∫–æ–≤ –°–µ—Ä–≥–µ–π –°–µ—Ä–≥–µ–µ–≤–∏—á', 1, 0, NULL, NULL, '0000-00-00 00:00:00', 1, 'Perestjuk Ludmila Nikolaevna', 17011, '2018-05-07'),
  (6, '170324091', 3500, 500, '–û–±–æ–ª–µ–Ω—Å–∫–∞—è –í–∏–∫—Ç–æ—Ä–∏—è –í–∏–∫—Ç–æ—Ä–æ–≤–Ω–∞', 1, 0, NULL, NULL, '2018-12-31', 1, 'Tumanova Irina Nikolaevna', 17015, '2018-03-29'),
  (6, '170324092', 3500, 500, '???????? ?????? ?????????', 1, 1, '2018-11-01', '2019-10-31', '2018-12-31', 1, 'Barsukov Sergey Sergeevich ', 17001, '2018-11-01'),
  (6, '170324093', 3500, 500, 'Obolenskaya', 0, 0, NULL, NULL, '2018-12-31', 0, NULL, NULL, NULL),
  (0, '170324094', 3500, 500, '???????, ?????? ??????', 1, 1, '2019-03-01', NULL, '2018-12-31', 0, 'Barsukov Sergey Sergeevich ', 17001, '2019-03-01'),
  (6, '170324095', 3500, 500, 'Obolenskaya', 0, 0, NULL, NULL, '2018-12-31', 0, NULL, NULL, NULL),
  (6, '170324096', 3500, 500, '–û–±–æ–ª–µ–Ω—Å–∫–∞—è –í–∏–∫—Ç–æ—Ä–∏—è –í–∏–∫—Ç–æ—Ä–æ–≤–Ω–∞', 0, 0, NULL, NULL, '2018-12-31', 0, NULL, NULL, NULL),
  (6, '170324097', 3500, 500, 'Obolenskaya', 0, 0, NULL, NULL, '2018-12-31', 0, NULL, NULL, NULL),
  (6, '170324098', 3500, 500, '–û–±–æ–ª–µ–Ω—Å–∫–∞—è –í–∏–∫—Ç–æ—Ä–∏—è –í–∏–∫—Ç–æ—Ä–æ–≤–Ω–∞', 0, 0, NULL, NULL, '2018-12-31', 0, NULL, NULL, NULL),
  (6, '170324100', 3500, 500, '–ë–∞—Ä—Å—É–∫–æ–≤ –°–µ—Ä–≥–µ–π –°–µ—Ä–≥–µ–µ–≤–∏—á', 1, 1, '2017-11-05', '2018-11-04', '2018-12-31', 1, 'Grigorjeva Viktoriya Valentinovna', 17007, '2017-11-05'),
  (10, '1710240002', 5000, 500, '–û–±–æ–ª–µ–Ω—Å–∫–∞—è –í–∏–∫—Ç–æ—Ä–∏—è –í–∏–∫—Ç–æ—Ä–æ–≤–Ω–∞', 1, 0, NULL, NULL, '2018-12-31', 1, 'Tumanova Irina Nikolaevna', 17015, '2018-04-25'),
  (7, '1710240004', 5000, 500, '–û–±–æ–ª–µ–Ω—Å–∫–∞—è –í–∏–∫—Ç–æ—Ä–∏—è –í–∏–∫—Ç–æ—Ä–æ–≤–Ω–∞', 1, 0, '2018-05-23', '2019-11-22', '2018-12-31', 1, 'Stregeleckaya Lidiya Viktorovna', 17010, '2018-05-23'),
  (10, '1710240006', 5000, 500, '–û–±–æ–ª–µ–Ω—Å–∫–∞—è –í–∏–∫—Ç–æ—Ä–∏—è –í–∏–∫—Ç–æ—Ä–æ–≤–Ω–∞', 0, 0, NULL, NULL, '2018-12-31', 0, NULL, NULL, NULL),
  (10, '1710240007', 5000, 500, 'Obolenskaya', 0, 0, NULL, NULL, '2018-12-31', 0, NULL, NULL, NULL),
  (10, '1710240008', 5000, 500, '–û–±–æ–ª–µ–Ω—Å–∫–∞—è –í–∏–∫—Ç–æ—Ä–∏—è –í–∏–∫—Ç–æ—Ä–æ–≤–Ω–∞', 1, 0, NULL, NULL, '2018-12-31', 1, 'Tumanova Irina Nikolaevna', 17015, '2018-05-12'),
  (10, '1710240009', 5000, 500, 'Obolenskaya', 0, 0, NULL, NULL, '2018-12-31', 0, NULL, NULL, NULL),
  (9, '1710240010', 5000, 500, '–û–±–æ–ª–µ–Ω—Å–∫–∞—è –í–∏–∫—Ç–æ—Ä–∏—è –í–∏–∫—Ç–æ—Ä–æ–≤–Ω–∞', 1, 1, '2018-05-03', '2019-11-02', '2018-12-31', 1, 'Krupoderova Maya Alexandrovna', 17003, '2018-04-30'),
  (10, '1710240011', 5000, 500, 'Obolenskaya', 0, 0, NULL, NULL, '2018-12-31', 0, NULL, NULL, NULL),
  (10, '1710240012', 5000, 500, '–û–±–æ–ª–µ–Ω—Å–∫–∞—è –í–∏–∫—Ç–æ—Ä–∏—è –í–∏–∫—Ç–æ—Ä–æ–≤–Ω–∞', 0, 0, NULL, NULL, '2018-12-31', 0, NULL, NULL, NULL),
  (10, '1710240013', 5000, 500, 'Obolenskaya', 0, 0, NULL, NULL, '2018-12-31', 0, NULL, NULL, NULL),
  (8, '1710240014', 5000, 500, '–û–±–æ–ª–µ–Ω—Å–∫–∞—è –í–∏–∫—Ç–æ—Ä–∏—è –í–∏–∫—Ç–æ—Ä–æ–≤–Ω–∞', 1, 1, '2018-05-03', '2019-11-02', '2018-12-31', 1, 'Posypkina Anna Alexandrovna', 25001, '2018-04-16'),
  (9, '1710240015', 5000, 500, 'Obolenskaya', 1, 1, '2018-09-16', '2020-03-15', '2018-12-31', 1, 'Krupoderova Maya Alexandrovna', 17003, '2018-09-16'),
  (9, '1710240016', 5000, 500, '–û–±–æ–ª–µ–Ω—Å–∫–∞—è –í–∏–∫—Ç–æ—Ä–∏—è –í–∏–∫—Ç–æ—Ä–æ–≤–Ω–∞', 1, 0, NULL, NULL, '2018-12-31', 1, 'Hohlushina Yuliya Andreevna', 17024, '2018-05-07'),
  (9, '1710240017', 5000, 500, 'Obolenskaya', 1, 1, '2018-07-30', '2020-01-30', '2018-12-31', 1, 'Krupoderova Maya Alexandrovna', 17003, '2018-07-30'),
  (10, '1710240018', 5000, 500, '–û–±–æ–ª–µ–Ω—Å–∫–∞—è –í–∏–∫—Ç–æ—Ä–∏—è –í–∏–∫—Ç–æ—Ä–æ–≤–Ω–∞', 0, 0, NULL, NULL, '2018-12-31', 0, NULL, NULL, NULL),
  (10, '1710240019', 5000, 500, 'Obolenskaya', 0, 0, NULL, NULL, '2018-12-31', 0, NULL, NULL, NULL),
  (10, '1710240020', 5000, 500, '–û–±–æ–ª–µ–Ω—Å–∫–∞—è –í–∏–∫—Ç–æ—Ä–∏—è –í–∏–∫—Ç–æ—Ä–æ–≤–Ω–∞', 0, 0, NULL, NULL, '2018-12-31', 0, NULL, NULL, NULL),
  (9, '1710240021', 5000, 500, 'Obolenskaya', 1, 0, NULL, NULL, '2018-12-31', 1, 'Roeva Tatyana Abdurakimovna', 65001, '2018-05-16'),
  (10, '1710240031', 5000, 500, 'Barsukov', 1, 1, '2018-06-06', '2019-12-06', '2018-12-31', 1, 'Barsukov Sergey Sergeevich ', 17001, '2018-06-06'),
  (10, '1710240053', 5000, 500, '–û–±–æ–ª–µ–Ω—Å–∫–∞—è –í–∏–∫—Ç–æ—Ä–∏—è –í–∏–∫—Ç–æ—Ä–æ–≤–Ω–∞', 0, 0, NULL, NULL, '2018-12-31', 0, NULL, NULL, NULL),
  (10, '1710240055', 5000, 500, '–û–±–æ–ª–µ–Ω—Å–∫–∞—è –í–∏–∫—Ç–æ—Ä–∏—è –í–∏–∫—Ç–æ—Ä–æ–≤–Ω–∞', 0, 0, NULL, NULL, '2018-12-31', 0, NULL, NULL, NULL),
  (10, '1710240057', 5000, 500, '–ë–∞—Ä—Å—É–∫–æ–≤ –°–µ—Ä–≥–µ–π –°–µ—Ä–≥–µ–µ–≤–∏—á', 1, 0, NULL, NULL, '2018-12-31', 1, 'Tumanova Irina Nikolaevna', 17015, '2018-04-03'),
  (10, '1710240059', 5000, 500, '–û–±–æ–ª–µ–Ω—Å–∫–∞—è –í–∏–∫—Ç–æ—Ä–∏—è –í–∏–∫—Ç–æ—Ä–æ–≤–Ω–∞', 0, 0, NULL, NULL, '2018-12-31', 0, NULL, NULL, NULL),
  (10, '1710240061', 5000, 500, 'Obolenskaya', 1, 1, '2018-06-04', '2019-12-04', '2018-12-31', 1, 'Krupoderova Maya Alexandrovna', 17003, '2018-06-04'),
  (1, '1710240065', NULL, NULL, '???????', 0, 1, '2019-03-01', NULL, NULL, 0, 'Barsukov Sergey Sergeevich ', 17001, '2019-03-01'),
  (3, '1710240066', NULL, NULL, '???????', 1, 1, '2019-03-01', NULL, NULL, 0, 'Barsukov Sergey Sergeevich ', 17001, '2019-03-01'),
  (10, '1710240067', 0, 0, '–ü–æ–¥–∞—Ä–æ—á–Ω–∞—è –ù–ì2018', 1, 1, '2018-01-16', '2019-07-15', '2018-12-31', 0, 'Barsukov Sergey Sergeevich ', 17001, '2017-12-15'),
  (9, '1710240069', 0, 0, '–ü–æ–¥–∞—Ä–æ—á–Ω–∞—è –ù–ì2018', 1, 1, '2018-03-14', '2019-09-13', '2018-12-31', 0, 'Barsukov Sergey Sergeevich ', 17001, '2017-12-15'),
  (10, '1710240071', 0, 0, '–ü–æ–¥–∞—Ä–æ—á–Ω–∞—è –ù–ì2018', 1, 0, NULL, NULL, '2018-12-31', 0, 'Barsukov Sergey Sergeevich ', 17001, '2017-12-15'),
  (10, '1710240077', 5000, NULL, '', 1, 1, '2018-12-07', NULL, '2018-12-31', 0, 'Barsukov Sergey Sergeevich ', 17001, '2018-12-07'),
  (10, '1710240095', 5000, 500, 'Barsukov Sergey Sergeevich', 1, 1, '2018-11-03', '2020-05-02', '2018-12-31', 1, 'Barsukov Sergey Sergeevich ', 17001, '2018-11-03'),
  (10, '1710240097', 5000, 500, 'Barsukov Sergey Sergeevich', 1, 1, '2018-11-03', '2020-05-02', '2018-12-31', 1, 'Barsukov Sergey Sergeevich ', 17001, '2018-11-03'),
  (6, '19001', NULL, NULL, '??????????? ????? ?????? ?????? ???????', 0, 0, NULL, NULL, NULL, 0, NULL, NULL, NULL);
UNLOCK TABLES;

-- 
-- Table structure for table  Cards_go
-- 

DROP TABLE IF EXISTS Cards_go;
CREATE TABLE `Cards_go` (
  `date_usl` date NOT NULL,
  `cardnumber` varchar(10) NOT NULL,
  `price` int(11) NOT NULL,
  `discont` int(11) NOT NULL,
  `agent_pay` int(11) NOT NULL
) ENGINE=InnoDB DEFAULT CHARSET=utf8;

-- 
-- Dumping data for table Cards_go
-- 

LOCK TABLES Cards_go WRITE;
INSERT INTO Cards_go VALUES
  ('2017-11-17', '170324064', 3000, 150, 250),
  ('2017-11-05', '170324064', 5000, 250, 500),
  ('2017-12-06', '17003', 2500, 0, 150),
  ('2017-11-07', '170324100', 2500, 125, 250),
  ('2017-12-19', '17012', 1000, 0, 100),
  ('2017-12-25', '17012', 2500, 0, 250),
  ('2018-01-16', '17012', 500, 0, 50),
  ('2018-01-22', '17003', 1000, 0, 300),
  ('2018-01-25', '170324058', 500, 50, 50),
  ('2018-01-25', '17021', 500, 0, 50),
  ('2018-01-29', '17012', 5500, 0, 400),
  ('2018-02-01', '17003', 500, 0, 50),
  ('2018-02-01', '17012', 1500, 0, 100),
  ('2018-03-20', '17015', 4500, 0, 1000),
  ('2018-03-20', '17012', 500, 0, 50),
  ('2018-03-22', '17003', 20000, 0, 3000),
  ('2018-03-22', '17003', 5000, 0, 500),
  ('2018-03-22', '17003', 2500, 0, 200),
  ('2018-04-03', '17003', 500, 0, 50),
  ('2018-04-04', '170324064', 5000, 250, 500),
  ('2018-04-04', '17003', 2000, 0, 100),
  ('2018-04-16', '17002', 0, 0, 6000),
  ('2018-04-30', '17003', 500, 0, 50),
  ('2018-05-03', '17003', 500, 0, 50),
  ('2018-05-03', '1710240010', 1500, 150, 100),
  ('2018-04-30', '17009', 1000, 0, 100),
  ('2018-05-04', '17009', 500, 0, 50),
  ('2018-05-18', '1710240002', 2000, 200, 100),
  ('2018-05-17', '1710240002', 800, 100, 50),
  ('2018-05-29', '17003', 500, 0, 50),
  ('2018-05-29', '17009', 500, 0, 50),
  ('2018-06-04', '17003', 5000, 0, 500),
  ('2018-04-11', '17009', 5000, 0, 500),
  ('2018-07-12', '1710240004', 2000, 200, 100),
  ('2019-03-24', '170324069', 3000, 0, 500);
UNLOCK TABLES;

-- 
-- Table structure for table  dela
-- 

DROP TABLE IF EXISTS dela;
CREATE TABLE `dela` (
  `delo_num` varchar(12) DEFAULT NULL,
  `office_num` varchar(5) NOT NULL,
  `sotr_name` varchar(50) NOT NULL,
  `sotr_id` varchar(5) NOT NULL,
  `fioz` varchar(50) NOT NULL,
  `delo_inf` varchar(100) NOT NULL,
  `cur_status` varchar(100) NOT NULL,
  `beg_date` date NOT NULL,
  `end_date` date NOT NULL,
  `ended` tinyint(1) NOT NULL,
  `allinc` tinyint(1) NOT NULL,
  `info` longtext NOT NULL,
  `pays` longtext NOT NULL,
  `contr_date` date NOT NULL,
  `sud_date` date NOT NULL,
  `pay_itog` int(11) NOT NULL,
  UNIQUE KEY `dnum` (`delo_num`)
) ENGINE=InnoDB DEFAULT CHARSET=utf8;

-- 
-- Dumping data for table dela
-- 

LOCK TABLES dela WRITE;
INSERT INTO dela VALUES
  ('2-2405180118', '24001', '?????????? ????? ??????????', '24002', '??????? ???? ?????????', '???????? ????', '???????? ???????????????', '2018-02-22', '0000-00-00 00:00:00', 1, 0, '8-913-502-02-06, 8-913-505-08-65\r\n?????? ?????????, ??????? ???\r\n????????? ???????? ????????? 03.05.2018\r\n?????????? ????????? ??? ? ?????????\r\n???????? ??? 14.06.2018 ? 14:30\r\n???????? ??? 28.06.2018 ? 11.00 (??????? ?? ????)\r\n???????? ??? 03.07.2018 ? 15.00 ????? ?????????\r\n???????? ??????? 03.07.2018?., ?????? ????? ??????? ????? ?????????? 10.07.2018?.\r\n??????????? ? ????????? ????????????? ??????\r\n?????? ????????? ??????.', '??? ??????? 2500\r\n?????? ???????? 5000\r\n?????? ???????? 2000\r\n?????? ???????? - ???????? 2000\r\n????????? ???????? - ???????? 2000', '2018-09-17', '0000-00-00 00:00:00', 13500),
  ('2-2405180218', '24001', '?????????? ????? ??????????', '24002', '??????? ?????? ??????????', '?????? ??', '? ????????????', '2018-03-15', '0000-00-00 00:00:00', 1, 1, '?????? ????????? ??? ?????? ??.\r\n23.03.2018?. ?????? 2 ????????? ?? ?????? ?? ? ?/??111\r\n27.03.2018?. ???????? ??????????? ?? ?????? ??\r\n20.04.2018?. ?????? ????????? ?? ?????? ?? ? ?/??155\r\n23.04.2018?. ???????? ??????????? ?? ?????? ??.\r\n?????????? ????????? ??\r\n?? ??? ?? 111 ?? ????????? ?????????\r\n???? ?????????? ??? (???????? ?????)\r\n??? ?????? ??????????, ???? ????? ??????? ????,\r\n???? ? ??????????????? ??????\r\n', '??????? 20 000 ???.', '0000-00-00 00:00:00', '0000-00-00 00:00:00', 20000),
  ('2-2405180318', '24001', '?????????? ????? ??????????', '24002', '???????? ??????? ?????????', '? ????????? ????????????? ??????, ???????????? ???', '???????? ??????? (??? ???????????? ????????)', '2018-04-16', '0000-00-00 00:00:00', 1, 0, '?? ?????????? ???? ???????? ??????????.\r\n27.04.2018 ???????? ?????? ???????? ???????????????.\r\n?????????? ???????? ??????????? ? ?????????? ??????????????? ????????.\r\n27.04.2017?. ???????????? ???? ???? ?????????????? ? ????? ? ??????????? ??????????, ???? ?????????? ?? 30.05.2018\r\n05.07.2018 ????????? ???????? ??????????????? ? 14.30 \r\n???????????? ??????????????, ????????? ????????? ?????????? ?? ??????? ?????.\r\n19.09.2018?. ? 11.00 ???. ???????? ?????????\r\n???????? ??????? (??? ???????????? ????????)\r\n???? ?????????????? ??????? ? ?????? ?????? ?? ??\r\n?? ?? ?????????', '?????????? ?????????? ? ??????????? - 3 000 ???.\r\n1 ???????? ????????? - 8 000 ???.\r\n2 ???????? ????????? - 3000 ???.\r\n3 ???????? ????????? - 3000 ???.', '2018-10-15', '0000-00-00 00:00:00', 17000),
  ('2-2405180418', '24001', '?????????? ????? ??????????', '24002', '?????? ??????? ??????????', '??????? ????? ????????? ??', '?????? ???????????? ??????', '2018-03-22', '0000-00-00 00:00:00', 1, 0, '22.03.2018 ????????? 1 ??????????? ?? ???? ?? ??? ????????? ??????? ?.?., ???????????? ???? ?? ?????????.\r\n02.04.2018 ????????? ????? ???????????? ?? ???? ?? ??? ????????? ??????? ?.?.\r\n02.04.2018 ???????? ????????????? ?? ???? ?? ??.\r\n05.04.2018 ?????? ????????????? ??????, ??????????? 19.04.2018.\r\n25.04.2018 ?????? ???????????? ??????.\r\n???????? - ??????? ????? ????? ????????? ??? ?????????.\r\n??????????? ????????? ?????? ? ?? ??\r\n\r\n\r\n ', '1 ???????? - 7 000 ???.\r\n????????????? ?????? - 2 000 ???.\r\n????????????????? ?? 2 ????????? - 2 000 ???.\r\n???????????? ?????? - 1 000 ???.', '2018-08-08', '0000-00-00 00:00:00', 12000),
  ('2-2405180518', '24001', '?????????? ????? ??????????', '24002', '?????????? ????????? ????????????', '????????? ????????? ???????????? ????? ?????? ???????? ? ????????? ???????? ???????', '?????? ????????????? ??????', '2018-02-28', '0000-00-00 00:00:00', 1, 0, '?????????? ?.?. ?? ???? ????????.\r\n28.02.2018? ????????? 1-? ???????? ??????????????? ?? ????\r\n27.03.2018 ????????? 2-? ???????? ??????????????? ?? ????.\r\n27.03.2018 ???????? ??????? ?? ?????????????? ??????? ?????????? ????????.\r\n11.05.2018 ?????? ????????????? ??????.', '1 ???????? - 5 000 ???.\r\n2 ???????? - 2 000 ???.\r\n????????????? ?????? - 1 500 ???.', '2018-08-03', '0000-00-00 00:00:00', 8500),
  ('2-2405180618', '24001', '?????????? ????? ??????????', '24002', '?????????? ????????? ????????????', '????????? ???????????????? ??????????', '? ????????????', '2018-05-14', '0000-00-00 00:00:00', 1, 0, '?????????? ?.?. - ????? 8-977-510-4377\r\n21.05.2018?. ????????? ??? ? ?????????? ????????? ???.\r\n?????????? ?????? ? ???????? ???? ? ???? ????????? ?????????\r\n8-913-500-74-66 ?????? ?? ????????? ?? ??? ???????????\r\n13.09.2018?. ? 10.00 ???. ????????? ???????? ?????????.\r\n19 ??????? 2018 ? 10.30 ?????? ???????? ?????????\r\n26 ??????? 2018 ? 11.30 ?????? ???????? ????????? (???????? ??????? ??????????)\r\n??????? ????????, ??? ???????????? ????????, ???? ?????????? ? ???????? ???? ? ?????????? ???????? ???????.', '??????? ????????? - 3 000 ???.\r\n1-?? ?? - 7000 ???.\r\n2-?? ?? - ????? ?????? 3000 ???. - ???????\r\n3-? ?? - ????? ?????? 3000 ?????? - ???????\r\n\r\n', '0000-00-00 00:00:00', '0000-00-00 00:00:00', 13000),
  ('2-2405200118', '24001', '?????????? ????? ??????????', '24002', '????????? ??? ?????????', '????????? ??????? ?????????', '?????? ????????????? ??????', '2018-01-10', '0000-00-00 00:00:00', 1, 0, '?????????? ???\r\n???? ???????????, ???????? ???????\r\n?????? ????????????? ??????\r\n????????? ???????? ????????? ?? 12.00 14.06.2018\r\n??????? ????????? ??? ?????????\r\n???????? ???????? ???????', '??? ??????\r\n???????? 5000 ?? ??????? ? ???? ??\r\n', '2018-09-24', '0000-00-00 00:00:00', 0),
  ('2-2405200218', '24001', '???????? ?????? ?????????', '24001', '????????? ??????? ???????????', '????? ? ???', '????????? ?????? ??????????', '2018-05-20', '0000-00-00 00:00:00', 1, 0, '?????????? ?????????? ??? ?????????? ????\r\n???? ?????????? ? ?????', '', '0000-00-00 00:00:00', '0000-00-00 00:00:00', 0),
  ('4-2405200318', '24001', '???????? ?????? ?????????', '24001', '??? \"?????? ????? ????????\"', '????????? ??', '?? ???????????? ? ??', '2018-01-22', '0000-00-00 00:00:00', 1, 0, '??????????? ? ????????? ??? ? ?? ????????? ???????\r\n???? ??70-6382\\2018\r\n???????? ????????? ?? 30 ??? 2018\r\n?????????? ????????? ??????????? ? ?????? ?????? ? ???????\r\n??????????????? ????????? ??????\r\n????????? ???????? ?????????\r\n?????????? ????????? ???????????\r\n??????? ??????? ? ???? ??????, ???? ?????????? ? ???????? ????.\r\n???? ??????? ??????.\r\n?????? ????????? ?? ???????? ???????\r\n???????? ???????? ????????????? ??????, ???? ?????????\r\n??????? ????????? ??? ?????????', '?????????? 30 000\r\n???? ?????? 10 000 ?? ????????\r\n?????? 10 000 ?????????\r\n??????? ?????? 10 000 ?? ????? ????????? ??????? ????\r\n?????? 10 000 ?????????\r\n', '2018-10-23', '2018-10-23', 50000),
  ('1-2405200418', '24001', '?????????? ????? ??????????', '24002', '??????? ?????? ????????', '??????? ????????? (?????)', '???????????????? ??????', '2018-05-20', '0000-00-00 00:00:00', 1, 0, '?????????? ?????? ? ??????????? ?? ?? ????????? ????????????\r\n???????? ???????? ? ??????????\r\n????? ??????, ???? ? ??????\r\n', '?????????? 1500', '0000-00-00 00:00:00', '0000-00-00 00:00:00', 1500),
  ('5-2405212118', '24002', '?????? ????? ???????', '24008', '?????? ?????????? ??????????', '???????????', '???????? ?????????', '2018-05-21', '0000-00-00 00:00:00', 0, 1, '8-903-928-42-44\r\n???????????? ?????????\r\n???? ?????????????? ?????????\r\n???????????? ????????: ???? ??????? ?? ????\r\n??? ?? ???? ??????? ?? ??????\r\n??????? ?? ??? (??????? ?? ?????)\r\n?????????? ????????? ??? ???????. ???????????.\r\n????????? ??????? ?? 20 ???????? 2018 ???? - ?? ??????? ?? ???????\r\n17 ??????? ???????? ????? ?????????? - ??????? ?????????\r\n??????? ??????? ?? ?????? 22 ??????? 2018\r\n????????? ?????????? ????????? ? ??????????? ?66331025003353   17.10.2018\r\n???????? ????? ?????????? ?? ???????? ? ??\r\n????????? ?????????? ? ??\r\n????????? ????????? ? ??? 19-?? ???????, ???? ???????????.\r\n????????? ??????? ? ????????????.\r\n????????? ????????? ?? 04.02.2019?.\r\n???? ?????? ? ??????? ??\r\n?? ??????? ????????, ????????? ???????? ??????? ?? 11.02.\r\n??????????? ? ???????? ?????????, ????? ???????????? ??????? 2????\r\n????????? ?????????? ?? 13.02. \r\n???????? ?????????. ??????? ???? 13.03.19.\r\n??????? ???????, ? ????????.???? ?????????? ? ?? 12.02.\r\n????????? ?????????? ?? 13.03.\r\n???????????????? ? ?? ??????,? ???????????? ??????? ????, ?????????? 19.02.19?.\r\n????????? ?????????????? ????????? ? ????.\r\n???????? ?????????.\r\n????????? ??.\r\n\r\n\r\n\r\n\r\n', '???????? 35000', '2019-08-28', '0000-00-00 00:00:00', 35000),
  ('5-2405212318', '24002', '??????? ????? ????????????', '24004', '???? ????? ?????????????', '???????????', '???????????? ?????????', '2018-05-21', '0000-00-00 00:00:00', 1, 0, '???????????? ?????????\r\n????? ?????????? ??????????? ??? ???????? ? ??????? ?? ???????? ??????.\r\n????????? ????? ?????????? 66331024006980\r\n????????? ?????????? ? ?? 25 ???? 2018 ???? - ????????? ????????\r\n????????? ??? ???????? ?? 03 ???????? 2018 ????\r\n????????? ??????????? ? ????????? ??????????? ??? kad.arbitr.ru ? ????????? ?????????\r\n???? ? ?33-20071/2018\r\n???????????????? ?? ??????? ?????? ?????????? 24.08.2018\r\n??????? ???? ?????????? ??? ????????, ????????? ??????????? ? ????????? ????????? (?????? ??? ? ????? ??????????)\r\n???????????????? ?????? ?????????? ? ??????????? ???? 66331025006927 06.11.2018\r\n????????? ??????? ? ????????????. ???????? ?? ???????.\r\n???????? ?? ??????????? ???? ???????? ?? 20000 ??? ???????????? ? ????????? ??????????? ? ???????? \r\n?? ??????? ????????? ?? ?? ??? ??? ????.\r\n?????????? ??????????. ???? ?????????.\r\n???????? ??????? ?? 17.12.2018 ???????? ?????????, ??????? ????????? ?????????? ????????? ?????? ?? 01.04.2018\r\n', '???????? 35000 ??????', '2018-12-19', '2019-04-01', 35000),
  ('2-2405212418', '24002', '??????? ????? ????????????', '24004', '????????? ????????? ?????????', '????? ?? ??????????', '??????????? ??? ? ???', '2018-05-21', '0000-00-00 00:00:00', 1, 0, '??????????? ??? ? ???\r\n????????? ????????? ? ?????', '???????? ? ????????? ??', '2018-07-20', '0000-00-00 00:00:00', 0),
  ('0-2405212618', '24002', '??????? ????? ????????????', '24004', '??????? ????? ??????????', '?????????? ??????', '', '2018-05-21', '0000-00-00 00:00:00', 1, 0, '????????? ????????? ? ?????', '???????? ? ????????? ??', '2018-07-11', '0000-00-00 00:00:00', 0),
  ('2-2405212718', '24002', '??????? ????? ????????????', '24004', '???????? ?????? ???????????', '? ????????? ???????? ???????', '???? ???????, ??????? ? ?????? ???????, ???????? ? ???????? ????', '2018-05-21', '0000-00-00 00:00:00', 1, 0, '??????????? ????????? ?? ???????? ???????\r\n???? ?? ?12\r\n???? ????? (??????????????? ?????????? 50 000)\r\n', '???????? 7 000', '2018-08-24', '0000-00-00 00:00:00', 7000),
  ('5-2405212518', '24002', '??????? ????? ????????????', '24004', '??? ???????? ??????????', '???????????', '?????????? ?? ???????????? ? ??', '2018-03-02', '0000-00-00 00:00:00', 1, 1, '?????????? ?? ???????????? ? ?? \r\n?????????? ?????????????? ????????? 13.06.2018\r\n????????? ??????????? 14.06.2018\r\n????????? ????????\r\n??????? ???? ??? ???????? - ????????? ???????????\r\n????????? ??????????? ?????? ?????????????? ?????????\r\n????????? ??????? ??, ????????? ???????? ????????? ?? 30 ??????? 2018\r\n?????????? ????? ??? ????????? ? ?????? 913-507-98-67 ?? ??????? ?????? 20000 ? ???????? ??????? ?? ? ??????? ???? 25000,\r\n???? ???, ?????? ? ????????? ????????? ? ???.\r\n8-913-497-76-46 ??? ???????? ??????????\r\n???????? 06.08.18 ??? ?????? ???????? ? ??.\r\n??????? ????????? ?.?. ???????, ??? ?? ??????? ?????? ???????. ? ????? ??? ????????? ??????.\r\n???????? ????? 17 ???????? 2018 ????\r\n???????? ? ????? ? ??????? ??, ???? ???????? ?? ????? ??????????? ??????? ?????????? ??. \r\n?????????? ???????????.\r\n????????? ??????????? ?? ????? ???, ????? ??????????, ????? ???????? ??????? ??????\r\n?????????? ??????????? ? ??????????? ??? 09.10.2018 ?66331027011127\r\n??????? ????????? ????????? ?? ?? 09.11.2018\r\n?????? ????? ?? ? ??? ?????? ?? ???????? ??????? ?? ?? ? ???? ?? ?????? ????? ????? ??? ? ???????.\r\n?????????? ?? ?????????? ??????\r\n', '???????? 35000\r\n', '0000-00-00 00:00:00', '2018-12-07', 35000),
  ('5-2405212718', '24002', '?????? ????? ??????????', '24003', '???????? ???? ?????????????', '???????????', '???????????? ????????? ? ?????.? ?????? ??????.????.????????', '2018-05-21', '0000-00-00 00:00:00', 1, 0, '???????????? ????????? ? ?????.? ?????? ??????.????.????????\r\n???? ? ?????? ?12\r\n?? ?????? ?? ?????????? ?? ????????? ? ?????? ??????????\r\n????????? ???????\r\n', '???????? ? ????????? ??', '0000-00-00 00:00:00', '0000-00-00 00:00:00', 0),
  ('5-2405212818', '24002', '?????? ????? ???????', '24008', '??????? ????? ?????????', '???????????', '????????? ????????? ? ??', '2018-04-12', '0000-00-00 00:00:00', 1, 1, '?????????? ????????? ? ??\r\n??????? ???? ?? ?????????? ????????? ?? 09.07.2018\r\n?????????? ??????? ? ????????? ????????? ???????????\r\n????????? ?????????? ???????? ?????????? ??????????? (????? ??????? ?????)\r\n????????? ???????? ?????????\r\n??? ???????\r\n?? 01 ??????? ????????? ????? ????????? ????????? ?? ??????????\r\n???????? ????????? ? ???. ???????????\r\n???????? ????????? ???????? ?? 10 ????????, ?????????? ????????? ??????????? ? ????????? ?? ? ????????? ?????????\r\n???? ??33-9881/2018\r\n--------------------------------------------------------------\r\n?????????? ?? 30.09.2018 ????? ?????? ???.?????.\r\n? ???????????? ???????? ? ??? ? ??\r\n???????????? ?? ???? ?????????? - ???????? ?????? ?? ????? ?????? ??\r\n??????????? ? ????????? ???? ??????? ????? ?????????? - ????? ????? ? ????????? ????????.\r\n\r\n', '??????? 35000', '2019-04-15', '0000-00-00 00:00:00', 0),
  ('2-2405212118', '24002', '???????? ?????? ?????????', '24001', '?????????? ?????? ??????????', '????? ? ???', '', '2018-05-21', '0000-00-00 00:00:00', 1, 0, '????????? ???????? ??? ? ??????? ??? ? ????????????? ?????????? ???? (?-? ??????) 2-155.2018\r\n', '???????? ? ????????? ??', '2018-09-22', '0000-00-00 00:00:00', 0),
  ('2-2405212318', '24001', '???????? ?????? ?????????', '24001', '??????? ????????? ??????????', '?????? ???????????? ????????? ?????? ?????????????', '? ??????', '2018-05-21', '0000-00-00 00:00:00', 1, 0, '?????????? ?????????? ?????????????? ????? ?? ??????? ????\r\n', '???????? ? ????????? ??', '2019-01-31', '0000-00-00 00:00:00', 0),
  ('2-2405212518', '24002', '??????? ????? ????????????', '24004', '????? ????????? ??????????', '???????? ?????', '????????? ??? ? ???', '2018-05-14', '0000-00-00 00:00:00', 1, 0, '????????? ??? ? ???\r\n????????? ?????? ?? 13.06.2017 ? 17.45 (????? ??????)\r\n????????? ???????? ????????? ?? 21.06.2018 ? 09.30\r\n???????? ??????? ? ??????????\r\n???????? ???????? ???????\r\n', '???????? ??? 2500\r\n???????? ??? 5000\r\n', '2018-09-22', '0000-00-00 00:00:00', 7500),
  ('2-2405212618', '24002', '??????? ????? ????????????', '24004', '??????? ??????? ??????????', '????? ?? ?????? ????????????', '???????? ??????? ?? 03.05.2018', '2018-05-03', '0000-00-00 00:00:00', 1, 0, '???????? ??????? ?? 03.05.2018\r\n?????????? ?? ????????? ???? ????????????\r\n????????? ???? ? ?????? ?12\r\n', '???????? ? ????????? ??', '2018-07-16', '0000-00-00 00:00:00', 0),
  ('5-2405212218', '24002', '?????? ????? ???????', '24008', '????? ??????? ?????????????', '???????????', '???????? ?????????. ????????? ??.', '2018-04-04', '0000-00-00 00:00:00', 1, 0, '?????????? ????????? ? ??\r\n????????? ????????? ?? 02.07.2018\r\n?????????? ?????????? - ?????????\r\n???????? ????????? ?? ???????? ???????? ?????????? ???????????\r\n????????? ?????????? 66331024007482 - ?????????? 25 ???? 2018\r\n????????? ??????? ? ????????????. ???????? ??? ?? 17.10.2018\r\n?????????? ???????? ?? ??????? (8-913-507-98-67) ????? ??? ????????? ? ???. ??????????? ? ?????? ??? 20000.\r\n??? ?? ????????? ??????????? ?? ????? ?? ? ???????? ? ?????????? ????????? ?? ?? ??? ??? ??? ????.\r\n???????? ?????????. ???????? ????????? ??.\r\n????????  ?????? ??????? ??????? ????????? 66331025006705 ? 02.11.2018\r\n???? ? ??????\r\n\r\n\r\n', '???????? ? ????????? ??\r\n???????? 19 000 ??????', '2019-04-04', '2019-04-04', 0);
INSERT INTO dela VALUES
  ('5-2405212418', '24002', '?????? ????? ??????????', '24003', '???????? ????? ??????????', '???????????', '?????????? ????????? ? ??', '0000-00-00 00:00:00', '0000-00-00 00:00:00', 1, 0, '?????????? ????????? ? ??\r\n????????? ????? ????????? ??????????\r\n???????? ?????????? ??????? ????\r\n????? ?????????? ??????? ??? ???????? ? ??\r\n????????? ????????? ? ?? 66331024005778\r\n????????? ????????? 17.07.2018 - ????????? ????????\r\n????????? ???????, ???????? ???.\r\n------------------------------------------------\r\n?????????? ?? 03.08.2018\r\n???????????? ?????? ??????? ? ?????? ?? ??????? ????????????? ?? ????????\r\n?????????? ????? ???????? ??????\r\n??????? 2???? ?? 2017 ???\r\n????????? ????? ????????? ? ?????????? ??????????? (8-913-507-98-67) ? ???????? ?????? ?????? 20000 \r\n??????????? ????????????\r\n???? ??? ?? ??????? ??????? 25000 ????? ???????? ? ??- ?????? ?? 15.08.2018\r\n??? ??? ??????? - ????? ???????? ? ?? ??????? ? ?????????\r\n?????????? ?? ??????????? ??????????? ??-?? ???????? (???????)', '???????? ? ????????? ??', '2018-10-03', '0000-00-00 00:00:00', 0),
  ('2-2405212918', '24002', '??????? ????? ????????????', '24004', '????????? ???? ??????????', '????? ? ???', '????????? ?????? ? ???', '2018-05-11', '0000-00-00 00:00:00', 1, 0, '????????? ?????? ? ???\r\n????????? ??????\r\n??????? ??? ? 20.07.2018\r\n????????? ??? ? ???????????? ??????\r\n??? ????????? ? ??? 07.08.2018\r\n????????? 66331024014480\r\n??? ?????? ? ????????????\r\n????????? ???? ????\r\n????????? ??????????????? ???????? ????????? ?? 16.00 18 ???????? 2018 ????\r\n?????????? ???????????? ?????????, ?????????????? ?????????? ? ??? ? ??? ? ????? ??? ??????????????? ??\r\n????????? ???????? ????????? ?? 10.15 10 ??????? 2018 ????\r\n??????? ?????????? ???\r\n???????? ??????? ???? 06.11.2018 - ???????? ? ????\r\n???????? ?????????????? ???????\r\n????????? ????????? ??\r\n???? ? ??????\r\n', '?? ??? ????? 2500\r\n??????? 7000 ?? ?????? ???????? ?????????\r\n???????? - 3000\r\n', '2018-11-26', '0000-00-00 00:00:00', 9500),
  ('5-2405212918', '24001', '???????? ?????? ?????????', '24001', '???????? ??????? ??????????', '???????????', '???????????? ?????????', '2018-05-10', '0000-00-00 00:00:00', 0, 0, '????????? ????????? ?????????? ????? 15 ???? 2018\r\n???????? ??? ?????????? ???????? ?? ????????.\r\n?????????\r\n66331024007598\r\n66331024007581\r\n66331024007529\r\n??????????? ????? ?????????? ? ????????? ? ?? ????? ????? ?????? ? ??????\r\n????????? ?????????? ? ??\r\n????? ???? ? ????????? ?33-12338/2019\r\n????????? 23.04.2019 ????????? ????????', '???????? 10000 ? 20000', '2019-04-30', '0000-00-00 00:00:00', 0),
  ('0-2405210118', '24002', '??????? ????? ????????????', '24004', '???????? ??????? ??????????', '??????', '??????????? ???', '0000-00-00 00:00:00', '0000-00-00 00:00:00', 1, 0, '??????????? ???\r\n???? ?????? ?? ??????????? ????\r\n??? ??????? ?? ???????? ??????\r\n????????? ??? 66331024005792\r\n', '???? ?????? ?? ??????????? ???? 3000 ???? ?? ??????? ??????????\r\n ? ????????????', '2018-10-03', '0000-00-00 00:00:00', 0),
  ('5-2405213018', '24002', '??????? ????? ????????????', '24004', '????????? ????? ????????', '???????????', '?  ??????', '2018-05-21', '0000-00-00 00:00:00', 1, 0, '??????? ?????????. ??????? ???? ?? ???????????.\r\n????????? ????????? ??????????\r\n????? ?????????? ??????? ?? ???????? ? ??\r\n????????? ????????? ? ?? 66331024005785\r\n????????? ???????? ???? - ????????? 16.07.2018\r\n????????? ????????? ???????? ??????????? ?? ????? ?? ? ????????? ??\r\n???? ??33-18998/2018\r\n8-913-501-23-35 \r\n???????????????? ? ?? ?????????? 14.09.2018\r\n????????\r\n????????? ??????? ? ????????????, ?????? ?????? ?????? ? ??\r\n? ?? ?????? ?????\r\n???????????????? ?????? 66331025000956 ?? 02.11.2018\r\n???????? ?????????, ??????? ????????? ??\r\n???? ? ??????\r\n\r\n\r\n', '20 000-?? ???????? ?????????', '2018-11-30', '0000-00-00 00:00:00', 0),
  ('4-2405220718', '24001', '???????? ?????? ?????????', '24001', '?????????? ???????? ????????????', '???????????', '???????????? ? ??', '2018-02-01', '0000-00-00 00:00:00', 0, 1, '????????? ??????????\r\n????????? ?????????? ?????????\r\n????????? ??????? ? ???????????? 22 ??? 2018 ????\r\n????????? ????????? ?? 10.07.2018\r\n?????????? ??????? ?????? ???????\r\n?????????????? ??????? ????????, ???? ??????????\r\n??????? ???????? ? ??\r\n???????? ????????? (??????????? ??????? ???????? ??????????? ? ??????? ?????) ??? ??????????? ? ??\r\n????????? ?????????? ? ?? 66331924007094\r\n?????????? ??????????\r\n??????????? ?.??????\r\n????????? ?????? ????????? ??????.\r\n???? ??????? ?????? ??????????.\r\n??? ????????? ???????????? ??? ?????????? ???????????. ????????? ????? ??????????.\r\n????????? ????????? ? ??', '???????? 35000', '2019-05-07', '0000-00-00 00:00:00', 35000),
  ('2-2405220818', '24001', '?????????? ????? ??????????', '24002', '???????? ??? ????????????', '??????? ???', '??????? ??????????', '2018-02-01', '0000-00-00 00:00:00', 1, 0, '?????? ????????? ??\r\n??????? ????????? ??? ?????????\r\n???? ?? ? ?????????? ???????? ???????\r\n???? ? ???\r\n????????? ?? ??\r\n', '??????? ?????? ???', '2018-10-02', '0000-00-00 00:00:00', 0),
  ('2-2405220918', '24001', '???????? ?????? ?????????', '24001', '?????? ???? ????????????', '???????? ? ?????', '? ??????', '2018-02-01', '0000-00-00 00:00:00', 1, 1, '???????? ?????????????\r\n???????? ??? ?? ??????? ?????? ?????????????\r\n??? ??????? ???????? ?????. ????????? ????????.', '??????? ???', '2018-09-27', '0000-00-00 00:00:00', 0),
  ('4-2405221018', '24001', '???????? ?????? ?????????', '24001', '?????? ??????? ???????????', '???????????', '? ??????', '2018-05-21', '0000-00-00 00:00:00', 1, 0, '8-913-165-83-77\r\n?????? ???????????? ?? ????????? ? ??????????\r\n?????????? ????????? ????? ??????? ????\r\n??????? ??\r\n????????? ??????? ? ??????\r\n???? ? ??????. ????????? ??? ???????? ? ???? ? ????????? ????????. ??????? ? ?????????.', '?????????? 15000\r\n??????? 20000 (?? ??????? 10000 - ??????? ?????)\r\n', '2018-11-24', '0000-00-00 00:00:00', 15000),
  ('4-2405223218', '24002', '?????? ????? ???????', '24008', '???????? ?????? ???????????', '???????????', '? ??????', '2018-02-01', '0000-00-00 00:00:00', 1, 1, '????????? ? ??\r\n????????? ??????????\r\n??? ??????? ?? ?????\r\n??????? ???? ??? ?? 03.07.2018\r\n?????????? ????????? ???????????\r\n????????? ????????? 25000 ? ?? ???????? ???????????\r\n??????? ? ???????????? ?????????, ?????????? ?????????\r\n?????? ?? ???????\r\n????????? ??????????? ? ?????? ? ????????? ????????? ??\r\n????????? ??????????? ? ???????? ???????? ????\r\n????? ?????? ????\r\n???????? ?????????. ????????? ??.\r\n\r\n\r\n\r\n', '???????? 35000', '2019-04-02', '2019-04-02', 35000),
  ('2-2405230118', '24001', '?????????? ????? ??????????', '24002', '?????? ??????? ???????', '???????????????? ??????, ?????? ???? ? ????????????? ??', '? ????????????', '2018-02-19', '0000-00-00 00:00:00', 1, 0, '????????? ? ??????? 2018?. ??? ?????????? ???????? ????????? ?? ?????? ???? ? ????????????? ??????????? ?????? ?? ????????????.\r\n21.05.2018 ???? ????????? ?????????? ? ????????? ???????????????.\r\n09.06.2018?. ????????? ???????? ???????????????.\r\n\r\n???? ??????? ? ????? ? ??????? ??????? ?? ?????? 1-?? ???? (5000)\r\n?? 2-? ????????? ?? ?????\r\n', '??????? ????????? - 3 500 ???.', '0000-00-00 00:00:00', '0000-00-00 00:00:00', 3500),
  ('2-2405230218', '24001', '?????????? ????? ??????????', '24002', '??????? ???? ???????????', '? ??????? ???????? ????????????', '?????? ????????????? ??????', '2018-04-10', '0000-00-00 00:00:00', 1, 1, '??????? ?.?. ???????? ?????????? ?? ????.\r\n24.04.2018 ?????????? ???????????????.\r\n21.05.2018 ???????? ???????????????.\r\n???? ???????????, ???? ??????? ????.\r\n??????? ??\r\n22.06.2018?. ?????? ??', '', '2018-07-31', '0000-00-00 00:00:00', 20000),
  ('2-2405230318', '24001', '?????????? ????? ??????????', '24002', '??????? ?????? ???????????', '?????? ???? ???????????', '?????????????? ? ????? ? ??????????? ???????? ???????????-??????????? ??????????', '2018-03-04', '0000-00-00 00:00:00', 1, 0, '??? ???????????, ????????? ? ?????????? ?????????  ???.\r\n10.04.2018? ?????????? ??????????.\r\n10.04.2018 ??????????? ???? ????????? ??????????, ???? ??????????????.\r\n?? ????????? ???????? ???? ??? ??????????? ?????????-??????????? ?????????? ??????? ?? 13.08.2018?. \r\n???????????? ?? ???? ????????????\r\n???????? ??? ?? 16.10.2018 ? 11:00 (???????)\r\n??? ????????????, ???? ?????????? ? ???? ??????? ????.\r\n?????? ????????????? ??????, ???????????? ?? ????????? 20.02.2019?.\r\n??????? ?????.\r\n???? ? ??????', '??????? ????????? 3 500 ???\r\n1-? ???????? ????????? 5 000 ???.\r\n??????? ??????? 2-?? ?? - 3 000 ???.\r\n????? ?????? ?? 3-? ??\r\n\r\n?????????? ?? ?? - 4 000 ???', '2018-12-21', '0000-00-00 00:00:00', 15500),
  ('5-2405232118', '24002', '?????? ????? ???????', '24008', '??????? ????????? ????????????', '???????????', '????????? ?? ??????????? ??????', '2018-05-24', '0000-00-00 00:00:00', 0, 0, '8-913-531-00-40 (?????????? ?????????)\r\n????????? ?? ??????????? ??????. ???????? ?????????. ?? ???????  ????? ???.?. ? ??????.?-???\r\n????????? ????????? ? ???????????.\r\n?????????? ?????????? ?? ??????????.\r\n????????? ????????? ??????????\r\n????????? ?????????? ?????????? 03.08.2018\r\n? ??? ???????????? \r\n66331024003453\r\n66331024003460\r\n66331024003477\r\n66331024003484\r\n????????? ??????????? ????????? ? ????????? ????????? ? ??\r\n', '??????? 15000\r\n??????? 5000 ????? ????????? ? ??\r\n??????? 5000 ???????', '2019-04-30', '0000-00-00 00:00:00', 20000),
  ('2-2405102918', '24002', '??????? ????? ????????????', '24004', '????????? ??????? ?????????????', '????????? ?? ???????? ???????? ?????', '???????? ??????? 26.06.18', '2015-05-10', '2018-07-06', 1, 0, '???????? ?/? ?? 26.06.2018 ? 16 ????? ? ????? ? ???????? ?????????????? ??????????\r\n???????? ??????? 26.06.2018', '5000 ??????\r\n?.?. ??????????? ? ?????????? ?? ????????? ?????? ? 04.06', '0000-00-00 00:00:00', '0000-00-00 00:00:00', 0),
  ('2-2405312118', '24001', '???????? ?????? ?????????', '24001', '???????? ?????? ?????????', '??.?????-????', '??????????? ????????? ? ???????????  ? ???.?????.', '2018-05-31', '0000-00-00 00:00:00', 0, 1, '89029156252 ????? -??????????, ?????\r\n89080300397 ????\r\n??????????? ? ????.\r\n???????? ????????? ? ???\r\n\r\n??????? ????? - ??????? ?????, ?????????? ?????????? ??????? ?? ??????????.\r\n????? ????????????? ? ?????? ?????????.\r\n?????? ???????? ??? ? ????????? ? ???.\r\n\r\n????????? ???????????!', '??????? 20000', '2019-04-29', '0000-00-00 00:00:00', 20000),
  ('2-2406060118', '24001', '?????????? ????? ??????????', '24002', '??????? ???????? ??????????', '? ????????? ????????????? ?? ?????????? ???????? ? ?????????  ????????? ?? ?????????? ?????????', '? ????????????', '2018-06-06', '0000-00-00 00:00:00', 1, 1, '??????? ?.?. ?? ???? ???????\r\n26.06.2018?. ????????? ?????????? ???????????????\r\n26.06.2018?. ????? ????????? ??? ? ?????????? ??????????? ? ?????????? ??????????? ?????????? ????????? ???????\r\n02.08.2018?. ????????? ???????? ???????????????\r\n????????? ??????????, ???????????? ?? ???? ??????????????\r\n\r\n???? ????? ???????, ????? ?????? ????? ?????\r\n???????? ???????, ???????? ? ??????????.', '', '2019-01-31', '0000-00-00 00:00:00', 22500),
  ('2-2406060218', '24001', '?????????? ????? ??????????', '24002', '??????? ?????? ????????????', '???', '??????????????, ????????? ???????? ??????????', '2018-06-06', '0000-00-00 00:00:00', 1, 0, '??????? ?.?. ?? ???? ?????\r\n??????????? ???, ???? ? ?????????? ??????????? ?????????? ???? 07.06.2018?.\r\n??? ???? ? ???????????? ? ???: ?????????? ???????? ????????? ? ??? 1-?? ???\r\n?????? ??? ??????? ? ???????????? (????? ????????) ??? ???????? ?? 15:00 18 ???????? 2018 ????\r\n?????? ??? ???????? ?? ????? 01 ??????? 2018 ????\r\n???????????? ?? ???? ??????????????, ????????? ??????????\r\n????????? ??????? ?????????. ?????? ??????????.', '??????? ????????? - 3 500 ???.\r\n1 ???????? - 7 000 ???.', '2018-10-15', '0000-00-00 00:00:00', 10500),
  ('4-2406090118', '24001', '???????? ?????? ?????????', '24001', '????????? ??????? ???????????', '?????? ??', '?? ???????????? ? ??', '2018-03-02', '0000-00-00 00:00:00', 1, 1, '??? ?????? ? ????????????\r\n???????????? ?? 29.05.2018 ????????? ???????? ?? 15.08.2018\r\n?????????? ????????? ???????????\r\n???????? ??? ??? ???????? ?? ?????????? ?????\r\n? ???? ????????. ???? ?????????????? ???????.\r\n', '????????', '2018-10-02', '0000-00-00 00:00:00', 0),
  ('5-2406150118', '24002', '?????? ????? ???????', '24008', '????????? ??????? ??????????', '???????????', '? ??????', '2018-06-15', '0000-00-00 00:00:00', 1, 0, '????????? ????????? ? ??, ???? ?????????.\r\n?????????? ?? ??????????\r\n???????? ?????? ??? ???????? ??????????.\r\n8-913-531-53-28\r\n?????????\r\n66331024007468\r\n66331024007499\r\n???? ?????? ?? ?????? ???????, ?? ??????????? ?? ?? ??? ? ?? ??????. ?????????? ??????? ??????????? ??????\r\n? ???????? ????????? ??? ??? ? ?????????? ??????? ? ???? ??????????.\r\n--------------------------------------------------\r\n???? ??????? ? ????????? ? ????????? ?? ???.???.????.\r\n????????? ? ?? 16.08.2018\r\n?????????? ??????? ? ????????????. ?????? ?? ?? ?????????? ??????????.\r\n??????? ?????????, ??????? ????????? ??.\r\n???? ? ??????\r\n', '15 000 ???. \r\n??????? 20 000 ??? ??? ???????? ? ??\r\n20 000 ?????? ???????.- 10.08.2018', '2019-04-29', '2019-04-29', 35000),
  ('2-2406150318', '24002', '??????? ????? ????????????', '24004', '????????? ??????? ??????????', '????????', '????????? ???', '2018-06-15', '0000-00-00 00:00:00', 1, 0, '????????? ??? ? ???\r\n????????? ????????? ? ???.\r\n????????? ???????? ??? ???????? ? ??112\r\n?????????\r\n66331024007475\r\n???? ???????. ????????? ??? ??????? ??????????.\r\n', '???????? ? ??', '2018-09-24', '0000-00-00 00:00:00', 0),
  ('2-2406240118', '24001', '?????????? ????? ??????????', '24002', '?????? ????? ?????? ????', '??????????? ??????? ?? ?????????? ?? ????', '??????????? ???', '2018-06-19', '0000-00-00 00:00:00', 1, 0, '8-913-168-28-66\r\n??? ??????????? ? ??????? ??? ??????????? ? ???.\r\n????????? ??? 66331924006790\r\n????????? ???????? ????????? 31.07.2018 ? 14.30 ??????\r\n?????? ?? ? 14.30 21 ??????? 2018\r\n?????? ?? ? 16:30 27 ??????? 2018\r\n???????? ???????, ??????? ???????? ? ?????? ??????.\r\n', '??????? ??? 3000\r\n??????? ??? 7000\r\n??????? ??? 3000 (2-?? ??)\r\n????? ?????? ?? 3-? ?? - 3000\r\n\r\n', '2018-08-24', '2018-08-27', 13000),
  ('2-2406240218', '24002', '???????? ?????? ?????????', '24001', '?????? ??????? ???????????', '??????????? ???????????? 3 ????', '? ??????', '2018-05-01', '0000-00-00 00:00:00', 1, 0, '?? ???? ??? ?????? ????: ???? ??????? ? ????????\r\n?? ?????????? ?????? ?? (??????????????? ?????)\r\n???????? ??? ?? ?????? ?? ?? 03.07.2018\r\n???????? ??????? - ??? ??????? ? ??????.\r\n??????? ??????? ?? ?????????? ???????? ? ????? ? ?????????????????\r\n\r\n\r\n???? ? ??????????????? ??????', '?? ??????? ??????\r\n??????? ? ???? ????????????? ?? ??? - 5000\r\n????????? ?? ?????? ?? - 2000\r\n??????? ? ???? ????????????? ?? ?????? ?? - 3000\r\n????? ?????? 10 000 - 5000 (???????) ? ?????? 5000.\r\n???????? ??? ??? ??????.\r\n\r\n', '2019-04-30', '0000-00-00 00:00:00', 10000);
INSERT INTO dela VALUES
  ('5-2406252118', '24002', '??????? ????? ????????????', '24004', '?????????? ????? ????????????', '???????????', '? ??????', '2018-06-26', '0000-00-00 00:00:00', 1, 1, '8-923-207-40-82\r\n? ??????\r\n??? ??????? ????????????? ? ??\r\n????????? ??? ????????? ?????????? ???????? ?? ????????\r\n?????????\r\n66331024007574\r\n66331024007550\r\n66331024007567\r\n66331024007536\r\n???? ?????????? ? ?? 03.08.2018\r\n? ??? ????????????\r\n66331024003507\r\n??????? 25000 ???????, ??????.?????? ? ????????? ?????????? 16.08.2018\r\n????? ?????? ?? \r\n????? ?? ??????, ???????? ????????.\r\n????????? ??????????? ? ?? ? ??? 09.10.2018 ?66331027011134, ? 66331027011141 ??\r\n????????? ??????? ?? ??????????????\r\n???????? ??????? ?? 19.12.2018. ???????? ?????????, ??????? ????????? ?????????? ?????????, ?????? ?? 19.06.2018\r\n????????? ?/? ?? 19.12.2018\r\n', '??????? 30000\r\n??????? 10000 ??? ???????? ? ?? ???????\r\n??? ????????\r\n', '2018-12-20', '2019-06-19', 30000),
  ('5-2406262218', '24002', '?????? ????? ???????', '24008', '?????? ????????? ??????????', '???????????', '??????? ?????????', '2018-06-26', '0000-00-00 00:00:00', 0, 0, '8-908-034-91-80\r\n8-913-490-78-06 (???????)\r\n???? ?????????\r\n????????? ?????????\r\n???????? ?????? ??? ??????????? ??????????\r\n?????????\r\n66331024007505\r\n66331024007512\r\n66331024007611\r\n66331024007543\r\n????????? ????? ?????????? ? ??\r\n300 ?????????? ????????\r\n???? ?????????? ? ?? 01.08.2018\r\n? ???????????? 66331024003316\r\n????????? ??? ???????? ???? ??33-21505/2018\r\n????????? ??????????? ? ????????? ?????????\r\n???????????????? ? ??????? ? ?? ?????????? 14.09.2018.\r\n??????? ????????? 27.03.\r\n???????????????? ?????? ?????????? ? 66331025003469 ?? 16.10.2018\r\n????????? ???????, ?????? ?????? ?????? ? ??\r\n?????? ??????? ????????? ???????????? ?????????????? ?????????\r\n????????? ????????? ?? ????????????? ???????????.\r\n??????? ?????????. ??????????? ?? 26.03. ????? ???????????? ????????????  23.09.19.', '10 000 ?????? (??????? ??????????????)\r\n??????? ?????? 10 000 ????? ????????? ? ??\r\n10 000 ??????? ???????\r\n', '2019-09-23', '0000-00-00 00:00:00', 20000),
  ('2-2406260118', '24002', '???????? ?????? ?????????', '24001', '????????? ????????? ??????????', '?????????? (??????? ??? ? ???)', '????????? ??? 28.06.18', '2018-06-26', '0000-00-00 00:00:00', 1, 0, '??????????? ??? 28.06.18\r\n8-913-501-36-37 \r\n??? ????????? ? ??? 13.07.2018\r\n????????? ????????\r\n???????? ??? ?? 07 ??????? 2018 ? 17.30 (???? ? ???????????? ?? ?????? 12)\r\n???????? ???????? ????????? (???? ?????) ??????, ?? ????? ???.\r\n??????????????? ???????? ????????? ????????? 01.10.2018 ? 16:00\r\n????????? ????????? ??? ????????.\r\n???????????.', '7 500 ??????\r\n2500 ??? ? 5000 ??????? ? ????', '2019-04-30', '0000-00-00 00:00:00', 7500),
  ('2-2406260218', '24001', '???????? ?????? ?????????', '24001', '????????? ???? ??????????', '?????????????? ????? ???? ??? (1\\7)', '? ??????', '2018-06-26', '0000-00-00 00:00:00', 0, 0, '????????? ?? ?12\r\n?????????? ??? ?? ?47?\r\n????????? ???\r\n??? ??????? ?? ????????\r\n?????????\r\n66331024007628\r\n????????? ?????????? ? ??? 31 ???? 2018 ????\r\n????????? ???????? ???? ???? ? ?-4367/2018 (????????????????? ???????? ??? ?????? ?????-??????????)\r\n???????? ????????????, ?????????? ????????.\r\n???? ???? ?? ????????, ??????.\r\n??????????????? ?? 21 ?????? 2018 ????\r\n???????? - ??????\r\n????????? ???????????\r\n????????? ???????????.\r\n????????? ????\r\n? ???? ???????? - ???????? ???????\r\n\r\n\r\n', '???????? ??? 3500\r\n???????? ??????? ? ???? 7000', '2019-04-29', '0000-00-00 00:00:00', 10500),
  ('5-2406270118', '24001', '???????? ?????? ?????????', '24001', '????????? ??????? ????????', '???????????', '?????? ? ???????? ??????', '2018-03-19', '0000-00-00 00:00:00', 0, 0, '?????? ? ??????? ??????', '???????? ? ????????? ??', '2019-04-30', '0000-00-00 00:00:00', 0),
  ('2-2406270118', '24002', '??????? ????? ????????????', '24004', '??????? ???? ??????????', '??????????? ??', '? ??????', '2018-06-06', '0000-00-00 00:00:00', 1, 1, '????????? ?????????? ? ??\r\n???????????? ?????????????? ???????? ?? 06.09.2018\r\n?????????? ??????? ??????????? ? ???????? ??????\r\n????????? ?????????? ?.? ???????\r\n????????? ??????????\r\n???????? ????????? - ????????? ????', '???????? ????????? 35000 ??????', '2019-02-12', '0000-00-00 00:00:00', 35000),
  ('5-2406270218', '24002', '?????? ????? ??????????', '24003', '????????? ????? ?????????????', '???????????', '28.06.18 ????????? ??????', '0000-00-00 00:00:00', '0000-00-00 00:00:00', 1, 0, '28.06.2018 ????????? ??????\r\n????? ???????????\r\n??????? ??? ???????? ??? ???????? (???????)\r\n?????????\r\n66331024007604\r\n', '??????? ?????? ???', '2018-09-21', '0000-00-00 00:00:00', 0),
  ('2-2406270218', '24002', '?????? ????? ???????', '24008', '?????? ??????? ?????????', '????????? ???.????????', '????????? ???!!!', '2018-06-26', '0000-00-00 00:00:00', 1, 0, '???? ? ??????', '2 500 ??????', '2019-01-31', '0000-00-00 00:00:00', 0),
  ('2-2406270318', '24002', '??????? ????? ????????????', '24004', '????????? ????? ????????????', '????????? ????', '? ??????', '2018-06-26', '0000-00-00 00:00:00', 1, 0, '', '???????? ? ??', '2018-07-31', '0000-00-00 00:00:00', 0),
  ('2-2406270418', '24002', '??????? ????? ????????????', '24004', '?????? ??????? ???????', '??? ????', '???????? ???????', '2018-05-25', '0000-00-00 00:00:00', 1, 0, '????????? ??? \r\n????????? ?/? ?? 30.05.2018 ? 15:00\r\n????????? ?/? ?? 21.06.2018 ? 16:30\r\n???????? ??????? 21.06.2018', '', '0000-00-00 00:00:00', '0000-00-00 00:00:00', 0),
  ('2-2406270518', '24002', '?????? ????? ???????', '24008', '????? ???? ???????', '????????? ????', '? ??????', '2018-06-26', '0000-00-00 00:00:00', 1, 0, '?????????? ???????? ???\r\n????????? ??????\r\n??????? ??????? ???????? ? ????? ? ????????????? ????????\r\n\r\n???? ? ??????????????? ??????', '??????? 7000 ??????? ????????????? ? ????', '2019-04-30', '0000-00-00 00:00:00', 0),
  ('2-2406270618', '24002', '?????? ????? ???????', '24008', '?????????? ????? ??????????', '?????? ????-?? ????????', '? ??????', '2018-05-30', '0000-00-00 00:00:00', 1, 0, '???? ? ??????????????? ??????\r\n', '???????? ? ??', '2019-01-31', '0000-00-00 00:00:00', 0),
  ('2-2406270718', '24002', '??????? ????? ????????????', '24004', '???? ???????? ????????????', '???? ???.??????', '??????????? ???', '2018-05-24', '0000-00-00 00:00:00', 1, 0, '??????????? ???\r\n??? ????? ????\r\n????????? ???? ????\r\n???????? ??? ?? 13 ??????? 2018 ? 11.30\r\n???????? ??? ?? 03 ??????? 2018 ? 10:00\r\n', '???????? ? ??', '2018-10-02', '2018-10-03', 0),
  ('2-2406270818', '24002', '??????? ????? ????????????', '24004', '??????????? ??????? ??????????', '? ????????? ????? ???-??? ?? ?????', '? ??????', '2018-06-22', '0000-00-00 00:00:00', 1, 0, '???? ? ??? ?? ?????. ?????? ??????.\r\n?? ????? ?????? ??????? ????????? ???????.', '???? ?? ???????. ?????? 20000.', '2018-11-23', '0000-00-00 00:00:00', 0),
  ('2-2406270918', '24002', '??????? ????? ????????????', '24004', '?????? ???????? ????????', '?????????????? ?????? ?? ??????????', '????????? ? ??? ?????????', '2018-04-25', '0000-00-00 00:00:00', 1, 0, '?????????? ? ??? ????????? 25.04.2018\r\n????? ????????? ???\r\n???? ?????????\r\n', '???????? ? ??', '2018-08-15', '0000-00-00 00:00:00', 0),
  ('0-2406270118', '24002', '??????? ????? ????????????', '24004', '????????? ????????? ??????????', '?????. ?? ?????? ????????? ???????', '?????????? ????????? ? ???', '2018-04-25', '0000-00-00 00:00:00', 1, 0, '?????????? ????????? ? ??? 25.04.18', '???????? ? ??', '2018-07-19', '0000-00-00 00:00:00', 0),
  ('5-2406270318', '24002', '?????? ????? ??????????', '24003', '????????? ??????? ?????????????', '???????????', '??????????? ????????? ? ??', '2018-06-22', '0000-00-00 00:00:00', 1, 0, '??????????? ????????? ? ??\r\n8-913-499-71-57\r\n8-923-201-57-64\r\n?????????? ?? ?????????? ?????????\r\n????????? ?????????? ?????????? 27.07.2018\r\n???? ?????????? ? ?? 03.08.2018\r\n? ????????? 66331024003491\r\n????????? ????????? ?? ?????? ????????? ???????\r\n????????? ?? ?????? ??????? ?????? 17.08.2018\r\n????????? ?? ?? ?????????? (?????? ???????)\r\n??? ????? ??? ??????????? ???????????.\r\n', '15 000 ??????\r\n??????? 20000 ??? ???????? ? ??\r\n5 000 ????????\r\n??????? 15 000 ??????? 21.08.18 + 1000 ?? ????????? ?? ?????? ???.???????\r\n1 000 ???????? (????????? ?? ?????? ???.???????)\r\n3 000 ????????\r\n???????? 12 000\r\n\r\n', '2018-10-26', '0000-00-00 00:00:00', 0),
  ('2-2407040118', '24001', '?????????? ????? ??????????', '24002', '????? ?????? ????????', '?????? ???????? ??????? ? ???????? ????? ?? ???', '??????? ??????? ????????, ????????? ????? ??????????? ?? ????????', '2018-05-20', '0000-00-00 00:00:00', 1, 0, '????? ?.?. ???????? ?? ???? ??????????\r\n28.05.2018?. ????? ????????? ?? ?????? ???????? ???????.\r\n27.06.2018?. ??????? ??????? ????????.\r\n24.07.2018?. ????????? ???????? ??????????????? ?? ?????????? ????.', '????????? ?? ?????? ???????? ??????? - 2 000 ???.\r\n1-? - ????????????????? 7 000 ??????.\r\n2--? - ????????????????? 3 000 ??????\r\n3-? - ?????????????????,,,,,,,,', '2018-07-19', '2018-07-24', 12000),
  ('2-5240752118', '24002', '?????? ????? ???????', '24008', '??????? ???????? ???????', '???????????', '? ??????', '2018-07-05', '0000-00-00 00:00:00', 1, 0, '? ??????+ ?????? ?????????????? ?????????\r\n8-902-919-25-71\r\n?????????? ?? ?????????? ?????????\r\n????????? ?????????? ?????????? 03.08.2018\r\n?????????? ? ?? 66331926005821\r\n????????? ??????????, ???????? ???????\r\n???????????????? ?????? ? ?? 66331025006712 ?? 02.11.2018\r\n????????????? ?????? ?????????? ? ?? ? 66331025007375 ?? 09.11.2018\r\n???????????????? ?????? ??????????  ?????????? ? ?? ? 66331025003483 ?? 16.10.2018\r\n????????? ????????? ?? ??? ??? ?? ???????? ? ?????????????????.\r\n???????? ??????????? ??? ????????? - ???? ????????????????\r\n\r\n', '15 000 ??????- ?? ??????? ??????????????\r\n??????? 20000 ??? ???????? ? ??\r\n???????? 12000 - ??????? 8000\r\n8000 ????????- 10.08.2018', '2019-01-09', '0000-00-00 00:00:00', 0),
  ('2-2407060118', '24002', '??????? ????? ????????????', '24004', '???????? ?????? ??????????', '?? ???????????? ??????????', '? ??????', '2018-07-06', '0000-00-00 00:00:00', 1, 0, '????????? ???????? ????????? ?? ??????? ?? 16.08.2018 ? 10.00 ??????? 3 ??? ????????\r\n111 ?? 07 ??????? 11.00 ??????????????? ?????????? ?????? ????????? 03 ???????? 11.00 (?????? ??????? ????????)\r\n??? ?? ??????? ?????????????.\r\n\r\n', '??????? ??? 2 ??. 5000\r\n??????? ? ???? 5000\r\n', '2018-08-31', '2018-09-03', 0),
  ('2-2407110118', '24001', '???????? ?????? ?????????', '24001', '???????? ????????? ????????? ', '???????? ???? ?? ????????????? ?? ?????? ', '???????????? ??????? ?????????', '0208-07-11', '0000-00-00 00:00:00', 1, 1, '???????? ?.?. - ?????\r\n11.07.2018?. ??????????? ????? ?????????? ??? ?????????? ?/?????????.\r\n19.07.2018?. ??????? ????????? ??????????.\r\n??? ??????? ?? ????????\r\n?????????\r\n66331024008021\r\n??? ??????? - 08 ??????? 2018 ? 17.30 ????????????? ???????? - ?????????\r\n20.08.2018?. ? 14.00 ???. ????????? ??????? ????????? ????????\r\n04.09.2018 ??? 2-?? ????????? ???????????? ?????????\r\n05.09.2018 ??? 3-?? ???????? ?????????\r\n??????? ???????? ? ?????? ????????? ?.?.\r\n???????? ????? ??\r\n???? ??????? ??????? ? ????\r\n??? ????????? ???????? ???????\r\n\r\n\r\n\r\n\r\n', '', '2019-04-05', '0000-00-00 00:00:00', 25000),
  ('2-2407190118', '24001', '?????????? ????? ??????????', '24002', '?????????? ????? ?????????????', '????????????? ?? ???', '???????? ???????', '0000-00-00 00:00:00', '0000-00-00 00:00:00', 1, 0, '????????? ?? ???????? ??????? ?? ??????? ????\r\n????????? ???????? ????????? ?? ??????? ???? ?? 10.00 23 ??????? 2018 ????', '???????? ?? ??????? ???? 7000 ?? ?????? ??\r\n', '2018-11-26', '0000-00-00 00:00:00', 7000),
  ('2-2404010118', '24001', '?????????? ????? ??????????', '24002', '?????????? ?????? ???????????', '???????? ? ????? ?? ??', '??????????', '2018-04-26', '0000-00-00 00:00:00', 1, 1, '???????????? ?? ???? ????????????\r\n???????? ??? ?? 14.30 15 ??????? 2018\r\n????????? ????????? 03 ???????? 2018\r\n\r\n8-902-490-0066 ????\r\n\r\n08.10.2018?. ? 11:00 ????????? ??\r\n????????? ????????? ??????????\r\n???? ? ????? - ?????????? ???? ?? ??????\r\n\r\n', '20000', '2019-01-25', '0000-00-00 00:00:00', 20000),
  ('5-2407240118', '24002', '?????? ????? ???????', '24008', '????????? ??????? ???????????', '???????????', '? ??????', '2018-07-23', '0000-00-00 00:00:00', 0, 0, '????????? ??? ????? ????????? ?????????. ???? ??????????.\r\n???????? ???????? ????? ??????????. ???? ???????? ?? ?12.\r\n????????? ?????????? ?????????? 31.08.2018\r\n???? ?????????? ? ?? 07.09.2018\r\n????????? ???????????????? ?????? ? ?? ?? 13.12.2018\r\n????????? ??????????: ?????? ? ????????? ? ????????? ????????.', '?? ???????? ?????? 35000 (15000+20000)\r\n?????????? ???? 15.08.2018\r\n?????????? 15000 ????\r\n??????? 20 000 24.12.18\r\n??????? 16000 - 27 ??????? 2018\r\n??????? 4000\r\n??????? 16.01.19', '2019-04-30', '0000-00-00 00:00:00', 0),
  ('2-2408030218', '24001', '?????????? ????? ??????????', '24002', '?????? ??????? ?????????? ', '??????????? ??????? ??????????? ????? ??????????, ???????? ? ????????????? ?????????, ??????????? ? ', '? ????????????', '2018-06-20', '0000-00-00 00:00:00', 1, 0, '?????? ??????? ?????????? - ?????  8-913-037-7656\r\n??????????? ???, ????????? ? ???.\r\n03.08.2018?. ????????? ???????? ?????????, ???????????? ???? ?????????? ? ????? ? ???????????? ??????? ???.\r\n04.09.2018?. ? 10.30?. ????????? ?????? ???????? ?????????.\r\n???????????? ?????????????? - ????????? ??????????', '??????? ????????? - 3000 ???.\r\n1-?? ???????? - 7 000 ???.\r\n2-?? ???????? - ????', '2018-09-21', '0000-00-00 00:00:00', 10000),
  ('5-2408030118', '24002', '??????? ????? ????????????', '24004', '??????????? ?????? ?????????', '???????????', '? ??????', '2018-08-03', '0000-00-00 00:00:00', 1, 0, '??????????? ?????????.\r\n?????????? ????????? ?????????? 16.08.2018\r\n8-923-207-40-82\r\n????????? ??? ???????? ?? 11.10.2018 (????????? ?????????)\r\n\r\n?????????? ???????????????? ?????? ? ?? ? 66331025003476 ?? 16.10.2018\r\n????????? ???????? ? ????????????\r\n??????? ? ????????????, ?????? ?????????????? ?????? ??????? ???.\r\n???????? ?????????\r\n', '?????????? 15 000 ????????\r\n??????? 20 000\r\n???????? 15 000\r\n??????? 5 000\r\n???????? 5000', '2018-12-27', '2018-12-20', 35000),
  ('5-2408030218', '24002', '??????? ????? ????????????', '24004', '???????? ????? ??????????', '???????????', '? ??????', '2018-08-03', '0000-00-00 00:00:00', 1, 0, '???? ??????????.\r\n? ?????? ????, ?? ????? ????????.', '', '2018-11-22', '0000-00-00 00:00:00', 0),
  ('2-2408060118', '24001', '?????????? ????? ??????????', '24002', '?????????? ???? ???????? ', '? ????????? ????????? ? ?????????????? ?????', '? ???????????', '2018-07-19', '0000-00-00 00:00:00', 1, 0, '?????????? ?.?. - ????? 8-908-034-1948\r\n???????? ??????????????? ????????? ?? 27.08.2018?. ? 16.00 ???. (????? ???????)\r\n???????? ??????? ?? ?????????????? ?????????? ?????.', '??????? ????????? - 3000 ???.\r\n1-?? ???????? - 7 000 ???.', '2018-10-31', '0000-00-00 00:00:00', 10000),
  ('2-2408130118', '24001', '?????????? ????? ??????????', '24002', '??? ?????????', '? ????????? ????????????? ??????', '? ????????????', '2018-08-13', '0000-00-00 00:00:00', 1, 0, '??? \"?????????\" - ????????\r\n16.08.2018?. ? 10:00 ???. ????????? 1-?? ???????? ?????????, ????? ???????\r\n???.:8-902-944-0590, 8-902-552-0514\r\n\r\n23.08.2018?. ? 16:30 ???.  - 2-?? ???????? ?????????\r\n? ?????????????? ??????? ?????????? ????? ???????? ? ?????? ??????, ??????? ? ?????? ?????? ????? \r\n??????????? 30.08.2018?.\r\n\r\n?????? ?????? ????????????? ??????, ?? 17.09.2018 ????????? ????????????? ????? ??? ?????????????? ??????????.', '1-? ???????? - 7 000 ???.\r\n2-? ???????? - 7 000 ???.', '2018-09-24', '0000-00-00 00:00:00', 14000);
INSERT INTO dela VALUES
  ('2-2408170118', '24001', '?????????? ????? ??????????', '24002', '??????? ??????? ??????????', '? ????????? ????? ?? ????????? ?????????? ??????? ??? ???????????? ?????? ?????????', '? ????????????', '2018-07-18', '0000-00-00 00:00:00', 1, 0, '??????? ?.?. - ?????  8-913-167-4758\r\n28.08.2018?. ? 10:30 ???. ????????? 1-?? ???????? ????????? \r\n26.09.2018?. ? 11:30 ???. ????????? 2-?? ???????? ?????????\r\n17.10.2018?. ? 11:00 ???. ????????? 3-? ???????? ?????????\r\n\r\n?????? ????????????? ?????? 23.11.2018?.', '??????? ????????? - 3 500 ???.\r\n1-?? ???????? ????????? - 7 000 ???.\r\n2-?? ???????? ????????? - 3 000 ???.\r\n3-? ???????? ????????? - 3 000 ???.\r\n???????? ?? - 3500 ???.', '2018-11-22', '0000-00-00 00:00:00', 16500),
  ('2-2408170218', '24002', '??????? ????? ????????????', '24004', '?????????? ??????? ?????????????', '??? ???????-???????', '??? ???????????', '2018-08-17', '0000-00-00 00:00:00', 1, 0, '??????????? ??? ??? ??????? ?? ????????\r\n??? ??????????? 21.08.2018\r\n????????? ???????? ???? ? ?????????? ????????????????? ? ????', '2500 ????????', '2018-09-24', '0000-00-00 00:00:00', 0),
  ('2-2408170318', '24002', '??????? ????? ????????????', '24004', '????? ??????? ??????????', '???????????? ??.????? (????????????? ??????????? ??)', '? ??????', '2018-08-17', '0000-00-00 00:00:00', 1, 0, '??????????? ??? ? ???????????? ????? ?????????? ? ????????? ?????????? ??\r\n???????????? ?????? ?????????? ? ?????? ???????? ?? ????????, ????????? ?? ??.13 ?.1 ????? ? ???????????.\r\n? ??????? ??????? ?????? ? ?????? 1991 ?? 05.03.1992 ??? ???????? ? ??? ?????????? ?? ?????????? ??, ??????.?????? ?????? ? ???????? ??????? ?????????? ???? ?????? ?????????? ? ??.\r\n\r\n\r\n???. 89232070547\r\n??? ??  27???????? ? 14.30\r\n???????? ??????? ?? 27.09.2018', '3000 ???????\r\n7000  ?? ????????????????? ? ???? ???????', '2018-09-30', '0000-00-00 00:00:00', 0),
  ('2-2409070118', '24001', '?????????? ????? ??????????', '24002', '??????? ??????? ?????????', '? ????????? ???????? ?????????????? ????????????????', '? ????????????', '2018-08-07', '0000-00-00 00:00:00', 1, 0, '??????? ?.?. - ?????  8-913-531-057\r\n12.09.2018?. ? 14:30 ???. ????????? 1-?? ??\r\n01.10.2018 ? 16.30 2-?? ??\r\n???????? ??????? - ? ???? ????????', '??????? ????????? - 4 000 ???.\r\n1-?? ?? - 7 000 ???.\r\n2-?? ?? - 3000 ??? ???????? (?? ?????) ???????\r\n', '2018-09-30', '2018-10-01', 11000),
  ('2-2409180118', '24002', '??????? ????? ????????????', '24004', '?????? ?????? ??????????', '???????????? ????????? ?? ??????????? ????????', '?????????? ????', '2018-09-18', '0000-00-00 00:00:00', 1, 0, '?????????? ?? ?????????? ?????? ??????????? ???????? ?? ?????????? ????\r\n?????????? ??????????? ??? ?? ???????????? ????????? ?? ??????????? ???????? ? ????????? ? ???\r\n?? ?????? ?????? ???? ??????? ??????????? ?? ??????\r\n8-906-901-54-53\r\n????????? ???\r\n??? ???????????? 30 ??????? 2018 ????\r\n\r\n', '???????? ??????????? ???? 3000\r\n???????? 300 ??? ?????? ??????????', '2018-11-22', '0000-00-00 00:00:00', 3000),
  ('2-2409190118', '24001', '???????? ?????? ?????????', '24001', '??????? ????? ??????????', '?????? ???? ????????????', '? ???????????? ? ????', '2018-09-19', '0000-00-00 00:00:00', 1, 0, '?? ???? ????????? ??????????.\r\n8-913-166-88-60\r\n19.09.2018 ??????????????? ???????? ????????? (????????)\r\n11.10.2018 ?????? ?? ? 10.15\r\n?????? ?????? ? ???????????\r\n????????? ??????, ?? ?????????? ?????? ?????????\r\n', '???????? ?????? ???????? 7000 (??????????? 5000)\r\n????? ?????? ?? ?????? ?? 5000', '2018-09-21', '2018-10-11', 7000),
  ('2-2409270118', '24002', '???????? ?????? ?????????', '24001', '?????????? ??????? ????????????', '??? (?????????????)', '???????????????? ??????', '2018-09-27', '0000-00-00 00:00:00', 0, 1, '??????? ??????? 8-913-492-95-71\r\n???????? ? ??? ?? 05 ???????? 2018\r\n???? ???????? 04 ???????? 1992?. (????????, ????????)\r\n??????, ????? ??????? - ???? 2018 ? ??? ?????????.\r\n?????? ??? ???????????? ????????\r\n???????????? ?????? (????????, ??????????, ???????)\r\n05 ??????? 2018 (????????????? ?? ??? - ??????? ?????)\r\n?????? ??????????? ?? ???????????? ?? ??????????? ??????. ??????????? ?? ???????.\r\n????????? ???? ? ??? 19.10.2018?.\r\n????? ??? ?? ??????????? ????????? ??????? - ????????? ???? ????\r\n?????? ????????????? ? ???.\r\n????????????? ?????? ? ????? 26 ??????? 2018 ????\r\n????????? ???? ????\r\n? ???? ????????. ???????? ?????????? ? ????????? ???????.\r\n????????? ????? ??? (????????)\r\n\r\n\r\n', '?????????? 25000\r\n??????? ?????? 25000 ?? 25 ??????? 2018 - ???????', '2019-05-07', '0000-00-00 00:00:00', 50000),
  ('2-2409270218', '24001', '???????? ?????? ?????????', '24001', '???????? ??????? ????????????', '??? (?????????????)', '???????????????? ??????', '2018-09-27', '0000-00-00 00:00:00', 0, 1, '??????? ??????? 8-906-903-14-49\r\n???????? ? ??? ?? 12 ??????? 2018\r\n???? ???????? 29 ??????? 1995?. (???????? ??? ??? ?? ????? IT ???????? ?? ??????? ?????????????)\r\n????????? ???? ? ????????? (??????: ????????, ??????????????, ????????????, ??????????, ???????? ????)\r\n????????? ?????????? ?? ??????????? ???????.\r\n?????? ??? ???????????? ????????.\r\n???? ?????????? ????????????\r\n????????? ???????? ?? 14 ?????? 2019 ???? - ?? ??????? ?????? ???????????????\r\n???????? ?? 04 ??????\r\n', '?????????? 25000\r\n??????? ?????? 25000 ?? 25 ??????? 2018 - ??????? 09 ?????? 2019\r\n??????? ?? ???????? ???????.', '2019-04-30', '0000-00-00 00:00:00', 50000),
  ('2-2410030118', '24001', '?????????? ????? ??????????', '24002', '?????? ????????? ??????????', '????????? ???????? ???????', '? ????????????', '2018-08-22', '0000-00-00 00:00:00', 1, 1, '?????? ?.?. - ?????\r\n22.08.2018?. ?????????? ?????????? ?????????\r\n12.09.2018?. ???? ??? ? ?????????? ????????? ???\r\n20.09.2018?. ? 12:00 ???. 1-?? ??\r\n04.10.2018?. ? 16:30 ???. 2-?? ??\r\n23.10.2018?. ? 16:30 ???. 3-? ??\r\n????????? ??????????\r\n???? ? ????? - ?????????? ????? ?? ??????', '???????? 25000', '2019-01-25', '0000-00-00 00:00:00', 25000),
  ('2-2410050118', '24001', '?????????? ????? ??????????', '24002', '??? \"???????????????\"', '? ????????? ?????????? ?????', '? ????????????', '2018-10-01', '0000-00-00 00:00:00', 1, 0, '??? \"??????????????\" - ????????   ?? ???? ?????????? ?.?.\r\n02.10.2018?. ? 10:00 ???. 1-?? ??\r\n30.10.2018?. ? 10:30 ???. 2-?? ??', '1-?? ?? - 7 000 ???.\r\n2-?? ?? - ????', '2018-10-29', '2018-10-30', 7000),
  ('2-2410050218', '24001', '?????????? ????? ??????????', '24002', '??? \"??????????????\"', '? ????????? ?????????? ?????', '? ????????????', '2018-10-01', '0000-00-00 00:00:00', 1, 0, '??? \"???????????????\" - ????????  ?? ???? ??????? ?.?.\r\n02.10.2018?. ? 14:00 ???. 1-?? ??\r\n06.11.2018?. ? 10:30 ???. 2-?? ??', '1-?? ?? - 7 000 ???.\r\n2-?? ?? - ?????', '2018-11-05', '2018-11-06', 7000),
  ('2-2410050318', '24001', '?????????? ????? ??????????', '24002', '??? \"???????????????\"', '? ????????? ?????????? ?????, ??????????? ?? ???????????????? ??????, ??????????? ?????????? ????? ', '? ????????????', '2018-10-01', '0000-00-00 00:00:00', 1, 0, '??? \"???????????????\" - ????????   ?? ???? ???????? ?.?.   (????????)\r\n09.10.2018?. ? 17:00 ???. 1-?? ??\r\n16.10.2018?. ? 10:00 ???. 2-?? ??\r\n17.10.2018?. ? 14:00 ???. 3-? ??', '1-?? ?? - 7 000 ???.\r\n2-?? ?? - 7 000 ???.    ', '2018-10-08', '2018-10-09', 12000),
  ('5-2410112118', '24002', '?????? ????? ???????', '24008', '??????? ???????? ??????????', '???????????', '??????? ?????????', '2018-10-11', '0000-00-00 00:00:00', 0, 0, '???.89080307972 ????? ????? 89050922745\r\n\r\n?????????? ????????? ? ??????????? ?????????? (?????????) 66331025006699 ?? 02.11.2018\r\n::66331025000949 ?? 02.11.2018\r\n???????????? ????????? ? ??.\r\n????????? ?????????? ? ?? - ?????????\r\n????????? ??? ???????? - ?????? ???????.\r\n????????? ??????? ? ????????????.\r\n????????? ????????? ?? 06.02.2019.\r\n?????? 16.01. ???????? 25000 ?? ??????? ??, ???? ?????????.\r\n??????? 25000 15.01.19, ????????? ? ?? ????????? 16.01.19.\r\n? ????? ? ???????.????????????.????????.????????. ????????? ???????? ?? 11.03.\r\n???????????????? ?????????? ? ?? 20.02.19, ? ??????? ??????????? ????? ?? ?????????: ?????????, ????????????? ????. ???????????\r\n???????? ????????? ???????? ?? 06.05.19?.\r\n???????????? ??????????? ? ?????? ???, ????? ?????????? 26.03.\r\n', '15 ??????? ???????? ??????\r\n15 000 ??????????\r\n??????? 20 000 ??????? ? 2 ????? ? ?????? ? ???????\r\n6 000 ??????? 29.11.2018\r\n??????? 14 000 ? ???????\r\n??????? 14 000 17.12.2018.\r\n??????? 15.01. 25000 ?? ??????? ??.\r\n\r\n25.03. ??????? 25000-?????????????? ???.??????.', '2019-04-30', '2019-05-06', 0),
  ('2-2410010118', '24001', '?????????? ????? ??????????', '24002', '??? \"?????????\"', '? ????????? ?/????? ? ??????????? ?????????? ?????', '? ????????????', '2018-10-01', '0000-00-00 00:00:00', 1, 0, '??? \"?????????\" - ???????? ?? ???? ??????? ?.?.\r\n25.10.2018?. ? 15:00 1-?? ??', '1-?? ?? - ????? ??????', '2018-10-24', '2018-10-25', 0),
  ('2-2410090118', '24001', '?????????? ????? ??????????', '24002', '??? \"???????????????\"', '? ????????? ?/????? ? ??????????? ?????????? ?????', '? ????????????', '2018-10-09', '0000-00-00 00:00:00', 1, 0, '??? \"???????????????\" - ???????? ?? ???? ??????? ?.?.\r\n25.10.2018?. ? 14:15 ???. 1-?? ??', '1-?? ?? - ?????? ?????', '2018-10-24', '2018-10-25', 0),
  ('2-2411070118', '24001', '???????? ?????? ?????????', '24001', '????????? ??????? ?????????????', '????? ????????????? ?? ?????-????', '???????????????? ??????', '2018-11-02', '0000-00-00 00:00:00', 0, 0, '???? ? ??? ? ???????.\r\n??????????? ??????? ?????????? ? ???????.\r\n???? ?????????? ?? ??????????.\r\n?????????? ??????. ????????? ??? ? ???.\r\n????????? ??? ? ???\r\n', '?????????? 25000 ???????????\r\n??????? ?????? 25000 ?? 27 ??????? 2018 ???? - ???????\r\n', '2019-05-06', '0000-00-00 00:00:00', 0),
  ('5-2411082218', '24002', '?????? ????? ???????', '24008', '????????? ????? ????????????', '???????????', '?????????? ?????????', '2018-11-08', '0000-00-00 00:00:00', 0, 0, '8-913-525-18-81\r\n??????????? ?????????\r\n????????? ??????????\r\n?????????? ?????????? 24.01.19.\r\n????????? ?????????? ? ?? 05.02.19.\r\n???????? ???????? ????? 14.02.\r\n????????? ??? ???????? (??????????? ?? 20.02.19). ?? 18.03.19 ??????? ??????????? ????? ????????? ? ??.\r\n28.02. ??????? ?????????, ???????????????? ? ?? ??????.\r\n????????? ??????, ?????????? ? ??, ????????? ?? 18.03.19?. ?????????\r\n??????? ???? ?\\???????? ?? 15 ??????.\r\n???????????? ????????? 08 ??? 2019', '25000 ??????- ???? ??????????\r\n??????? 10 000 - ??????? (??? ? ????????????)\r\n?????? 300 ?????? ?? ??????????', '2019-05-08', '2019-05-08', 0),
  ('4-2411080118', '24002', '???????? ?????? ?????????', '24001', '?? ?????????? ???????? ????????????', '???????? ????????? ?????', '? ??????', '2018-11-08', '0000-00-00 00:00:00', 1, 0, '??????????? ??????????? ? ??\r\n????????? ??????????? ??????\r\n??? ???????????? ????????\r\n???? ? ??????\r\n???????? ? ??????? ????? ?? ??????????\r\n', '?????????? 10 000\r\n??????? 10 000 ?? 31 ??????? 2018 ???? - ???????\r\n', '2019-04-04', '0000-00-00 00:00:00', 0),
  ('5-2411140118', '24002', '?????? ????? ???????', '24008', '???????? ?????? ??????????', '???????????', '? ??????', '2018-11-14', '0000-00-00 00:00:00', 1, 0, '8-913-164-80-49 ????????? ????? ???????????? (????)\r\n8-913-504-77-28\r\n??????????? ????????? \r\n????????? ??????????\r\n\r\n?????? ????????? - ? ?????', '7 000 ??????????\r\n??????? 28 000\r\n13 000  ??????? 25.12.2018', '2019-04-05', '0000-00-00 00:00:00', 0),
  ('2-2411150118', '24002', '?????? ????? ???????', '24008', '??????? ????? ??????????', '? ??????????? ???????? ??????', '? ??????', '2018-11-15', '0000-00-00 00:00:00', 0, 0, '??? ????????? ? ???, ????????? ?? ?????????\r\n??? ?????? ? ????????????.\r\n????????? ????????, ? ????? ? ??????? ?????, ????????? 31.01.19\r\n????????? ??? ????????????.\r\n??????????? ??????????? ?? ?????????????', '???????? ? ??', '2019-04-30', '0000-00-00 00:00:00', 0),
  ('5-2411020218', '24002', '?????? ????? ???????', '24008', '???????? ??????? ?????????', '???????????', '? ??????', '2018-11-02', '0000-00-00 00:00:00', 0, 0, '8-902-915-46-97 ???\r\n8-905-090-65-74 ???\r\n??????????? ?????????\r\n????????? ??????????\r\n????? ?????????? ????????? ? ?? 25 ???????, ????????? ????????.\r\n????????? ??? ???????? 25.01, ????????? ??????.?????????, ????????? ?????????? ?? 14.02.\r\n????????? ??????? ? ????????????, ????????? ????????? 06.05.2019?.\r\n?? 05.04.19?. ???????????? ? ?? ????????? ?? 25?.?? ???????, ???????? ?? ??????.', '20 000 ???????\r\n??????? 15 000 ???????', '2019-05-06', '2019-05-06', 0),
  ('0-2411120118', '24001', '?????????? ????? ??????????', '24002', '????????? ??????? ?????????', '???????????????? ???', '? ????????????', '2018-10-15', '0000-00-00 00:00:00', 1, 1, '???????????????? ????? - ????????? ?.?. ???. 8-913-504-5964\r\n??????? ????????? ?????????? ? ??? - ? ???? ???\r\n??? ?????? ? ???????????? 31 ?????? 2019 ????\r\n????????? ???? ????\r\n', '', '2019-04-03', '0000-00-00 00:00:00', 30000),
  ('0-2411120218', '24002', '???????? ?????? ?????????', '24001', '??????? ????? ????? ????', '?????? ??', '? ????????????', '2018-11-19', '0000-00-00 00:00:00', 0, 1, '?????????? ??????? ? ?????????? ????????? ??? ? ?/?? 116 ?? ???????????? ?? (???? ?????????)\r\n3 ?? ???????? ? ???????? ???????????, ?????????? ????????? ?????????\r\n?????????? ??????????? ?? 1 ?? ? ??????????? ???\r\n', '??????? ?? 30000\r\n???????? 15000+15000', '2019-04-29', '0000-00-00 00:00:00', 30000),
  ('2-2411220118', '24002', '?????? ????? ???????', '24008', '???????? ??????? ???????', '???????? ????, ?????. ?/?????????? ??????? ? ?????', '? ??????', '2018-11-22', '0000-00-00 00:00:00', 1, 0, '8-913-498-47-09  ??????? ?????? \r\n??????????? ??? ? 28.11.2018\r\n??? ?????!', '3 500 ???????? ?? ???', '2019-01-09', '0000-00-00 00:00:00', 0),
  ('2-2411260118', '24001', '???????? ?????? ?????????', '24001', '?????????? ???????? ?????????', '????????? ????? ????????????? ?? ?????', '???????????????? ??????', '2018-11-26', '0000-00-00 00:00:00', 1, 1, '???????? ???????, ??????? ?????????.\r\n???? ??????????\r\n?????? ??????? ? ????????\r\n??? ????,??????? ???\r\n\r\n????????? ???????????\r\n\r\n??????? ?????????? - ????????? ??????????', '???????? 30000 ?? ???????? ? 6436 ?? ??????????.', '2019-04-02', '0000-00-00 00:00:00', 36436),
  ('2-2411270118', '24001', '???????? ?????? ?????????', '24001', '??????? ????? ????????????', '?????????? ??????', '???????????????? ??????', '2018-11-26', '0000-00-00 00:00:00', 1, 0, '???????? ??????? ?? ???? ? ?????? ???????? ???\r\n??? ????? ? ?????????. ?????? ????????.\r\n????????? ???? ????.\r\n???????? ????????? ????????? 15 ?????? 2019, ???????? ??????? ???????.\r\n?????????? ??????? ?????????????? ???????.', '??????? 10500 ?? ????? (???????? ?????????)', '2019-01-24', '0000-00-00 00:00:00', 0),
  ('2-2411270218', '24002', '??????? ????? ????????????', '24004', '??????? ?????? ????????????', '???????????????? ???', '???????? ????????????????', '2018-11-27', '0000-00-00 00:00:00', 1, 0, '???????? ????????? 30 ?????? 2018 ???? ? 11.30\r\n??????? ???????? ????????? ?? 10 ??????? 2018 ???? ? 15:30\r\n???????? ??????? ?? 10.12.2018 ???????? ? ???.???????????', '??????? ??? 3000\r\n??????? ??? ?????? ????????? 7000\r\n?????? ????????? 3000 ??? ???????? ??', '2018-12-10', '2018-11-30', 0);
INSERT INTO dela VALUES
  ('2-2411270318', '24001', '???????? ?????? ?????????', '24001', '????????? ????? ????????', '????? ????????????? ?? ?????', '? ??????', '2018-11-27', '0000-00-00 00:00:00', 0, 0, '8-913-160-15-83 ????? ?????????\r\n8-913-502-95-49 ?????????\r\n??????????? ??? ? ???.\r\n????????? ???????? ?????? ??? ?????? (?????????)\r\n???? ??????.\r\n?????? ??????, ????????? ???\r\n??? ?????????, ????????? ????????\r\n???????? ??? ?? 29 ?????? 2019', '?????????? ?? ???????? ????????? 15 000\r\n????? 5 000\r\n??????? ?????? 15000 ?? 31 ?????? 2019 ???? - ????????', '2019-04-29', '2019-04-29', 30000),
  ('2-2411270418', '24002', '?????? ????? ???????', '24008', '?????????? ??????? ??????????', '????? ? ???', '? ??????', '2018-11-27', '0000-00-00 00:00:00', 1, 0, '8-905-979-10-06\r\n??????????? ?????? ? ???', '1000 ????????????', '2019-01-09', '0000-00-00 00:00:00', 0),
  ('2-2411290118', '24001', '???????? ?????? ?????????', '24001', '??????? ??????? ???????????', '????? ????????????? ?? ?????', '???????????????? ??????', '2018-10-19', '0000-00-00 00:00:00', 0, 0, '??? ??????????? ????? ??????????? ??? ?? ?????? ??? ???????????? ???????? 28 ?????? 2018 ????\r\n???? ??????????? ????????\r\n\r\n????????? ???????????\r\n', '????? ?? ???????? 100 000 ??????\r\n??????????? ?????????? 40 000 ??? ??????????\r\n?????? 20 000 - ???????? 30 ?????? 2018\r\n?????? 20 000 ?? 31 ?????? - ????????', '2019-04-29', '0000-00-00 00:00:00', 80000),
  ('2-2410300118', '24001', '?????????? ????? ??????????', '24002', '????????? ?????? ?????????????', '????? (????????? ?????????? ??????)', '? ????????????', '2018-10-30', '0000-00-00 00:00:00', 0, 1, '???? ????? ?????????? ? ??????????, ????????, ?????????-??????? ????, ??? ???? ? ????????? ????????\r\n???????????????? (??????????) ??? ???????????? ??????? ? ????????? ?????????? ?????? (??????)\r\n???? ?????', '', '2019-05-03', '0000-00-00 00:00:00', 30000),
  ('2-2407120118', '24002', '?????? ????? ???????', '24008', '???????? ????? ???????? ? ??????? ?.?.', '?????????????? ????? ???? ?????????', '?????????? ? ??? ', '2018-11-14', '0000-00-00 00:00:00', 0, 0, '04.12.2018 ?????????? ?/? ???????? ? ???????, ?????? ??????? ?? ?????????????? ?????? ??? ????????? ??????????\r\n05.12.2018 ????????? ? ????????? ?????? ???????? ??????? ???? ?? 2017 ?. ? ???????????? ????????? ??? \r\n28.01.2019 ?????????? ??????? ????????? ? ?????? ??????? ?????????? ? ???????????? ????????? ???, ??? ??????????? ???????????? ?? ????????.\r\n\r\n????????? ???????????\r\n????????? ???', '15.000 ?????? ', '2019-04-29', '0000-00-00 00:00:00', 15000),
  ('2-2407120002', '24002', '?????? ????? ???????', '24008', '???????? ????? ???????? ? ??????', '? ???????? ?????? ?????-??????? ????????????????, ??????  ?????????????? ????? ? ??????', '? ??????', '2018-11-14', '0000-00-00 00:00:00', 0, 0, '06.12.2018 ?????? ??????? ?? ?????? ??? ????????? ?? ???????? ????\r\n05.12.2018 ????????? ??????? ?????????\r\n07.12.2018 ????????? ? ????????? ?????? ? \"??????????? ???.????????\" ?.??????-????? ?????????????\r\n12.12.2018 ???????? ?????? ?? ?????? ????? ?????? ? \"???????????? ??????????????? ????????\" \r\n13.12.2018 ?????? ??????? ?? ?????? ? ??? ??????????? ??????? ?? ?????? ????? ?????? ? \"???????????? ??????????????? ????????\" \r\n14.12.2018 ????????? ?????? ????????? ?.????? ??????????? ???. ? ?????? ?????? ????????????? ? ????? ?????????? \r\n\r\n????????? ???????????\r\n????????? ???', '15000 ', '2019-04-29', '0000-00-00 00:00:00', 15000),
  ('2-2407122218', '24002', '?????? ????? ???????', '24008', '????? ???? ??????? ? ???????? ?.?., ?? ??? ??', '?? ????????????? ?????????, ?????????? ?????? ?? ??????? ?????????', '?????????? ? ???????? ??? ?.???????? ??? ???????????? ?? ???????? ', '2018-12-11', '0000-00-00 00:00:00', 1, 0, '11.12.2018 ?????? ????? ?????????? ?? ??????? ??? ??????????? ????\r\n14.12.2018 ?????????? ??????? ?????????\r\n14.12.2018 ?????? ??????? ??? ?????????????? ????????????? ????????????? ?? ????\r\n19.12.2018 ?????????? ??????? ?????????, ??????????? ?????? ????? ????????????? ?? ????\r\n20.12.2018 ??? ? ???????????? ??????????? ??????? ?????? ??? ??????????? ? ?????????? ???????? ??? ???????? ??????? ??? ??????????? ???????????? ?? ????????\r\n\r\n??? ????????? ? ??????? ?????? ?? ????? ??? (???????? 7)\r\n', '5000', '2019-01-25', '0000-00-00 00:00:00', 5000),
  ('2-2412120118', '24002', '?????? ????? ???????', '24008', '????? ??????? ????????????', '???????????? ?? ?????? ?????????', '? ????????????', '2018-12-12', '0000-00-00 00:00:00', 1, 0, '????? ?.?.- ?????  8-905-999-0611\r\n?????????? ???????? ?????????\r\n????????? ??????, ??????.', '??????? ????????? - 4 000 ???.', '2019-01-25', '0000-00-00 00:00:00', 4000),
  ('2-2412170118', '24001', '???????? ?????? ?????????', '24001', '?????? ?????? 16', '??????', '????????? ??????????', '2017-10-01', '0000-00-00 00:00:00', 1, 0, '?????????? ?? ?????. ????????? ???????? ??????? ?.?.', '', '2019-04-05', '2019-04-08', 0),
  ('2-2412170218', '24001', '???????? ?????? ?????????', '24001', '???????? ??????? ????????????', '?????????????? ??????', '', '0000-00-00 00:00:00', '0000-00-00 00:00:00', 0, 0, '', '', '2019-04-29', '0000-00-00 00:00:00', 0),
  ('2-2412170318', '24002', '???????? ?????? ?????????', '24001', '???????????? ??????? ??????????', '', '', '0000-00-00 00:00:00', '0000-00-00 00:00:00', 1, 0, '???? ? ??????????????? ??????', '', '0000-00-00 00:00:00', '0000-00-00 00:00:00', 0),
  ('2-2412189', '24002', '?????? ????? ???????', '24008', '???????? ?????? ?????????? ? ????????? ?.?.', '? ????????? ???????????????? ??????????, ?????????? ??-?? ?????????? ???????????? ???????? ??????? ?', '? ??????', '2018-12-17', '0000-00-00 00:00:00', 1, 0, '19.12.2018 ?????????? ??????? ?????????, ????? ?????? ?? ?????? ??? ????????? ??????? ??????????, ?????????????? ?????????????? ???????????? ?? ????\r\n01.02.2019 ???????? ??????? ?? ????. ????????????? ???!', '10 000 ??????', '0000-00-00 00:00:00', '0000-00-00 00:00:00', 10000),
  ('2-2412190118', '24002', '???????? ?????? ?????????', '24001', '??????? ???????? ???????', '????? ? ?? ???????? ??????????', '? ??????', '0000-00-00 00:00:00', '0000-00-00 00:00:00', 0, 0, '', '????? ?? ???????? 50000\r\n???????? 30000\r\n??????? 20000 ??????? 21.12.2018 - ???????\r\n', '2019-05-03', '0000-00-00 00:00:00', 0),
  ('2-2412190218', '24002', '???????? ?????? ?????????', '24001', '???????? ?????? ????????', '???????????????? ??????', '', '0000-00-00 00:00:00', '0000-00-00 00:00:00', 0, 1, '??????? ????\r\n', '', '2019-05-03', '0000-00-00 00:00:00', 0),
  ('2-2412190318', '24002', '???????? ?????? ?????????', '24001', '?????? ??????? ??????', '???????? ?? ???????? ? ?????????', '???????????????? ??????', '2018-12-19', '0000-00-00 00:00:00', 0, 0, '???? ???????????? ? ?????', '???????? ?????????? 5000\r\n??????? ?????? 5000\r\n', '2019-04-29', '0000-00-00 00:00:00', 0),
  ('2-2412190418', '24001', '???????? ?????? ?????????', '24001', '?????? ?????? ??????????', '????????? ????? ?? ???????', '?????????? ????', '0000-00-00 00:00:00', '0000-00-00 00:00:00', 0, 0, '??????????? ???', '????? ???????? 15000\r\n???????? 1500\r\n??????? ?????? 13500\r\n', '2019-05-03', '0000-00-00 00:00:00', 0),
  ('2-2410010119', '24002', '?????? ????? ???????', '24008', '????????? ??????? ????????????', '???????????', '????????? ??????', '2018-12-27', '0000-00-00 00:00:00', 0, 0, '????????? ?????? ? ??, ???? ?????? 07.02.\r\n?????? ?????????? ?????????? 13.02.\r\n???? ??????? ?? ?????????, ????????? ?? ??., ? ???? ?????? ? ?????? ????????, ???????? 28.02. ??? 01.03.\r\n????????? ???????, 12.03.19 ???????? ? ??.\r\n????????? ????????? ? ??? 25.03.\r\n????????? ??? ????????, ?? 30.04 ???????????? ????????????? ?????????.\r\n????????? ?????????? - ???????? ??????', '???????? 10000,  25.12.2018\r\n??????? 25000, ??????????? ???? 9-10 ?????? 2019\r\n???????? 20000, ??????? 5000, ??????????? ???? 15.02. \r\n??????? ????????.', '2019-04-30', '0000-00-00 00:00:00', 0),
  ('160120191504', '24001', '???????? ?????? ?????????', '24001', '??????? ????? ??????????', '???????????', '', '2019-01-16', '0000-00-00 00:00:00', 0, 0, '????????? ?\\???????? ?? 25 ?????? 2019', '15000 ???????? 16.01.19\r\n??????? 20000 ?? 20.02.19 - ???????? 22 ?????? 2018', '2019-04-30', '0000-00-00 00:00:00', 35000),
  ('210120191113', '24002', '???????? ?????? ?????????', '24001', '???????? ????? ????????????', '??????? ? ??', '', '2019-01-21', '0000-00-00 00:00:00', 0, 0, '??? ?????? ? ???????????? ? ??????? ???\r\n???? ? ??????\r\n????????? ???? ???? ? ???????\r\n????????? ???????', '???????? 7000 ??????', '0000-00-00 00:00:00', '2019-05-20', 0),
  ('2-2412190', '24002', '?????? ????? ???????', '24008', '???????? ?????? ?????????? ? ????????? ?.?.', '????????? ????? ???????????????? ??????????', '? ????', '2018-12-22', '0000-00-00 00:00:00', 1, 0, '23.12.2019 ?????????? ?/?, ?????? ????? ?????????? ??? ??????? ???? ? ???\r\n28.12.2019 ??????????? ???? ??????? ? ???????????? ???? ?????? ????????????\r\n22.01.2019 ???????????? ???? ?? ????????, ????????? ???????? ? ???? ? ??????? ?????????\r\n01.02.2019 ???????????? ???? ?? ????????  ', '8000', '0000-00-00 00:00:00', '2019-01-22', 8000),
  ('2-242101192', '24003', '??????? ????? ????????????', '24004', '??? ??????-????? ? ???????? ', '', '', '2019-01-14', '0000-00-00 00:00:00', 1, 0, '', '', '0000-00-00 00:00:00', '0000-00-00 00:00:00', 0),
  ('220120193171', '24001', '???????? ?????? ?????????', '24001', '??????? ??????? ???????? ????', '????????? ????? ?? ???????? (????????)', '? ????????????', '2019-01-21', '0000-00-00 00:00:00', 1, 0, '?????????? ????????? ??? ?? ??????????\r\n???? ?????? 21.01.2019', '??????? 1-?? ?? 7000 ??????\r\n', '0000-00-00 00:00:00', '2019-01-28', 0),
  ('220120193233', '24001', '???????? ?????? ?????????', '24001', '?????? ??????? ??????????????', '???????? (????????)', '?????? ??', '0000-00-00 00:00:00', '0000-00-00 00:00:00', 1, 0, '?? ????????', '??????? 7000 ??????', '0000-00-00 00:00:00', '2019-02-04', 0),
  ('250120191301', '24001', '?????? ????? ???????', '24008', '??????? ?????? ???????? ????', '???????????', '????????? ??????', '2019-01-24', '0000-00-00 00:00:00', 0, 0, '???? ??????????? ?????????, ?????????? ?????????.\r\n????????? ??????.\r\n????????? ? ?? ??????, ?? ??????? ??????? ? ????????????? ?? ????????? ?????.\r\n??????? ?????, ?????? ?????????? ?????????? 13.02.\r\n???? ??????? ?? ????????? ? ??????  20.02 ??? 21.02.\r\n????????? ??? ???????, ?????????? ? ?? ????? 26.02.19?.\r\n????????? ????????? ? ?? 14.03.\r\n???????????? ???????????????? ? ??? ? ?????????????? ???????????, ????? ?????????? 26.03.\r\n????????? ?.???????? ?? 18.04.2019\r\n??????? ? ????????????\r\n', '15000 ???????, ??????? 20000 ??????? 20.02.19. ??????? ??????? 25.02.19.', '2019-05-06', '2019-05-21', 0),
  ('300120199565', '24001', '???????? ?????? ?????????', '24001', '??? ?????', '???????? ??????????? ??????? ???', '?????????? ????', '2019-01-29', '0000-00-00 00:00:00', 0, 0, '??? ???????? ? ?? 01.04.2019\r\n???? ??33-9561\\2019\r\n????????? ???????? ???? ? ????????????\r\n', '??????? ??? ?? 5000', '2019-05-06', '0000-00-00 00:00:00', 5000),
  ('300120191055', '24001', '???????? ?????? ?????????', '24001', '???????? ?????? ????????????', '????????? ?????', '? ????????????', '2018-12-01', '0000-00-00 00:00:00', 0, 0, '???? ?????????, ???? ?????????? ?? ??????????? ?????????\r\n??????????? ????????? ???\r\n?????? ????????? ? ???????? ???????\r\n????????? ????? (?? ????? ?????????) ???? (??????????) ??????? ? ???????????? 20 ?????\r\n????????? ???? ????\r\n\r\n\r\n', '??? 3500 (????? ????? 500)\r\n??????? ? ???? 7000', '2019-04-30', '0000-00-00 00:00:00', 10500),
  ('300120191126', '24002', '???????? ?????? ?????????', '24001', '??????? ?????? ?????????? (?\\? ??????????)', '??????? ?????? ?????', '? ????????????', '2019-01-30', '0000-00-00 00:00:00', 1, 0, '????????? ???????? ????\r\n?????????? 1-?? ??, ???????? ??? ?????????????? ????????????? (?????????)\r\n??? 2 - 03 ?????? 2019\r\n??????? ???????? ? ?????? ???????\r\n???????????? ? ????????? ???????? ???????????\r\n', '7000 ??????', '2019-04-02', '2019-04-03', 0),
  ('300120191204', '24002', '???????? ?????? ?????????', '24001', '?????????? ???????? ?????????', '????? ????????????? ?? ????? 5 ?? 150 (????????)', '???? ??????????', '2019-01-30', '0000-00-00 00:00:00', 1, 0, '????????? ???????????\r\n\r\n??????? ?????????? - ????????? ??????????\r\n', '?????? 30000 ?? 31 ?????? 2019 - ????????\r\n', '2019-04-02', '0000-00-00 00:00:00', 0),
  ('020220191355', '24001', '???????? ?????? ?????????', '24001', '????? ??????? ????????????', '???????????? ?? ?????? ?????????', '? ????????????', '2019-01-25', '0000-00-00 00:00:00', 0, 0, '????????????? ?? ?????? ???????? ?????????.\r\n\r\n?????????? ???????????', '??????? ?????? ??? 5000\r\n?????? ???? 2 - 1000 (????) - ???????', '2019-04-29', '0000-00-00 00:00:00', 0),
  ('070220191028', '24002', '???????? ?????? ?????????', '24001', '???????? ??????? ??????????', '????????? ??????? ???', '????????? ???????? ?????????', '2019-01-31', '0000-00-00 00:00:00', 0, 0, '???????? ??? ?? 25 ??????? 2019 ????\r\n???????????? ?????????????? - ??????????\r\n???????? ??? ?? 25 ?????? 2019\r\n????? ???????? - ?????????? ?? ? ???? ??????\r\n??????? ??????????? ??? ????? ???????\r\n????????? ???????????? ??????????\r\n????????? ??????? ????\r\n', '', '2019-04-30', '0000-00-00 00:00:00', 0),
  ('070220191033', '24002', '???????? ?????? ?????????', '24001', '????????? ????? ?????????????', '???????????', '???????????????? ??????', '2019-02-07', '0000-00-00 00:00:00', 0, 0, '?????? ???????? ?????????\r\n????????? ?????????? ? ?? - ?????????\r\n', '??????? ?????????? 15000\r\n????????? ?????? 15000 - ?? 05 ????? 2019 (??????? 10000) 5000 - ???????\r\n\r\n??????? 20000 - ??????? ? ??? - ????? ??????', '2019-04-30', '0000-00-00 00:00:00', 30000),
  ('120220191154', '24001', '???????? ?????? ?????????', '24001', '??? ??????? ?????????', '???', '???????????? ? ????', '2019-02-01', '0000-00-00 00:00:00', 1, 0, '??? 20 ??????? 2019 ????\r\n?????????? ?-??????\r\n???? ? ??????\r\n', '', '2019-02-18', '2019-02-20', 0),
  ('190220191217', '24002', '?????? ????? ???????', '24008', '??????? ??????? ?????????????', '???????????', '????????? ??????', '0000-00-00 00:00:00', '0000-00-00 00:00:00', 0, 0, '????????? ? ??????????? ??????, ???? ?? ???????.\r\n?????? ???????, ????? ?????????? ??????, ????????? ????? 26.02-27.02.2019?.\r\n????????? ????????? ? ?? 14.03.\r\n\r\n????????? ??????? ? ???????????? - ????? ??????? ??????? ?? ?????, ????????? ?? 25000 (??) ? \r\n??????? ? ??????? ???? ?????????\r\n', '???????? 15000 , ??????? 20000 ?????? ???????? 19-20 ??????? 2019.\r\n??????? ???????, ????? ????, ??? ????????? ???????? ? ??. - ??????? ???????', '2019-05-08', '2019-05-22', 0),
  ('2-24021001', '24002', '??????? ????? ????????????', '24004', '????????? ????? ??????? ????', '??? ?????????? ??????', '? ??????', '2019-02-10', '0000-00-00 00:00:00', 1, 0, '?????? ? ????????????.\r\n???????? ????????? 04.02.2019 ? 11:00\r\n????????? ? ???? ???????????.\r\n????????? ??????? ?????????? ??????.\r\n???????? ????????? 20.02.2019 ? 15:00\r\n???????? ???????. ? ???? ????????\r\n??????? ??????? 27.02.2019\r\n????? ?????? ??', '', '2019-02-27', '0000-00-00 00:00:00', 0),
  ('5-2401150119', '24002', '?????? ????? ???????', '24008', '????????? ???? ???????????', '???????????', '? ??????', '2019-01-15', '0000-00-00 00:00:00', 1, 0, '????????? ??? - ????????? ????????\r\n????????? ? ??????', '? ?? ???????? ? ?????? ? ???? ??????', '2019-02-25', '0000-00-00 00:00:00', 0),
  ('2-2412010118', '24002', '?????? ????? ???????', '24008', '???????? ????? ????? ????', '??? ?????.????????', '? ??????', '2018-12-01', '0000-00-00 00:00:00', 1, 0, '', '???? ????? ?????? ? \"?????????? ?? ????\"!', '2019-02-25', '0000-00-00 00:00:00', 0);
INSERT INTO dela VALUES
  ('2-2410010218', '24002', '?????? ????? ???????', '24008', '?????????? ??????? ??????????', '?????? ????????? ????????', '? ??????', '2018-10-01', '0000-00-00 00:00:00', 1, 0, '??????????? ??? ? ???? ? ??? 10.10.2018\r\n?/? ????????? 27.11.2018 ? 10:30\r\n?/? ?????????? ?? 05.12.2018 ? 14:15\r\n???????? ??????? ??? ????????????.\r\n???? ? ??????', '', '2019-02-25', '0000-00-00 00:00:00', 0),
  ('040320191544', '24001', '???????? ?????? ?????????', '24001', '???????? ????? ????????????', '????? ???????? ???', '???????? ???????????????', '2019-03-01', '0000-00-00 00:00:00', 0, 0, '???????? ??? ?? 25 ????? 2019\r\n????????? ????? ?????????? - ???????????? ??????????????\r\n', '???? ?????? ?? ??? 7000 - ????????', '2019-04-30', '0000-00-00 00:00:00', 0),
  ('130320191446', '24002', '?????? ????? ???????', '24008', '???????? ???????? ?????????? ?? ????????????', '???????????', '?????????? ?????????', '2019-03-13', '0000-00-00 00:00:00', 0, 0, '8-913-505-04-24\r\n\r\n?????????? ????????? ??????????\r\n????????? ??? ?????????? ??????, ?????????,?????????? ????? 15.03.\r\n\r\n', '20000 ???????? 13.03.2019, ??????? 15000 ?? 31.03.2019.\r\n??????? 15000 ??????? 15.03.19.\r\n\r\n?????????????? ???????: \r\n\r\n25000 ?? 30.04\r\n25000 ?? 31.05\r\n20000 ?? 30.06\r\n20000 ?? 31.07\r\n25000 ?? 31.08\r\n10000 ?? 30.09.', '2019-04-30', '0000-00-00 00:00:00', 0),
  ('190320191144', '24002', '?????? ????? ???????', '24008', '????? ???? ?????? ????', '???????????', '?????????? ????????? ? ???', '2019-03-15', '0000-00-00 00:00:00', 0, 0, '89138360998\r\n\r\n???????? ?????????? ?? ??????? ??? ?????????? ????????? ? ??.\r\n\r\n????????? ?/? ?? 15 ??? - ?????????\r\n', '???????? 2500- 15.03.2019?. \r\n???????? 10000\r\n\r\n??????? ???????\r\n22500 ?? 30.04.\r\n\r\n???.???????:\r\n25000 ?? 30.04\r\n25000 ?? 31.05.\r\n15000 ?? 30.06.\r\n15000 ?? 31.07.\r\n65000 ?? 31.08.', '2019-04-30', '2019-05-15', 0),
  ('190320191149', '24002', '?????? ????? ???????', '24008', '??????? ??????? ????? ????', '???????????', '?????????? ?????????', '2019-03-15', '0000-00-00 00:00:00', 0, 0, '89069034018\r\n\r\n???????? ?????????? ?? ??????? ??? ?????????? ????????? ? ??.', '???????? 2500 - 15.03.\r\n                 5000 - 25.04\r\n\r\n??????? ???????\r\n10000 ?? 22.05.\r\n12500 ?? 22.06.\r\n\r\n?????????????? ???????\r\n25000 ?? 30.06\r\n20000 ?? 31.07\r\n20000 ?? 31.08.\r\n20000 ?? 30.09\r\n20000 ?? 31.10\r\n20000 ?? 30.11\r\n20000 ?? 31.12\r\n\r\n', '2019-04-30', '0000-00-00 00:00:00', 0),
  ('300320191228', '24002', '?????? ????? ???????', '24008', '????????? ????? ????????????', '???????????', '???????? ??????? ????????????? ?????????', '0000-00-00 00:00:00', '0000-00-00 00:00:00', 0, 0, '8-913-505-81-11', '28.03 ???????? 15000\r\n\r\n??????? 20000 ?? 30.04.\r\n\r\n???.???????:\r\n?? 31.05. - 25000\r\n?? 30.06. - 25000\r\n?? 31.07 - 20000\r\n?? 31.08 - 20000\r\n?? 30.09. - 25000\r\n?? 31.10- 10000\r\n', '2019-04-30', '0000-00-00 00:00:00', 0),
  ('2-2403100119', '24002', '???????? ?????? ?????????', '24001', '?????? ???????? ?????', '????.???? (? ???????? ?????? ? ????.??????)', '???????? ???????', '2019-03-10', '0000-00-00 00:00:00', 1, 0, '??????????? ???.\r\n??? ?????.\r\n??? ???? ? ??? 13.03.2019\r\n???????? ????????? 28.03.2019 ? 11:30\r\n?? ???? ???????? ??????? 28.03.2019\r\n??????? ???????!!!\r\n???? ? ??????????????? ??????\r\n\r\n', '?? ?????? ?????? ???????? ? ??', '2019-04-04', '0000-00-00 00:00:00', 0),
  ('2-2412250118', '24002', '???????? ?????? ?????????', '24001', '??????? ???????? ??????????', '??? ? ??? (? ????????? ???????? ??????)', '???????? ??????? ?? ????', '2018-12-15', '0000-00-00 00:00:00', 1, 0, '??? ????? ? ??? 25.12.2018\r\n????????? ??????????????? ???????? ????????? 28.02.2019\r\n????????? ???????? ????????? 06.03.2019 ? 10:00\r\n???????? ???????\r\n??? ????????????.\r\n', '???????? ? ??', '2019-04-03', '0000-00-00 00:00:00', 0),
  ('010420191152', '24002', '???????? ?????? ?????????', '24001', '???????? ?????? ????????????', '?????????? ???', '???????? ???????????????', '2019-03-01', '0000-00-00 00:00:00', 1, 0, '???????? ????????? 02.04.2019\r\n?????????? ??????????? ????????? ?? ???????? ??????? ? ????????? ?????????? ?????\r\n???????? ?????????????? ??????? ? ??????????\r\n\r\n???? ? ??????????????? ??????\r\n', '??????? ??? 3500\r\n???????? 1-?? ?? 7000\r\n', '2019-04-09', '0000-00-00 00:00:00', 0),
  ('010420191328', '24002', '???????? ?????? ?????????', '24001', '?????? ??????? ??????????????', '????????', '? ??????', '2019-02-01', '0000-00-00 00:00:00', 0, 0, '??????????? ????????? ?? ???????? ???????? ? ?????????? ?????????????\r\n', '', '2019-04-29', '0000-00-00 00:00:00', 0),
  ('2-2403060119', '24002', '???????? ?????? ?????????', '24001', '??????? ????? ????????????', '????? ? ??? (????????? ???????? ??????)', '? ??????', '2019-03-01', '0000-00-00 00:00:00', 0, 0, '??? ???? ? ??? 06.03.2019\r\n????????? ??????????????? ???????? ????????? ?? 02.04.2019 ? 12:00\r\n????????? ???????? ????????? ?? 24.04.2019 ? 10:30\r\n??????????? ????????? ? ????? ????????? ? ???? (?? ?????? ? ?????????, ?? ????? ? ???)\r\n????? ????????? ? ????? (?????????) ??? ????????? ????????? ??? ???.?????????????? (????? ? ?????).\r\n? ???? ???????? - ???????? ?????????????? ???????', '??? 3500\r\n??? 1 - 7000\r\n??? 2 - 3000', '2019-05-07', '0000-00-00 00:00:00', 13500),
  ('110420191226', '24002', '???????? ?????? ?????????', '24001', '???????? ???? ??????????', '??????????? ????????????', '??? ? ??????? ? ????????????', '2019-03-01', '0000-00-00 00:00:00', 0, 1, '??? ?? ??????? ??????, ???????? ??? ?? 22 ?????? 2019 ????\r\n???????? ??? ?? ??????? ?? ????, ????????? ?????????????? ?????????\r\n??? ?? ??????? ???????????? 22 ?????? 2019 - ??????? ? ???????? ??????? 31 ??? 2019\r\n???????? ??? ?? ??\r\n\r\n', '????????????', '2019-04-29', '0000-00-00 00:00:00', 0),
  ('120420191136', '24002', '?????? ????? ???????', '24008', '?????????', '???????????', '????????? ?????????? ? ???', '2019-04-11', '0000-00-00 00:00:00', 0, 0, '89025518264\r\n\r\n????????? ? ??????????? ??????????  ? ??? 23.04.19.', '???????? 3000- 11.04.19\r\n                 15000 -15.04. \r\n                 10000-26.04 \r\n                              \r\n??????? 7000- ?? 15.05\r\n\r\n?????????????? ???????:\r\n\r\n25000-?? 25.06\r\n20000-?? 31.07\r\n20000-?? 31.08\r\n20000-?? 30.09\r\n20000-?? 31.10\r\n10000-?? 30.11', '0000-00-00 00:00:00', '0000-00-00 00:00:00', 0),
  ('120420191142', '24002', '?????? ????? ???????', '24008', '???????', '???????????', '???????? ??????????', '2019-04-11', '0000-00-00 00:00:00', 0, 0, '89131643670\r\n89029442041', '???????? 13000 11.04.19\r\n???????? 15000 18.04\r\n\r\n??????? ???????: \r\n                               7000 -?? 06.05\r\n\r\n?????????????? ???????:\r\n25000-?? 25.06\r\n15000-?? 31.07\r\n15000 -?? 31.08\r\n15000-?? 30.09\r\n15000-?? 31.10.\r\n15000-?? 30.11\r\n20000-?? 30.12', '0000-00-00 00:00:00', '0000-00-00 00:00:00', 0),
  ('230420191502', '24002', '?????? ????? ???????', '24008', '?????? ???? ????????', '???????????', '?????????? ?????????', '2019-04-23', '0000-00-00 00:00:00', 0, 0, '89039296850\r\n\r\n??????? ?????????????? ????????? ?? ???????????', '??????? 23.04.19 - 5000\r\n\r\n???????: 10000 ?? 25.05.\r\n                 10000 ?? 25.06\r\n                 10000 ?? 25.07\r\n\r\n?????????????? ???????: 25000 ?? 25.07\r\n                                               15000 ?? 25.08\r\n                                               ?? 10000 ?????????? ?? 25.02.2020????', '0000-00-00 00:00:00', '0000-00-00 00:00:00', 0),
  ('260420191351', '24002', '?????? ????? ???????', '24008', '?????? ???????? ?????????', '?????? ?????????, ?????????? ??? ? ??????? ????????', '', '2019-04-26', '0000-00-00 00:00:00', 0, 0, '8-903-918-85-18-??\r\n\r\n41-54-98- ?????.???????', '????? ????? 25000.\r\n\r\n??????? 10000-26.04\r\n\r\n??????? 15000 ?? 25.05', '2019-04-29', '0000-00-00 00:00:00', 0);
UNLOCK TABLES;

-- 
-- Table structure for table  offadmlogin
-- 

DROP TABLE IF EXISTS offadmlogin;
CREATE TABLE `offadmlogin` (
  `login` varchar(20) NOT NULL,
  `password` varchar(20) NOT NULL,
  `officeid` varchar(5) NOT NULL
) ENGINE=InnoDB DEFAULT CHARSET=utf8;

-- 
-- Dumping data for table offadmlogin
-- 

LOCK TABLES offadmlogin WRITE;
INSERT INTO offadmlogin VALUES
  ('Admin1105', '11051975', '78001'),
  ('Admin1407', '14071978', '24001'),
  ('Admin2502', '25021973', '24002'),
  ('Admin2610', '26102610', '24003');
UNLOCK TABLES;

-- 
-- Table structure for table  offices
-- 

DROP TABLE IF EXISTS offices;
CREATE TABLE `offices` (
  `office_num` varchar(5) DEFAULT NULL,
  `office_name` varchar(100) DEFAULT NULL,
  `city` varchar(50) DEFAULT NULL,
  UNIQUE KEY `officenumindex` (`office_num`)
) ENGINE=InnoDB DEFAULT CHARSET=utf8;

-- 
-- Dumping data for table offices
-- 

LOCK TABLES offices WRITE;
INSERT INTO offices VALUES
  ('24001', '??????????? ???? ?.???????? (????????? ???????? 47?-61)', '????????'),
  ('24002', '?????????????? ???? ?1 ?.???????? (????????? ???????? 12-102)', '????????'),
  ('78001', '???????????? ????????????? ?1 ? ?.?????-?????????', '?????-?????????'),
  ('24003', '?????????????? ???? ?3 ?.???????? (?????????? 20)', '????????');
UNLOCK TABLES;

-- 
-- Table structure for table  onceclient
-- 

DROP TABLE IF EXISTS onceclient;
CREATE TABLE `onceclient` (
  `odata` date DEFAULT NULL,
  `sort_id` varchar(5) DEFAULT NULL,
  `client` varchar(50) DEFAULT NULL,
  `usluga` varchar(100) DEFAULT NULL,
  `phone` varchar(15) NOT NULL,
  `office_num` varchar(5) DEFAULT NULL,
  `price` varchar(6) DEFAULT NULL,
  `payd` varchar(6) NOT NULL,
  `cdate` date DEFAULT NULL,
  `ended` tinyint(1) NOT NULL,
  `info` text NOT NULL
) ENGINE=InnoDB DEFAULT CHARSET=utf8;

-- 
-- Dumping data for table onceclient
-- 

LOCK TABLES onceclient WRITE;
INSERT INTO onceclient VALUES
  ('2018-08-01', '24001', '???????', '???????????? ?????????? ?????? ', '8-905-090-37-91', '24001', '2000', '2000', '2018-08-03', 1, '????? ???? ?? ??????? (????). ?????? ??????? ?????-1 ?? ?????? (??????????). ???????????? ?????????? ?? ?????? ????????? ?? ????????? ??????. ?????????? ??????????? ?????? ??? ?????? ? ????? ????????? ?????. ?????????? ??????????????? ????.'),
  ('2018-09-11', '24004', '?????????? ??????? ????????', '??? ???????', '8-913-530-30-65', '24002', '2000', '2000', '2018-09-18', 1, '??? ? ????????? ?????????? ????? ??????????? ????? ??????????'),
  ('2018-09-18', '24001', '????? ????? ????????', '?????? ?? (3??), ??????? ??? (1??)', '8-913-167-73-74', '24001', '4500', '4500', '2018-09-19', 1, '????? ?????? ???????? ???????? ??????? ??????? ??? ? ????? ??????? 1500\r\n?????????????? 26-27 ???????? 2018\r\n????????? ?? ?????? ?????? 19 ???????? 2018 ????, ???? ??????????? ?? ??????.'),
  ('2018-09-19', '24002', '???????? ?????? ????????????', '????????? ??????', '8-913-503-27-06', '24001', '3000', '3000', '2018-10-08', 1, '?????? ? ??????????????? ??????. ????? ??????? ?? ????? ????.\r\n???????? ? 12.00\r\n??? ?? ?????, ????????? ??????'),
  ('2018-08-30', '24004', '?????????? ??????? ?????????????', '??????? ???????', '8-913-492-13-09', '24002', '2500', '2500', '2018-09-04', 1, ''),
  ('2018-09-07', NULL, '??????????? ??????? ????????', NULL, '', NULL, NULL, '', NULL, 1, ''),
  ('2018-11-12', '24004', '?????? ????? ???????', '??? ? ?????????????? ????? ?? ?????????? ', '8-913-495-15-64', '24002', '3000', '3000', '2018-11-16', 1, '??? ? ?????????????? ???????????? ????? ?? ??????????'),
  ('2018-11-12', '24004', '?????? ???????? ???????', '??? ? ?????????????? ????? ?? ??????????', '8-913-495-16-64', '24002', '3000', '3000', '2018-11-16', 1, '?????????? ???? ? ?????????????? ???????????? ????? ?? ??????????\r\n??? ???????????'),
  ('2018-11-20', '24007', '?????? ?.?.', '????????? ??????? ????, ??????????? ??????? ?????????? ??????? ????', '', '24003', '1000', '1000', '2018-11-20', 1, ''),
  ('2018-11-21', '24008', '???????? ????? ????? ????', '????????? ? ????????? ???????? ?? ?????????? ?? ?????????? ??????', '89135263439', '24002', '2000', '2000', '2018-11-23', 1, '????????? ? ??????? ?????????? ?????????? ? ????????? ????????.'),
  ('2018-11-21', '24008', '????? ???????? ????????', '????????? ? ????????? ?????????? ????????? ???????', '89069013653', '24002', '3000', '3000', '2018-11-23', 1, '????????? ?????????, ????? ?????? ?????? ??? ???????????? ? ???????.'),
  ('2018-11-29', '24008', '??????????? ??????? ??????????', '????????? ? ???????????', '89135000919', '24002', '2000', '2000', '2018-11-30', 1, ''),
  ('2018-11-29', '24008', '??????????? ??????? ??????????', '????????? ? ???????????', '89135000919', '24002', '2000', '2000', '2018-11-30', 1, ''),
  ('2018-12-03', '24004', '??????? ?????? ?????????????', '???????????? ?? ?? ??', '8-913-492-07-00', '24002', '1000', '1000', '2018-12-03', 1, ''),
  ('2018-12-04', '24007', '?????? ?.?.', '??????????? ???????????? ????????? ?????????? ????? ??????????? ?/?', '89135001188', '24003', '1000', '1000', '2018-12-04', 1, ''),
  ('2018-12-07', '24007', '???????? ???????? ??????????', '??????????? ???????? ?????????', '', '24003', '3500', '3500', '2018-12-11', 1, ''),
  ('2018-12-12', '24004', '?????????? ?????? ?????????????', '??? ??????? ? ????. ?? ???????? ???.?????', '8-923-202-63-39', '24002', '3000', '3000', '2018-12-19', 1, '??? ????? ??? ?????? ? ???'),
  ('2019-01-11', '24007', '?????????? ?.?.', '??????????? ???????????? ', '', '24003', '500', '500', '2019-01-19', 1, ''),
  ('2019-01-12', '24007', '?????????? ?,?. ', '??????????? ???????????? ', '', '24003', '500', '500', '2019-01-12', 1, ''),
  ('2019-01-12', '24007', '???????? ?.?.????', '??????????? ???????????? ??????????? ??????? ?????????? ??????? ???? ', '', '24003', '500 ', '500', '2019-01-12', 1, ''),
  ('2019-01-14', '24007', '????????? ?.?.', '??????????? ???????????? ', '', '24003', '500 ', '500 ', '2019-01-14', 1, ''),
  ('2019-01-15', '24007', '????????? ?.?.', '??????????? ???????????? ', '', '24003', '500', '500', '2019-01-15', 1, ''),
  ('2019-01-16', '24007', '????????? ?.?.', '??????????? ????????? ?? ?????? ???????? ??????? ???? ', '38-29-58', '24003', '3000', '3000', '2019-01-17', 1, ''),
  ('2019-01-16', '24007', '??????? ?.?.', '??????????? ???????????? ', '', '24003', '500', '500 ', '2019-01-16', 1, ''),
  ('2019-01-16', '24001', '????????? ?.?.', '?????????? ????????? ??????????', '', '24001', '1000', '1000', '2019-01-17', 1, ''),
  ('2019-01-17', '24007', '?????????? ?.?.', '??????????? ????????????', '', '24003', '500', '500', '2019-01-17', 1, ''),
  ('2019-01-17', '24007', '???????? ?.?.', '???????? ?????????? ?? ??????? ??? ?????????? ???????? ?????-???????', '', '24003', '1000', '1000', '2019-01-17', 1, ''),
  ('2019-01-18', '24007', '???????? ?????? ??????????', '????????????? ????????? ? ????(???????? ???????? ????)', '', '24003', '5000', '5000', '2019-01-18', 1, ''),
  ('2019-01-21', '24007', '???????? ?.?.', '??????????? ???????????? ?? ???????? ????? ?????????? ??????', '', '24003', '500', '500', '2019-01-21', 1, ''),
  ('2019-01-21', '24007', '????????? ?.?.', '??????????? ???????????? ?? ??????? ???????????? ???????????? ?? ???????', '', '24003', '500', '500', '2019-01-21', 1, ''),
  ('2019-01-14', '24007', '??? \"??????-?????\" ? ???????? ?.?.', '??????????? ?/? ? ??????????? ???', '', '24003', '3000', '3000', '2019-01-21', 1, '???????? ????????????? ? ???? ???????? ?????? ?????? ?? ???? ?? ??????? 2019 ?.'),
  ('2019-04-25', '24001', '??? ?????? ?????', '?????????? ?? ???', '', '24002', '5000', '5000', '2019-04-25', 0, '????????? ? ?? (???? ?????????)\r\n?33-15676/2017'),
  ('2019-04-25', '24001', '????????? ????? ????????', '??? ? ???', '', '24002', '2000', '2000', '2019-04-25', 0, '????????? ??? ? ???');
UNLOCK TABLES;

-- 
-- Table structure for table  rlink
-- 

DROP TABLE IF EXISTS rlink;
CREATE TABLE `rlink` (
  `name` varchar(250) NOT NULL,
  `link` text NOT NULL
) ENGINE=InnoDB DEFAULT CHARSET=utf8;

-- 
-- Dumping data for table rlink
-- 

LOCK TABLES rlink WRITE;
INSERT INTO rlink VALUES
  ('????? ????????? ? ???????? ?????????????????. ????????? ?????? ?????????????. ?????????? ????????? ???.', 'https://norilsk--krk.sudrf.ru/modules.php?name=sud_delo&srv_num=1&name_op=doc&number=60954094&delo_id=1540005&new=0&text_number=1'),
  ('????? ? ?????????? ??????. ?????????? ??????. ?????????? ???????? ???.', 'https://norilsk--krk.sudrf.ru/modules.php?name=sud_delo&srv_num=1&name_op=doc&number=60954524&delo_id=1540005&new=0&text_number=1'),
  ('??????????? ??. ????????? ?.?. ?? ????????????? ????', 'http://kad.arbitr.ru/Card/024a4b88-835c-409d-bb7d-3b6147f7d12d');
UNLOCK TABLES;

-- 
-- Table structure for table  sotrlogin
-- 

DROP TABLE IF EXISTS sotrlogin;
CREATE TABLE `sotrlogin` (
  `login` varchar(45) NOT NULL,
  `password` varchar(45) NOT NULL
) ENGINE=InnoDB DEFAULT CHARSET=utf8;

-- 
-- Dumping data for table sotrlogin
-- 

LOCK TABLES sotrlogin WRITE;
INSERT INTO sotrlogin VALUES
  ('24001', '14073004'),
  ('24002', '26101981'),
  ('24003', '1407197830041974'),
  ('24004', '29011987'),
  ('24005', '25021973'),
  ('78001', '11051975'),
  ('24006', '02061993'),
  ('24007', '2610'),
  ('24008', '12031982'),
  ('24009', '09041986');
UNLOCK TABLES;

-- 
-- Table structure for table  sotrudnik
-- 

DROP TABLE IF EXISTS sotrudnik;
CREATE TABLE `sotrudnik` (
  `sotr_name` varchar(50) DEFAULT NULL,
  `sotr_id` varchar(5) DEFAULT NULL,
  `office_num` varchar(5) DEFAULT NULL,
  `active` tinyint(1) NOT NULL,
  UNIQUE KEY `sotridindex` (`sotr_id`)
) ENGINE=InnoDB DEFAULT CHARSET=utf8;

-- 
-- Dumping data for table sotrudnik
-- 

LOCK TABLES sotrudnik WRITE;
INSERT INTO sotrudnik VALUES
  ('???????? ?????? ?????????', '24001', '24002', 1),
  ('?????????? ????? ??????????', '24002', '24001', 0),
  ('?????? ????? ??????????', '24003', '24002', 0),
  ('??????? ????? ????????????', '24004', '24002', 1),
  ('?????????? ???????? ??????????', '24005', '24002', 1),
  ('??????? ??????? ???????????', '78001', '78001', 0),
  ('????????? ??????? ?????????', '24006', '24002', 1),
  ('???????? ???? ????????????', '24007', '24003', 0),
  ('?????? ????? ???????', '24008', '24002', 1),
  ('?????????? ????? ???????', '24009', '24001', 1);
UNLOCK TABLES;

-- 
-- Table structure for table  statusmsg
-- 

DROP TABLE IF EXISTS statusmsg;
CREATE TABLE `statusmsg` (
  `rd` tinyint(1) NOT NULL,
  `name` varchar(50) NOT NULL,
  `mail` varchar(100) NOT NULL,
  `subject` varchar(100) NOT NULL,
  `msg` varchar(500) NOT NULL
) ENGINE=InnoDB DEFAULT CHARSET=utf8;

-- 
-- Dumping data for table statusmsg
-- 

LOCK TABLES statusmsg WRITE;
INSERT INTO statusmsg VALUES
  (0, 'Sergey', 'ask@361076.ru', 'Test message', 'It is just test message. Call me 36-10-76.'),
  (0, 'Test', 'test@test.ru', 'Test', 'Test msg'),
  (0, 'tania', 'tania.wang@skyland.top', '–æ —Å—Ç—Ä—É–¥–Ω–∏—á–µ—Å—Ç–≤–µ', '–£–≤–∞–∂–∞–µ–º—ã–µ –≥–æ—Å–ø–æ–¥–∞,–¥–æ–±—Ä—ã–π –¥–µ–Ω—å!\r\n     —è —Ä–∞–±–æ—Ç–Ω–∏–∫ –®–∞–Ω—Ö–∞–π—Å–∫–æ–π –∏–Ω—Ñ–æ—Ä–º–∞—Ü–∏–æ–Ω–Ω–æ-–∫–æ–Ω—Å—É–ª—å—Ç–∞—Ç–∏–≤–Ω–æ–π –∫–æ–º–ø–∞–Ω–∏–∏ \"–î–æ–Ω—Å–µ\". –ü–µ—Ä–µ–¥–∞–π—Ç–µ, –ø–æ–∂–∞–ª—É–π—Å—Ç–∞, –º–æ–∏ –Ω–∞–∏–ª—É—á—à–∏–µ –ø–æ–∂–µ–ª–∞–Ω–∏—è –í–∞—à–µ–º—É –≥–µ–Ω–µ—Ä–∞–ª—å–Ω–æ–º—É –¥–∏—Ä–µ–∫—Ç–æ—Ä—É! –ú—ã —Ç–æ–∂–µ –∑–∞–Ω–∏–º–∞—Ç—å—Å—è —Ç–∞–∫–∏–º–∏ —É—Å–ª—É–≥–∞–º–∏, –∫–∞–∫ –≤—ã. –ò –º—ã —Ö–æ—Ç–∏–º —É–∑–Ω–∞—Ç—å, –µ—Å—Ç—å –ª–∏ –≤–æ–∑–º–æ–∂–Ω–æ—Å—Ç—å –±—ã —Å–æ—Ç—Ä'),
  (0, '', '', '', ''),
  (0, '', '', '', ''),
  (0, '–†–æ—Å—Ç–∏—Å–ª–∞–≤', 'zelezovik@yandex.com', '–ü–æ –ø–æ–≤–æ–¥—É –æ—à–∏–±–æ–∫ –Ω–∞ –≤–∞—à–µ–º —Å–∞–π—Ç–µ', '–ü—Ä–∏–≤–µ—Ç!\r\n\r\n–ü–æ–Ω—Ä–∞–≤–∏–ª—Å—è –≤–∞—à —Å–∞–π—Ç, —Ä–µ—à–∏–ª –Ω–∞–ø–∏—Å–∞—Ç—å.\r\n\r\n–û–±—Ä–∞—Ç–∏–ª –≤–Ω–∏–º–∞–Ω–∏–µ, —á—Ç–æ –Ω–∞ –≤–∞—à–µ–º —Å–∞–π—Ç–µ –ø–ª–æ—Ö–æ –Ω–∞—Å—Ç—Ä–æ–µ–Ω —Å–±–æ—Ä –ø–æ–¥–ø–∏—Å—á–∏–∫–æ–≤ –∏ –∑–∞—è–≤–æ–∫. –ù–∞–≤–µ—Ä–Ω—è–∫–∞, –∏–∑-–∑–∞ —ç—Ç–æ–≥–æ –∫–æ–Ω–≤–µ—Ä—Å–∏—è —Å–∞–π—Ç–∞ –Ω–∏–∂–µ, —á–µ–º –¥–æ–ª–∂–Ω–∞ –±—ã—Ç—å –∏ –≤—ã —Ç–µ—Ä—è–µ—Ç–µ –º–Ω–æ–≥–æ –∫–ª–∏–µ–Ω—Ç–æ–≤. –£ –º–µ–Ω—è –Ω–µ–±–æ–ª—å—à–æ–π –∏–Ω—Ç–µ—Ä–Ω–µ—Ç-–º–∞–≥–∞–∑–∏–Ω, –≤ —Å–≤–æ–µ –≤—Ä–µ–º—è —Ä–µ—à–∏—Ç—å –ø—Ä–æ–'),
  (0, '–ê—Ä—Ç—É—Ä', 'fedely@inbox.ru', '–ù–∞—à–µ–ª –ø—Ä–æ–±–ª–µ–º—É —É –≤–∞—Å –Ω–∞ —Å–∞–π—Ç–µ', '–ó–¥—Ä–∞–≤—Å—Ç–≤—É–π—Ç–µ.\r\n\r\n–£ –≤–∞—Å —Ö–æ—Ä–æ—à–∏–π —Å–∞–π—Ç, –Ω–æ —è –Ω–∞—à–µ–ª –æ–¥–∏–Ω –±–æ–ª—å—à–æ–π –Ω–µ–¥–æ—Å—Ç–∞—Ç–æ–∫.\r\n\r\n–ó–∞–º–µ—Ç–∏–ª, —á—Ç–æ –≤—ã –Ω–µ –æ—Å—Ç–∞–Ω–∞–≤–ª–∏–≤–∞–µ—Ç–µ –ø–æ—Å–µ—Ç–∏—Ç–µ–ª–µ–π, –∫–æ—Ç–æ—Ä—ã–µ –ø—ã—Ç–∞—é—Ç—Å—è —É–π—Ç–∏ —Å —Å–∞–π—Ç–∞ –±–µ–∑ –ø–æ–∫—É–ø–∫–∏ –∏–ª–∏ –∑–∞—è–≤–∫–∏. –£–≤–µ—Ä–µ–Ω, —á—Ç–æ –∏–∑-–∑–∞ —ç—Ç–æ–≥–æ –≤—ã —Ç–µ—Ä—è–µ—Ç–µ –º–Ω–æ–≥–æ –∫–ª–∏–µ–Ω—Ç–æ–≤. –£ –º–µ–Ω—è —Å–∞–º–æ–≥–æ –º–∞–≥–∞–∑–∏–Ω –∏ –¥–ª—è –æ—Å—Ç–∞–Ω–æ–≤–∫–∏ —É—Ö–æ–¥—è—â–∏—Ö –ø–æ—Å–'),
  (0, 'NetCenter Domain', 'noreply@netcenterdomain.com', 'status.361076.ru Expiration Notice', 'Disclaimer: We are not liable for any financial loss, lost data, missed customers, loss of search engine rankings, undelivered email or any other damages that you may incur due to the expiration of status.361076.ru. For further information please refer to section 12.b.7a of our User Agreement. \n\n This is your final notification to renew status.361076.ru: \n\n https://netcenterdomain.com/?n=status.361076.ru&r=a \n\n In the event that you allow status.361076.ru to expire, the listing will be automatic'),
  (0, 'DomainPortal Net', 'noreply@domainportalnet.com', 'status.361076.ru Expiration Notice', 'Disclaimer: We are not liable for any financial loss, lost data, missed customers, loss of search engine rankings, undelivered email or any other damages that you may incur due to the expiration of status.361076.ru. For further information please refer to section 12.b.7a of our User Agreement. \n\n This is your final notification to renew status.361076.ru: \n\n https://domainportalnet.com/?n=status.361076.ru&r=a \n\n In the event that you allow status.361076.ru to expire, the listing will be automatic');
UNLOCK TABLES;

-- 
-- Table structure for table  sud_stat
-- 

DROP TABLE IF EXISTS sud_stat;
CREATE TABLE `sud_stat` (
  `pd` int(5) NOT NULL,
  `gd` int(5) NOT NULL,
  `ad` int(5) NOT NULL,
  `ard` int(5) NOT NULL,
  `bd` int(5) NOT NULL
) ENGINE=InnoDB DEFAULT CHARSET=utf8;

-- 
-- Dumping data for table sud_stat
-- 

LOCK TABLES sud_stat WRITE;
INSERT INTO sud_stat VALUES
  (113, 1093, 26, 157, 55),
  (2, 11, 1, 2, 6);
UNLOCK TABLES;

/*!40014 SET FOREIGN_KEY_CHECKS=@OLD_FOREIGN_KEY_CHECKS */;
/*!40101 SET SQL_MODE=@OLD_SQL_MODE */;
